[26Jul2026 11:04:28.267] [main/INFO] [cpw.mods.modlauncher.Launcher/MODLAUNCHER]: ModLauncher running: args [--username, Axiinyaa, --version, 1.21.1, --gameDir, /home/axii/.local/share/PrismLauncher/instances/dode/minecraft, --assetsDir, /home/axii/.local/share/PrismLauncher/assets, --assetIndex, 17, --uuid, 47dc7b42911348d0bfae31b2b56bcaed, --accessToken, ❄❄❄❄❄❄❄❄, --userType, msa, --versionType, release, --fml.neoForgeVersion, 21.1.243, --fml.fmlVersion, 4.0.43, --fml.mcVersion, 1.21.1, --fml.neoFormVersion, 20240808.144430, --launchTarget, forgeclient, --width, 854, --height, 480]
[26Jul2026 11:04:28.269] [main/INFO] [cpw.mods.modlauncher.Launcher/MODLAUNCHER]: JVM identified as Microsoft OpenJDK 64-Bit Server VM 21.0.7+6-LTS
[26Jul2026 11:04:28.270] [main/INFO] [cpw.mods.modlauncher.Launcher/MODLAUNCHER]: ModLauncher 11.0.5+main.901c6ea8 starting: java version 21.0.7 by Microsoft; OS Linux arch amd64 version 7.0.14-201.fc44.x86_64
[26Jul2026 11:04:28.409] [main/INFO] [Sodium-GraphicsAdapterProbe/]: Searching for graphics cards...
[26Jul2026 11:04:28.433] [main/INFO] [Sodium-GraphicsAdapterProbe/]: Found graphics adapter: LinuxPciAdapterInfo[vendor=AMD, name=Navi 22 [Radeon RX 6700/6700 XT/6750 XT / 6800M/6850M XT], pciVendorId=0x1002, pciDeviceId=0x73df]
[26Jul2026 11:04:28.436] [main/WARN] [Sodium-Workarounds/]: Sodium has applied one or more workarounds to prevent crashes or other issues on your system: [NO_ERROR_CONTEXT_UNSUPPORTED]
[26Jul2026 11:04:28.436] [main/WARN] [Sodium-Workarounds/]: This is not necessarily an issue, but it may result in certain features or optimizations being disabled. You can sometimes fix these issues by upgrading your graphics driver.
[26Jul2026 11:04:28.436] [main/INFO] [net.neoforged.fml.loading.ImmediateWindowHandler/]: Loading ImmediateWindowProvider fmlearlywindow
[26Jul2026 11:04:28.487] [main/INFO] [EARLYDISPLAY/]: Trying GL version 4.6
[26Jul2026 11:04:28.533] [main/INFO] [EARLYDISPLAY/]: Requested GL version 4.6 got version 4.6
[26Jul2026 11:04:28.601] [main/INFO] [mixin/]: SpongePowered MIXIN Subsystem Version=0.8.7 Source=union:/home/axii/.local/share/PrismLauncher/libraries/net/fabricmc/sponge-mixin/0.15.2+mixin.0.8.7/sponge-mixin-0.15.2+mixin.0.8.7.jar%23163!/ Service=ModLauncher Env=CLIENT
[26Jul2026 11:04:28.699] [pool-2-thread-1/INFO] [EARLYDISPLAY/]: GL info: AMD Radeon RX 6700 XT (radeonsi, navi22, ACO, DRM 3.64, 7.0.14-201.fc44.x86_64) GL version 4.6 (Core Profile) Mesa 26.1.5, AMD
[26Jul2026 11:04:28.814] [main/INFO] [net.neoforged.fml.loading.moddiscovery.ModDiscoverer/SCAN]: Found mod file "client-1.21.1-20240808.144430-srg.jar" [locator: production client provider +net.neoforged:neoforge:21.1.243:client]
[26Jul2026 11:04:28.826] [main/INFO] [net.neoforged.fml.loading.moddiscovery.ModDiscoverer/SCAN]: Found mod file "neoforge-21.1.243-universal.jar" [locator: PathBasedLocator[name=neoforge, paths=[/home/axii/.local/share/PrismLauncher/libraries/net/neoforged/neoforge/21.1.243/neoforge-21.1.243-universal.jar]], reader: mod manifest]
[26Jul2026 11:04:28.842] [main/INFO] [net.neoforged.fml.loading.moddiscovery.ModDiscoverer/SCAN]: Found mod file "net.caffeinemc.sodium-neoforge-0.8.12+mc1.21.1-mod.jar" [locator: net.caffeinemc.mods.sodium.service.SodiumServiceModLocator@5e4fa1da, reader: mod manifest]
[26Jul2026 11:04:28.845] [main/INFO] [net.neoforged.fml.loading.moddiscovery.ModDiscoverer/SCAN]: Found mod file "fabric-rendering-data-attachment-v1-0.3.48+73761d2e19.jar" [locator: net.caffeinemc.mods.sodium.service.SodiumServiceModLocator@5e4fa1da, reader: mod manifest]
[26Jul2026 11:04:28.848] [main/INFO] [net.neoforged.fml.loading.moddiscovery.ModDiscoverer/SCAN]: Found mod file "fabric-renderer-api-v1-3.4.1+9125b6dc19.jar" [locator: net.caffeinemc.mods.sodium.service.SodiumServiceModLocator@5e4fa1da, reader: mod manifest]
[26Jul2026 11:04:28.850] [main/INFO] [net.neoforged.fml.loading.moddiscovery.ModDiscoverer/SCAN]: Found mod file "fabric-block-view-api-v2-1.0.10+9afaaf8c19.jar" [locator: net.caffeinemc.mods.sodium.service.SodiumServiceModLocator@5e4fa1da, reader: mod manifest]
[26Jul2026 11:04:28.853] [main/INFO] [net.neoforged.fml.loading.moddiscovery.ModDiscoverer/SCAN]: Found mod file "fabric-api-base-0.4.42+d1308ded19.jar" [locator: net.caffeinemc.mods.sodium.service.SodiumServiceModLocator@5e4fa1da, reader: mod manifest]
[26Jul2026 11:04:28.855] [main/INFO] [net.neoforged.fml.loading.moddiscovery.ModDiscoverer/SCAN]: Found library file "~nonexistent" [locator: org.sinytra.connector.locator.ConnectorEarlyLocatorBootstrap@6be25526]
[26Jul2026 11:04:28.859] [main/INFO] [net.neoforged.fml.loading.moddiscovery.ModDiscoverer/SCAN]: Found mod file "AdLods-1.21.1-9.1.6.0-NeoForge-build.0996.jar" [locator: {mods folder locator at /home/axii/.local/share/PrismLauncher/instances/dode/minecraft/mods}, reader: mod manifest]
[26Jul2026 11:04:28.861] [main/INFO] [net.neoforged.fml.loading.moddiscovery.ModDiscoverer/SCAN]: Found mod file "AI-Improvements-1.21-0.5.3.jar" [locator: {mods folder locator at /home/axii/.local/share/PrismLauncher/instances/dode/minecraft/mods}, reader: mod manifest]
[26Jul2026 11:04:28.864] [main/INFO] [net.neoforged.fml.loading.moddiscovery.ModDiscoverer/SCAN]: Found mod file "amwplushies-neoforge-1.21.1-5.0.3.jar" [locator: {mods folder locator at /home/axii/.local/share/PrismLauncher/instances/dode/minecraft/mods}, reader: mod manifest]
[26Jul2026 11:04:28.865] [main/INFO] [net.neoforged.fml.loading.moddiscovery.ModDiscoverer/SCAN]: Found mod file "appleskin-neoforge-mc1.21-3.0.9.jar" [locator: {mods folder locator at /home/axii/.local/share/PrismLauncher/instances/dode/minecraft/mods}, reader: mod manifest]
[26Jul2026 11:04:28.867] [main/INFO] [net.neoforged.fml.loading.moddiscovery.ModDiscoverer/SCAN]: Found mod file "architectury-13.0.11-neoforge.jar" [locator: {mods folder locator at /home/axii/.local/share/PrismLauncher/instances/dode/minecraft/mods}, reader: mod manifest]
[26Jul2026 11:04:28.868] [main/INFO] [net.neoforged.fml.loading.moddiscovery.ModDiscoverer/SCAN]: Found mod file "badpackets-neo-0.8.2.jar" [locator: {mods folder locator at /home/axii/.local/share/PrismLauncher/instances/dode/minecraft/mods}, reader: mod manifest]
[26Jul2026 11:04:28.869] [main/INFO] [net.neoforged.fml.loading.moddiscovery.ModDiscoverer/SCAN]: Found mod file "balm-neoforge-1.21.1-21.0.63.jar" [locator: {mods folder locator at /home/axii/.local/share/PrismLauncher/instances/dode/minecraft/mods}, reader: mod manifest]
[26Jul2026 11:04:28.872] [main/INFO] [net.neoforged.fml.loading.moddiscovery.ModDiscoverer/SCAN]: Found mod file "better-babies-0.7.13.jar" [locator: {mods folder locator at /home/axii/.local/share/PrismLauncher/instances/dode/minecraft/mods}, reader: mod manifest]
[26Jul2026 11:04:28.874] [main/INFO] [net.neoforged.fml.loading.moddiscovery.ModDiscoverer/SCAN]: Found mod file "better_campfires-2.1.0+1.21.1-neoforge.jar" [locator: {mods folder locator at /home/axii/.local/share/PrismLauncher/instances/dode/minecraft/mods}, reader: mod manifest]
[26Jul2026 11:04:28.876] [main/INFO] [net.neoforged.fml.loading.moddiscovery.ModDiscoverer/SCAN]: Found mod file "blueprint-1.21.1-8.1.1.jar" [locator: {mods folder locator at /home/axii/.local/share/PrismLauncher/instances/dode/minecraft/mods}, reader: mod manifest]
[26Jul2026 11:04:28.878] [main/INFO] [net.neoforged.fml.loading.moddiscovery.ModDiscoverer/SCAN]: Found mod file "bountiful-neoforge-8.0.0-beta.2.jar" [locator: {mods folder locator at /home/axii/.local/share/PrismLauncher/instances/dode/minecraft/mods}, reader: mod manifest]
[26Jul2026 11:04:28.879] [main/INFO] [net.neoforged.fml.loading.moddiscovery.ModDiscoverer/SCAN]: Found mod file "bountifulbaubles-1.2.5.jar" [locator: {mods folder locator at /home/axii/.local/share/PrismLauncher/instances/dode/minecraft/mods}, reader: mod manifest]
[26Jul2026 11:04:28.882] [main/INFO] [net.neoforged.fml.loading.moddiscovery.ModDiscoverer/SCAN]: Found mod file "burnt_basic-1.10.3.7-neoforge-1.21.1.jar" [locator: {mods folder locator at /home/axii/.local/share/PrismLauncher/instances/dode/minecraft/mods}, reader: mod manifest]
[26Jul2026 11:04:28.883] [main/INFO] [net.neoforged.fml.loading.moddiscovery.ModDiscoverer/SCAN]: Found mod file "carryon-neoforge-1.21.1-2.2.5.8.jar" [locator: {mods folder locator at /home/axii/.local/share/PrismLauncher/instances/dode/minecraft/mods}, reader: mod manifest]
[26Jul2026 11:04:28.884] [main/INFO] [net.neoforged.fml.loading.moddiscovery.ModDiscoverer/SCAN]: Found mod file "chat_heads-0.15.3-neoforge-1.21.jar" [locator: {mods folder locator at /home/axii/.local/share/PrismLauncher/instances/dode/minecraft/mods}, reader: mod manifest]
[26Jul2026 11:04:28.885] [main/INFO] [net.neoforged.fml.loading.moddiscovery.ModDiscoverer/SCAN]: Found mod file "chatanimation-neoforge-1.3.1+mc1.21.jar" [locator: {mods folder locator at /home/axii/.local/share/PrismLauncher/instances/dode/minecraft/mods}, reader: mod manifest]
[26Jul2026 11:04:28.886] [main/INFO] [net.neoforged.fml.loading.moddiscovery.ModDiscoverer/SCAN]: Found mod file "cloth-config-15.0.140-neoforge.jar" [locator: {mods folder locator at /home/axii/.local/share/PrismLauncher/instances/dode/minecraft/mods}, reader: mod manifest]
[26Jul2026 11:04:28.887] [main/INFO] [net.neoforged.fml.loading.moddiscovery.ModDiscoverer/SCAN]: Found mod file "Clumps-neoforge-1.21.1-19.0.0.1.jar" [locator: {mods folder locator at /home/axii/.local/share/PrismLauncher/instances/dode/minecraft/mods}, reader: mod manifest]
[26Jul2026 11:04:28.888] [main/INFO] [net.neoforged.fml.loading.moddiscovery.ModDiscoverer/SCAN]: Found mod file "collective-1.21.1-8.39.jar" [locator: {mods folder locator at /home/axii/.local/share/PrismLauncher/instances/dode/minecraft/mods}, reader: mod manifest]
[26Jul2026 11:04:28.890] [main/INFO] [net.neoforged.fml.loading.moddiscovery.ModDiscoverer/SCAN]: Found mod file "comfortable_campfires-2.0.1+1.21.1-neoforge.jar" [locator: {mods folder locator at /home/axii/.local/share/PrismLauncher/instances/dode/minecraft/mods}, reader: mod manifest]
[26Jul2026 11:04:28.891] [main/INFO] [net.neoforged.fml.loading.moddiscovery.ModDiscoverer/SCAN]: Found mod file "comforts-neoforge-9.0.5+1.21.1.jar" [locator: {mods folder locator at /home/axii/.local/share/PrismLauncher/instances/dode/minecraft/mods}, reader: mod manifest]
[26Jul2026 11:04:28.893] [main/INFO] [net.neoforged.fml.loading.moddiscovery.ModDiscoverer/SCAN]: Found mod file "continuity-3.0.0+1.21.neoforge.jar" [locator: {mods folder locator at /home/axii/.local/share/PrismLauncher/instances/dode/minecraft/mods}, reader: mod manifest]
[26Jul2026 11:04:28.894] [main/INFO] [net.neoforged.fml.loading.moddiscovery.ModDiscoverer/SCAN]: Found mod file "Controlling-neoforge-1.21.1-19.0.5.jar" [locator: {mods folder locator at /home/axii/.local/share/PrismLauncher/instances/dode/minecraft/mods}, reader: mod manifest]
[26Jul2026 11:04:28.896] [main/INFO] [net.neoforged.fml.loading.moddiscovery.ModDiscoverer/SCAN]: Found mod file "copycats-3.0.4+mc.1.21.1-neoforge.jar" [locator: {mods folder locator at /home/axii/.local/share/PrismLauncher/instances/dode/minecraft/mods}, reader: mod manifest]
[26Jul2026 11:04:28.900] [main/INFO] [net.neoforged.fml.loading.moddiscovery.ModDiscoverer/SCAN]: Found mod file "create-1.21.1-6.0.10.jar" [locator: {mods folder locator at /home/axii/.local/share/PrismLauncher/instances/dode/minecraft/mods}, reader: mod manifest]
[26Jul2026 11:04:28.901] [main/INFO] [net.neoforged.fml.loading.moddiscovery.ModDiscoverer/SCAN]: Found mod file "create-aeronautics-bundled-1.21.1-1.3.0.jar" [locator: {mods folder locator at /home/axii/.local/share/PrismLauncher/instances/dode/minecraft/mods}, reader: mod manifest]
[26Jul2026 11:04:28.902] [main/INFO] [net.neoforged.fml.loading.moddiscovery.ModDiscoverer/SCAN]: Found mod file "Create-Numismatic Bounties-universal.jar" [locator: {mods folder locator at /home/axii/.local/share/PrismLauncher/instances/dode/minecraft/mods}, reader: mod manifest]
[26Jul2026 11:04:28.904] [main/INFO] [net.neoforged.fml.loading.moddiscovery.ModDiscoverer/SCAN]: Found mod file "create_connected-1.3.2-mc1.21.1.jar" [locator: {mods folder locator at /home/axii/.local/share/PrismLauncher/instances/dode/minecraft/mods}, reader: mod manifest]
[26Jul2026 11:04:28.906] [main/INFO] [net.neoforged.fml.loading.moddiscovery.ModDiscoverer/SCAN]: Found mod file "createaddition-1.6.0.jar" [locator: {mods folder locator at /home/axii/.local/share/PrismLauncher/instances/dode/minecraft/mods}, reader: mod manifest]
[26Jul2026 11:04:28.907] [main/INFO] [net.neoforged.fml.loading.moddiscovery.ModDiscoverer/SCAN]: Found mod file "CreateNumismatics-1.0.20+neoforge-mc1.21.1.jar" [locator: {mods folder locator at /home/axii/.local/share/PrismLauncher/instances/dode/minecraft/mods}, reader: mod manifest]
[26Jul2026 11:04:28.909] [main/INFO] [net.neoforged.fml.loading.moddiscovery.ModDiscoverer/SCAN]: Found mod file "createpropulsion-1.1.5.jar" [locator: {mods folder locator at /home/axii/.local/share/PrismLauncher/instances/dode/minecraft/mods}, reader: mod manifest]
[26Jul2026 11:04:28.911] [main/INFO] [net.neoforged.fml.loading.moddiscovery.ModDiscoverer/SCAN]: Found mod file "createrailgrinding-1.2.1.jar" [locator: {mods folder locator at /home/axii/.local/share/PrismLauncher/instances/dode/minecraft/mods}, reader: mod manifest]
[26Jul2026 11:04:28.914] [main/INFO] [net.neoforged.fml.loading.moddiscovery.ModDiscoverer/SCAN]: Found mod file "crittersandcompanions-neoforge-1.21.1-2.6.2.jar" [locator: {mods folder locator at /home/axii/.local/share/PrismLauncher/instances/dode/minecraft/mods}, reader: mod manifest]
[26Jul2026 11:04:28.915] [main/INFO] [net.neoforged.fml.loading.moddiscovery.ModDiscoverer/SCAN]: Found mod file "curios-neoforge-9.5.1+1.21.1.jar" [locator: {mods folder locator at /home/axii/.local/share/PrismLauncher/instances/dode/minecraft/mods}, reader: mod manifest]
[26Jul2026 11:04:28.946] [main/WARN] [net.neoforged.fml.loading.moddiscovery.ModDiscoverer/SCAN]: Skipping jar. File mods/DAP ur HOMIE (Bully ur Homie).jar is a Fabric mod and cannot be loaded
[26Jul2026 11:04:28.948] [main/INFO] [net.neoforged.fml.loading.moddiscovery.ModDiscoverer/SCAN]: Found mod file "developer-resources-1.6.3.jar" [locator: {mods folder locator at /home/axii/.local/share/PrismLauncher/instances/dode/minecraft/mods}, reader: mod manifest]
[26Jul2026 11:04:28.949] [main/INFO] [net.neoforged.fml.loading.moddiscovery.ModDiscoverer/SCAN]: Found mod file "distraction_free_recipes-neoforge-1.2.1-1.21.1.jar" [locator: {mods folder locator at /home/axii/.local/share/PrismLauncher/instances/dode/minecraft/mods}, reader: mod manifest]
[26Jul2026 11:04:28.950] [main/INFO] [net.neoforged.fml.loading.moddiscovery.ModDiscoverer/SCAN]: Found mod file "dynamiccrosshair-9.11+1.21.1-neoforge.jar" [locator: {mods folder locator at /home/axii/.local/share/PrismLauncher/instances/dode/minecraft/mods}, reader: mod manifest]
[26Jul2026 11:04:28.951] [main/INFO] [net.neoforged.fml.loading.moddiscovery.ModDiscoverer/SCAN]: Found mod file "e4mc-neoforge-6.2.0.jar" [locator: {mods folder locator at /home/axii/.local/share/PrismLauncher/instances/dode/minecraft/mods}, reader: mod manifest]
[26Jul2026 11:04:28.952] [main/INFO] [net.neoforged.fml.loading.moddiscovery.ModDiscoverer/SCAN]: Found mod file "emi-1.1.24+1.21.1+neoforge.jar" [locator: {mods folder locator at /home/axii/.local/share/PrismLauncher/instances/dode/minecraft/mods}, reader: mod manifest]
[26Jul2026 11:04:28.953] [main/INFO] [net.neoforged.fml.loading.moddiscovery.ModDiscoverer/SCAN]: Found mod file "emi_enchanting-0.1.2+1.21+neoforge.jar" [locator: {mods folder locator at /home/axii/.local/share/PrismLauncher/instances/dode/minecraft/mods}, reader: mod manifest]
[26Jul2026 11:04:28.954] [main/INFO] [net.neoforged.fml.loading.moddiscovery.ModDiscoverer/SCAN]: Found mod file "emi_loot-0.7.9+1.21+neoforge.jar" [locator: {mods folder locator at /home/axii/.local/share/PrismLauncher/instances/dode/minecraft/mods}, reader: mod manifest]
[26Jul2026 11:04:28.955] [main/INFO] [net.neoforged.fml.loading.moddiscovery.ModDiscoverer/SCAN]: Found mod file "emi_ores-1.3+1.21.1+neoforge.jar" [locator: {mods folder locator at /home/axii/.local/share/PrismLauncher/instances/dode/minecraft/mods}, reader: mod manifest]
[26Jul2026 11:04:28.956] [main/INFO] [net.neoforged.fml.loading.moddiscovery.ModDiscoverer/SCAN]: Found mod file "EMIProfessions-neoforge-1.21.1-1.0.3.jar" [locator: {mods folder locator at /home/axii/.local/share/PrismLauncher/instances/dode/minecraft/mods}, reader: mod manifest]
[26Jul2026 11:04:28.958] [main/INFO] [net.neoforged.fml.loading.moddiscovery.ModDiscoverer/SCAN]: Found mod file "entity_model_features-3.2.4-1.21-neoforge.jar" [locator: {mods folder locator at /home/axii/.local/share/PrismLauncher/instances/dode/minecraft/mods}, reader: mod manifest]
[26Jul2026 11:04:28.959] [main/INFO] [net.neoforged.fml.loading.moddiscovery.ModDiscoverer/SCAN]: Found mod file "entity_texture_features_1.21-neoforge-7.1.jar" [locator: {mods folder locator at /home/axii/.local/share/PrismLauncher/instances/dode/minecraft/mods}, reader: mod manifest]
[26Jul2026 11:04:28.959] [main/INFO] [net.neoforged.fml.loading.moddiscovery.ModDiscoverer/SCAN]: Found mod file "entityculling-neoforge-1.10.5-mc1.21.1.jar" [locator: {mods folder locator at /home/axii/.local/share/PrismLauncher/instances/dode/minecraft/mods}, reader: mod manifest]
[26Jul2026 11:04:28.960] [main/INFO] [net.neoforged.fml.loading.moddiscovery.ModDiscoverer/SCAN]: Found mod file "fallingtrees-neoforge-1.21.1-0.14.0.jar" [locator: {mods folder locator at /home/axii/.local/share/PrismLauncher/instances/dode/minecraft/mods}, reader: mod manifest]
[26Jul2026 11:04:28.962] [main/INFO] [net.neoforged.fml.loading.moddiscovery.ModDiscoverer/SCAN]: Found mod file "FarmersDelight-1.21.1-1.3.2.jar" [locator: {mods folder locator at /home/axii/.local/share/PrismLauncher/instances/dode/minecraft/mods}, reader: mod manifest]
[26Jul2026 11:04:28.966] [main/INFO] [net.neoforged.fml.loading.moddiscovery.ModDiscoverer/SCAN]: Found mod file "ferritecore-7.0.3-neoforge.jar" [locator: {mods folder locator at /home/axii/.local/share/PrismLauncher/instances/dode/minecraft/mods}, reader: mod manifest]
[26Jul2026 11:04:28.967] [main/INFO] [net.neoforged.fml.loading.moddiscovery.ModDiscoverer/SCAN]: Found mod file "ForgeEndertech-1.21.1-12.1.2.2-NeoForge-build.0879.jar" [locator: {mods folder locator at /home/axii/.local/share/PrismLauncher/instances/dode/minecraft/mods}, reader: mod manifest]
[26Jul2026 11:04:28.969] [main/INFO] [net.neoforged.fml.loading.moddiscovery.ModDiscoverer/SCAN]: Found mod file "forgified-fabric-api-0.116.14+2.3.0+1.21.1.jar" [locator: {mods folder locator at /home/axii/.local/share/PrismLauncher/instances/dode/minecraft/mods}, reader: mod manifest]
[26Jul2026 11:04:28.970] [main/INFO] [net.neoforged.fml.loading.moddiscovery.ModDiscoverer/SCAN]: Found mod file "ftb-library-neoforge-2101.1.33.jar" [locator: {mods folder locator at /home/axii/.local/share/PrismLauncher/instances/dode/minecraft/mods}, reader: mod manifest]
[26Jul2026 11:04:28.971] [main/INFO] [net.neoforged.fml.loading.moddiscovery.ModDiscoverer/SCAN]: Found mod file "ftb-quests-neoforge-2101.1.27.jar" [locator: {mods folder locator at /home/axii/.local/share/PrismLauncher/instances/dode/minecraft/mods}, reader: mod manifest]
[26Jul2026 11:04:28.977] [main/INFO] [net.neoforged.fml.loading.moddiscovery.ModDiscoverer/SCAN]: Found mod file "ftb-teams-neoforge-2101.1.10.jar" [locator: {mods folder locator at /home/axii/.local/share/PrismLauncher/instances/dode/minecraft/mods}, reader: mod manifest]
[26Jul2026 11:04:28.979] [main/INFO] [net.neoforged.fml.loading.moddiscovery.ModDiscoverer/SCAN]: Found mod file "fzzy_config-0.7.6+1.21+neoforge.jar" [locator: {mods folder locator at /home/axii/.local/share/PrismLauncher/instances/dode/minecraft/mods}, reader: mod manifest]
[26Jul2026 11:04:28.980] [main/INFO] [net.neoforged.fml.loading.moddiscovery.ModDiscoverer/SCAN]: Found mod file "geckolib-neoforge-1.21.1-4.9.2.jar" [locator: {mods folder locator at /home/axii/.local/share/PrismLauncher/instances/dode/minecraft/mods}, reader: mod manifest]
[26Jul2026 11:04:28.981] [main/INFO] [net.neoforged.fml.loading.moddiscovery.ModDiscoverer/SCAN]: Found mod file "gliders-1.21.1-neoforge-1.1.8.jar" [locator: {mods folder locator at /home/axii/.local/share/PrismLauncher/instances/dode/minecraft/mods}, reader: mod manifest]
[26Jul2026 11:04:28.981] [main/INFO] [net.neoforged.fml.loading.moddiscovery.ModDiscoverer/SCAN]: Found mod file "GlitchCore-neoforge-1.21.1-2.1.0.2.jar" [locator: {mods folder locator at /home/axii/.local/share/PrismLauncher/instances/dode/minecraft/mods}, reader: mod manifest]
[26Jul2026 11:04:28.982] [main/INFO] [net.neoforged.fml.loading.moddiscovery.ModDiscoverer/SCAN]: Found mod file "GoldenDandelionBackport-1.21.1-1.0.6.0.jar" [locator: {mods folder locator at /home/axii/.local/share/PrismLauncher/instances/dode/minecraft/mods}, reader: mod manifest]
[26Jul2026 11:04:28.983] [main/INFO] [net.neoforged.fml.loading.moddiscovery.ModDiscoverer/SCAN]: Found mod file "Highlighter-1.21-neoforge-1.1.11.jar" [locator: {mods folder locator at /home/axii/.local/share/PrismLauncher/instances/dode/minecraft/mods}, reader: mod manifest]
[26Jul2026 11:04:28.984] [main/INFO] [net.neoforged.fml.loading.moddiscovery.ModDiscoverer/SCAN]: Found mod file "Iceberg-1.21.1-neoforge-1.3.2.jar" [locator: {mods folder locator at /home/axii/.local/share/PrismLauncher/instances/dode/minecraft/mods}, reader: mod manifest]
[26Jul2026 11:04:28.987] [main/INFO] [net.neoforged.fml.loading.moddiscovery.ModDiscoverer/SCAN]: Found mod file "iChunUtil-1.21-NeoForge-1.0.3.jar" [locator: {mods folder locator at /home/axii/.local/share/PrismLauncher/instances/dode/minecraft/mods}, reader: mod manifest]
[26Jul2026 11:04:28.988] [main/INFO] [net.neoforged.fml.loading.moddiscovery.ModDiscoverer/SCAN]: Found mod file "ImmediatelyFast-NeoForge-1.6.11+1.21.1.jar" [locator: {mods folder locator at /home/axii/.local/share/PrismLauncher/instances/dode/minecraft/mods}, reader: mod manifest]
[26Jul2026 11:04:28.989] [main/INFO] [net.neoforged.fml.loading.moddiscovery.ModDiscoverer/SCAN]: Found mod file "immersive_melodies-neoforge-0.6.4+1.21.1.jar" [locator: {mods folder locator at /home/axii/.local/share/PrismLauncher/instances/dode/minecraft/mods}, reader: mod manifest]
[26Jul2026 11:04:28.991] [main/INFO] [net.neoforged.fml.loading.moddiscovery.ModDiscoverer/SCAN]: Found mod file "iris-neoforge-1.8.14-beta.1+mc1.21.1.jar" [locator: {mods folder locator at /home/axii/.local/share/PrismLauncher/instances/dode/minecraft/mods}, reader: mod manifest]
[26Jul2026 11:04:28.992] [main/INFO] [net.neoforged.fml.loading.moddiscovery.ModDiscoverer/SCAN]: Found mod file "Item-Obliterator-NeoForge-MC1.21.1-2.3.0.jar" [locator: {mods folder locator at /home/axii/.local/share/PrismLauncher/instances/dode/minecraft/mods}, reader: mod manifest]
[26Jul2026 11:04:28.993] [main/INFO] [net.neoforged.fml.loading.moddiscovery.ModDiscoverer/SCAN]: Found mod file "kambrik-neoforge-8.0.0-beta.2.jar" [locator: {mods folder locator at /home/axii/.local/share/PrismLauncher/instances/dode/minecraft/mods}, reader: mod manifest]
[26Jul2026 11:04:28.994] [main/INFO] [net.neoforged.fml.loading.moddiscovery.ModDiscoverer/SCAN]: Found mod file "keep-some-inventory-v2.0.1.jar" [locator: {mods folder locator at /home/axii/.local/share/PrismLauncher/instances/dode/minecraft/mods}, reader: mod manifest]
[26Jul2026 11:04:28.995] [main/INFO] [net.neoforged.fml.loading.moddiscovery.ModDiscoverer/SCAN]: Found mod file "kissmod-2.0.0-alpha.2+mc1.21.1-neoforge.jar" [locator: {mods folder locator at /home/axii/.local/share/PrismLauncher/instances/dode/minecraft/mods}, reader: mod manifest]
[26Jul2026 11:04:28.996] [main/INFO] [net.neoforged.fml.loading.moddiscovery.ModDiscoverer/SCAN]: Found mod file "Kiwi-1.21.1-NeoForge-15.8.7.jar" [locator: {mods folder locator at /home/axii/.local/share/PrismLauncher/instances/dode/minecraft/mods}, reader: mod manifest]
[26Jul2026 11:04:28.997] [main/INFO] [net.neoforged.fml.loading.moddiscovery.ModDiscoverer/SCAN]: Found library file "kotlinforforge-5.12.0-all.jar" [locator: {mods folder locator at /home/axii/.local/share/PrismLauncher/instances/dode/minecraft/mods}, reader: mod manifest]
[26Jul2026 11:04:28.998] [main/INFO] [net.neoforged.fml.loading.moddiscovery.ModDiscoverer/SCAN]: Found library file "KotlinLangForge-2.12.2-k2.4.10-3.0+neoforge.jar" [locator: {mods folder locator at /home/axii/.local/share/PrismLauncher/instances/dode/minecraft/mods}, reader: mod manifest]
[26Jul2026 11:04:28.999] [main/INFO] [net.neoforged.fml.loading.moddiscovery.ModDiscoverer/SCAN]: Found mod file "kubejs-create-neoforge-2101.3.1-build.18.jar" [locator: {mods folder locator at /home/axii/.local/share/PrismLauncher/instances/dode/minecraft/mods}, reader: mod manifest]
[26Jul2026 11:04:29.000] [main/INFO] [net.neoforged.fml.loading.moddiscovery.ModDiscoverer/SCAN]: Found mod file "kubejs-neoforge-2101.7.2-build.368.jar" [locator: {mods folder locator at /home/axii/.local/share/PrismLauncher/instances/dode/minecraft/mods}, reader: mod manifest]
[26Jul2026 11:04:29.001] [main/INFO] [net.neoforged.fml.loading.moddiscovery.ModDiscoverer/SCAN]: Found mod file "kubejsdelight-1.1.6.jar" [locator: {mods folder locator at /home/axii/.local/share/PrismLauncher/instances/dode/minecraft/mods}, reader: mod manifest]
[26Jul2026 11:04:29.002] [main/INFO] [net.neoforged.fml.loading.moddiscovery.ModDiscoverer/SCAN]: Found mod file "lambdynamiclights-4.8.10+1.21.1.jar" [locator: {mods folder locator at /home/axii/.local/share/PrismLauncher/instances/dode/minecraft/mods}, reader: mod manifest]
[26Jul2026 11:04:29.004] [main/INFO] [net.neoforged.fml.loading.moddiscovery.ModDiscoverer/SCAN]: Found mod file "LetSleepingDogsLie-1.21-NeoForge-1.3.0.jar" [locator: {mods folder locator at /home/axii/.local/share/PrismLauncher/instances/dode/minecraft/mods}, reader: mod manifest]
[26Jul2026 11:04:29.005] [main/INFO] [net.neoforged.fml.loading.moddiscovery.ModDiscoverer/SCAN]: Found mod file "lithium-neoforge-0.15.4+mc1.21.1.jar" [locator: {mods folder locator at /home/axii/.local/share/PrismLauncher/instances/dode/minecraft/mods}, reader: mod manifest]
[26Jul2026 11:04:29.006] [main/INFO] [net.neoforged.fml.loading.moddiscovery.ModDiscoverer/SCAN]: Found mod file "lithostitched-1.7.13-neoforge-21.1.jar" [locator: {mods folder locator at /home/axii/.local/share/PrismLauncher/instances/dode/minecraft/mods}, reader: mod manifest]
[26Jul2026 11:04:29.007] [main/INFO] [net.neoforged.fml.loading.moddiscovery.ModDiscoverer/SCAN]: Found mod file "lootjs-neoforge-1.21.1-3.7.0.jar" [locator: {mods folder locator at /home/axii/.local/share/PrismLauncher/instances/dode/minecraft/mods}, reader: mod manifest]
[26Jul2026 11:04:29.007] [main/INFO] [net.neoforged.fml.loading.moddiscovery.ModDiscoverer/SCAN]: Found mod file "modelfix-1.21-1.10.jar" [locator: {mods folder locator at /home/axii/.local/share/PrismLauncher/instances/dode/minecraft/mods}, reader: mod manifest]
[26Jul2026 11:04:29.008] [main/INFO] [net.neoforged.fml.loading.moddiscovery.ModDiscoverer/SCAN]: Found mod file "moonlight-neoforge-1.21.1-3.1.3.jar" [locator: {mods folder locator at /home/axii/.local/share/PrismLauncher/instances/dode/minecraft/mods}, reader: mod manifest]
[26Jul2026 11:04:29.009] [main/INFO] [net.neoforged.fml.loading.moddiscovery.ModDiscoverer/SCAN]: Found mod file "MouseTweaks-neoforge-mc1.21-2.26.1.jar" [locator: {mods folder locator at /home/axii/.local/share/PrismLauncher/instances/dode/minecraft/mods}, reader: mod manifest]
[26Jul2026 11:04:29.010] [main/INFO] [net.neoforged.fml.loading.moddiscovery.ModDiscoverer/SCAN]: Found mod file "Necronomicon-NeoForge-1.6.0+1.21.jar" [locator: {mods folder locator at /home/axii/.local/share/PrismLauncher/instances/dode/minecraft/mods}, reader: mod manifest]
[26Jul2026 11:04:29.010] [main/INFO] [net.neoforged.fml.loading.moddiscovery.ModDiscoverer/SCAN]: Found mod file "no-phantom-1.0.jar" [locator: {mods folder locator at /home/axii/.local/share/PrismLauncher/instances/dode/minecraft/mods}, reader: mod manifest]
[26Jul2026 11:04:29.011] [main/INFO] [net.neoforged.fml.loading.moddiscovery.ModDiscoverer/SCAN]: Found mod file "NoElytrasMod-NeoForge-1.21.1-1.1.jar" [locator: {mods folder locator at /home/axii/.local/share/PrismLauncher/instances/dode/minecraft/mods}, reader: mod manifest]
[26Jul2026 11:04:29.012] [main/INFO] [net.neoforged.fml.loading.moddiscovery.ModDiscoverer/SCAN]: Found mod file "owo-lib-neoforge-0.12.15.5-beta.1+1.21.jar" [locator: {mods folder locator at /home/axii/.local/share/PrismLauncher/instances/dode/minecraft/mods}, reader: mod manifest]
[26Jul2026 11:04:29.012] [main/INFO] [net.neoforged.fml.loading.moddiscovery.ModDiscoverer/SCAN]: Found mod file "pandalib-neoforge-1.21.1-0.6.0.jar" [locator: {mods folder locator at /home/axii/.local/share/PrismLauncher/instances/dode/minecraft/mods}, reader: mod manifest]
[26Jul2026 11:04:29.013] [main/INFO] [net.neoforged.fml.loading.moddiscovery.ModDiscoverer/SCAN]: Found mod file "peaceful_nights-neoforge-0.1.0+1.21.1.jar" [locator: {mods folder locator at /home/axii/.local/share/PrismLauncher/instances/dode/minecraft/mods}, reader: mod manifest]
[26Jul2026 11:04:29.014] [main/INFO] [net.neoforged.fml.loading.moddiscovery.ModDiscoverer/SCAN]: Found mod file "pet_cemetery-1.21.1-3.0.1.jar" [locator: {mods folder locator at /home/axii/.local/share/PrismLauncher/instances/dode/minecraft/mods}, reader: mod manifest]
[26Jul2026 11:04:29.015] [main/INFO] [net.neoforged.fml.loading.moddiscovery.ModDiscoverer/SCAN]: Found mod file "PickUpNotifier-v21.1.1-1.21.1-NeoForge.jar" [locator: {mods folder locator at /home/axii/.local/share/PrismLauncher/instances/dode/minecraft/mods}, reader: mod manifest]
[26Jul2026 11:04:29.016] [main/INFO] [net.neoforged.fml.loading.moddiscovery.ModDiscoverer/SCAN]: Found mod file "PlayerAnimationLibNeoforge-1.1.5+mc.1.21.1.jar" [locator: {mods folder locator at /home/axii/.local/share/PrismLauncher/instances/dode/minecraft/mods}, reader: mod manifest]
[26Jul2026 11:04:29.018] [main/INFO] [net.neoforged.fml.loading.moddiscovery.ModDiscoverer/SCAN]: Found mod file "ProbeJS-8.0.3.jar" [locator: {mods folder locator at /home/axii/.local/share/PrismLauncher/instances/dode/minecraft/mods}, reader: mod manifest]
[26Jul2026 11:04:29.019] [main/INFO] [net.neoforged.fml.loading.moddiscovery.ModDiscoverer/SCAN]: Found mod file "ProPlacer-v21.1.1-1.21.1-NeoForge.jar" [locator: {mods folder locator at /home/axii/.local/share/PrismLauncher/instances/dode/minecraft/mods}, reader: mod manifest]
[26Jul2026 11:04:29.020] [main/INFO] [net.neoforged.fml.loading.moddiscovery.ModDiscoverer/SCAN]: Found mod file "PuzzlesLib-v21.1.52-1.21.1-NeoForge.jar" [locator: {mods folder locator at /home/axii/.local/share/PrismLauncher/instances/dode/minecraft/mods}, reader: mod manifest]
[26Jul2026 11:04:29.029] [main/INFO] [net.neoforged.fml.loading.moddiscovery.ModDiscoverer/SCAN]: Found mod file "railways-0.3.0-beta+neoforge-mc1.21.1.jar" [locator: {mods folder locator at /home/axii/.local/share/PrismLauncher/instances/dode/minecraft/mods}, reader: mod manifest]
[26Jul2026 11:04:29.030] [main/INFO] [net.neoforged.fml.loading.moddiscovery.ModDiscoverer/SCAN]: Found mod file "rhino-2101.2.8-build.91.jar" [locator: {mods folder locator at /home/axii/.local/share/PrismLauncher/instances/dode/minecraft/mods}, reader: mod manifest]
[26Jul2026 11:04:29.031] [main/INFO] [net.neoforged.fml.loading.moddiscovery.ModDiscoverer/SCAN]: Found mod file "Ribbits-1.21.1-NeoForge-4.1.6.jar" [locator: {mods folder locator at /home/axii/.local/share/PrismLauncher/instances/dode/minecraft/mods}, reader: mod manifest]
[26Jul2026 11:04:29.032] [main/INFO] [net.neoforged.fml.loading.moddiscovery.ModDiscoverer/SCAN]: Found mod file "rmes-campfire-leather-1.1.6.jar" [locator: {mods folder locator at /home/axii/.local/share/PrismLauncher/instances/dode/minecraft/mods}, reader: mod manifest]
[26Jul2026 11:04:29.034] [main/INFO] [net.neoforged.fml.loading.moddiscovery.ModDiscoverer/SCAN]: Found mod file "sable-neoforge-1.21.1-2.0.3.jar" [locator: {mods folder locator at /home/axii/.local/share/PrismLauncher/instances/dode/minecraft/mods}, reader: mod manifest]
[26Jul2026 11:04:29.035] [main/INFO] [net.neoforged.fml.loading.moddiscovery.ModDiscoverer/SCAN]: Found mod file "seamlesssleep-neoforge-1.21-2.5.3.jar" [locator: {mods folder locator at /home/axii/.local/share/PrismLauncher/instances/dode/minecraft/mods}, reader: mod manifest]
[26Jul2026 11:04:29.036] [main/INFO] [net.neoforged.fml.loading.moddiscovery.ModDiscoverer/SCAN]: Found mod file "Searchables-neoforge-1.21.1-1.0.2.jar" [locator: {mods folder locator at /home/axii/.local/share/PrismLauncher/instances/dode/minecraft/mods}, reader: mod manifest]
[26Jul2026 11:04:29.037] [main/INFO] [net.neoforged.fml.loading.moddiscovery.ModDiscoverer/SCAN]: Found mod file "SereneSeasons-neoforge-1.21.1-10.1.0.3.jar" [locator: {mods folder locator at /home/axii/.local/share/PrismLauncher/instances/dode/minecraft/mods}, reader: mod manifest]
[26Jul2026 11:04:29.037] [main/INFO] [net.neoforged.fml.loading.moddiscovery.ModDiscoverer/SCAN]: Found mod file "skinlayers3d-neoforge-1.11.2-mc1.21.1.jar" [locator: {mods folder locator at /home/axii/.local/share/PrismLauncher/instances/dode/minecraft/mods}, reader: mod manifest]
[26Jul2026 11:04:29.038] [main/INFO] [net.neoforged.fml.loading.moddiscovery.ModDiscoverer/SCAN]: Found mod file "sliceanddice-neoforge-4.3.2.jar" [locator: {mods folder locator at /home/axii/.local/share/PrismLauncher/instances/dode/minecraft/mods}, reader: mod manifest]
[26Jul2026 11:04:29.039] [main/INFO] [net.neoforged.fml.loading.moddiscovery.ModDiscoverer/SCAN]: Found mod file "SnowRealMagic-1.21.1-NeoForge-12.2.2.jar" [locator: {mods folder locator at /home/axii/.local/share/PrismLauncher/instances/dode/minecraft/mods}, reader: mod manifest]
[26Jul2026 11:04:29.040] [main/INFO] [net.neoforged.fml.loading.moddiscovery.ModDiscoverer/SCAN]: Found mod file "sound-physics-remastered-neoforge-1.21.1-1.5.1.jar" [locator: {mods folder locator at /home/axii/.local/share/PrismLauncher/instances/dode/minecraft/mods}, reader: mod manifest]
[26Jul2026 11:04:29.041] [main/INFO] [net.neoforged.fml.loading.moddiscovery.ModDiscoverer/SCAN]: Found mod file "spark-1.10.124-neoforge.jar" [locator: {mods folder locator at /home/axii/.local/share/PrismLauncher/instances/dode/minecraft/mods}, reader: mod manifest]
[26Jul2026 11:04:29.042] [main/INFO] [net.neoforged.fml.loading.moddiscovery.ModDiscoverer/SCAN]: Found mod file "supermartijn642configlib-1.1.8-neoforge-mc1.21.jar" [locator: {mods folder locator at /home/axii/.local/share/PrismLauncher/instances/dode/minecraft/mods}, reader: mod manifest]
[26Jul2026 11:04:29.043] [main/INFO] [net.neoforged.fml.loading.moddiscovery.ModDiscoverer/SCAN]: Found mod file "supermartijn642corelib-1.1.21-neoforge-mc1.21.jar" [locator: {mods folder locator at /home/axii/.local/share/PrismLauncher/instances/dode/minecraft/mods}, reader: mod manifest]
[26Jul2026 11:04:29.046] [main/INFO] [net.neoforged.fml.loading.moddiscovery.ModDiscoverer/SCAN]: Found mod file "supplementaries-neoforge-1.21.1-3.8.4.jar" [locator: {mods folder locator at /home/axii/.local/share/PrismLauncher/instances/dode/minecraft/mods}, reader: mod manifest]
[26Jul2026 11:04:29.048] [main/INFO] [net.neoforged.fml.loading.moddiscovery.ModDiscoverer/SCAN]: Found mod file "surfacesamples-1.21.1-0.1.2.jar" [locator: {mods folder locator at /home/axii/.local/share/PrismLauncher/instances/dode/minecraft/mods}, reader: mod manifest]
[26Jul2026 11:04:29.049] [main/INFO] [net.neoforged.fml.loading.moddiscovery.ModDiscoverer/SCAN]: Found mod file "Terralith_1.21.1_v2.6.2_Neoforge.jar" [locator: {mods folder locator at /home/axii/.local/share/PrismLauncher/instances/dode/minecraft/mods}, reader: mod manifest]
[26Jul2026 11:04:29.050] [main/INFO] [net.neoforged.fml.loading.moddiscovery.ModDiscoverer/SCAN]: Found mod file "theoneprobe-1.21_neo-12.0.8.jar" [locator: {mods folder locator at /home/axii/.local/share/PrismLauncher/instances/dode/minecraft/mods}, reader: mod manifest]
[26Jul2026 11:04:29.051] [main/INFO] [net.neoforged.fml.loading.moddiscovery.ModDiscoverer/SCAN]: Found mod file "toomanyrecipeviewers-0.9.0+mc.21.1.jar" [locator: {mods folder locator at /home/axii/.local/share/PrismLauncher/instances/dode/minecraft/mods}, reader: mod manifest]
[26Jul2026 11:04:29.052] [main/INFO] [net.neoforged.fml.loading.moddiscovery.ModDiscoverer/SCAN]: Found mod file "trashcans-1.0.18c-neoforge-mc1.21.jar" [locator: {mods folder locator at /home/axii/.local/share/PrismLauncher/instances/dode/minecraft/mods}, reader: mod manifest]
[26Jul2026 11:04:29.053] [main/INFO] [net.neoforged.fml.loading.moddiscovery.ModDiscoverer/SCAN]: Found mod file "TreeChop-1.21.1-neoforge-0.19.3.jar" [locator: {mods folder locator at /home/axii/.local/share/PrismLauncher/instances/dode/minecraft/mods}, reader: mod manifest]
[26Jul2026 11:04:29.054] [main/INFO] [net.neoforged.fml.loading.moddiscovery.ModDiscoverer/SCAN]: Found mod file "txnilib-neoforge-1.0.24-1.21.1.jar" [locator: {mods folder locator at /home/axii/.local/share/PrismLauncher/instances/dode/minecraft/mods}, reader: mod manifest]
[26Jul2026 11:04:29.054] [main/INFO] [net.neoforged.fml.loading.moddiscovery.ModDiscoverer/SCAN]: Found mod file "veinminer-neoforge-2.10.1+1.21.1.jar" [locator: {mods folder locator at /home/axii/.local/share/PrismLauncher/instances/dode/minecraft/mods}, reader: mod manifest]
[26Jul2026 11:04:29.055] [main/INFO] [net.neoforged.fml.loading.moddiscovery.ModDiscoverer/SCAN]: Found mod file "villagercomfort-1.1.0.jar" [locator: {mods folder locator at /home/axii/.local/share/PrismLauncher/instances/dode/minecraft/mods}, reader: mod manifest]
[26Jul2026 11:04:29.056] [main/INFO] [net.neoforged.fml.loading.moddiscovery.ModDiscoverer/SCAN]: Found mod file "villagernames-1.21.1-8.5.jar" [locator: {mods folder locator at /home/axii/.local/share/PrismLauncher/instances/dode/minecraft/mods}, reader: mod manifest]
[26Jul2026 11:04:29.057] [main/INFO] [net.neoforged.fml.loading.moddiscovery.ModDiscoverer/SCAN]: Found mod file "VisualWorkbench-v21.1.1-1.21.1-NeoForge.jar" [locator: {mods folder locator at /home/axii/.local/share/PrismLauncher/instances/dode/minecraft/mods}, reader: mod manifest]
[26Jul2026 11:04:29.058] [main/INFO] [net.neoforged.fml.loading.moddiscovery.ModDiscoverer/SCAN]: Found mod file "voicechat-neoforge-1.21.1-2.6.21.jar" [locator: {mods folder locator at /home/axii/.local/share/PrismLauncher/instances/dode/minecraft/mods}, reader: mod manifest]
[26Jul2026 11:04:29.058] [main/INFO] [net.neoforged.fml.loading.moddiscovery.ModDiscoverer/SCAN]: Found mod file "worn_path-neoforge-1.6.1+1.21.1.jar" [locator: {mods folder locator at /home/axii/.local/share/PrismLauncher/instances/dode/minecraft/mods}, reader: mod manifest]
[26Jul2026 11:04:29.059] [main/INFO] [net.neoforged.fml.loading.moddiscovery.ModDiscoverer/SCAN]: Found mod file "xaerominimap-neoforge-1.21.1-26.4.2.jar" [locator: {mods folder locator at /home/axii/.local/share/PrismLauncher/instances/dode/minecraft/mods}, reader: mod manifest]
[26Jul2026 11:04:29.060] [main/INFO] [net.neoforged.fml.loading.moddiscovery.ModDiscoverer/SCAN]: Found mod file "xaeroworldmap-neoforge-1.21.1-1.44.2.jar" [locator: {mods folder locator at /home/axii/.local/share/PrismLauncher/instances/dode/minecraft/mods}, reader: mod manifest]
[26Jul2026 11:04:29.061] [main/INFO] [net.neoforged.fml.loading.moddiscovery.ModDiscoverer/SCAN]: Found mod file "yet_another_config_lib_v3-3.8.2+1.21.1-neoforge.jar" [locator: {mods folder locator at /home/axii/.local/share/PrismLauncher/instances/dode/minecraft/mods}, reader: mod manifest]
[26Jul2026 11:04:29.062] [main/INFO] [net.neoforged.fml.loading.moddiscovery.ModDiscoverer/SCAN]: Found mod file "YungsApi-1.21.1-NeoForge-5.1.6.jar" [locator: {mods folder locator at /home/axii/.local/share/PrismLauncher/instances/dode/minecraft/mods}, reader: mod manifest]
[26Jul2026 11:04:29.062] [main/INFO] [net.neoforged.fml.loading.moddiscovery.ModDiscoverer/SCAN]: Found mod file "yyzsbackpack-neoforge-21.1.13.jar" [locator: {mods folder locator at /home/axii/.local/share/PrismLauncher/instances/dode/minecraft/mods}, reader: mod manifest]
[26Jul2026 11:04:30.107] [main/WARN] [net.neoforged.jarjar.selection.JarSelector/]: Attempted to select two dependency jars from JarJar which have the same identification: Nested Mod File  in Mod File: /home/axii/.local/share/PrismLauncher/instances/dode/minecraft/mods/pandalib-neoforge-1.21.1-0.6.0.jar and Nested Mod File  in Mod File: /home/axii/.local/share/PrismLauncher/instances/dode/minecraft/mods/kotlinforforge-5.12.0-all.jar. Using Nested Mod File  in Mod File: /home/axii/.local/share/PrismLauncher/instances/dode/minecraft/mods/pandalib-neoforge-1.21.1-0.6.0.jar
[26Jul2026 11:04:30.107] [main/WARN] [net.neoforged.jarjar.selection.JarSelector/]: Attempted to select two dependency jars from JarJar which have the same identification: Nested Mod File  in Mod File: /home/axii/.local/share/PrismLauncher/instances/dode/minecraft/mods/kotlinforforge-5.12.0-all.jar and Nested Mod File  in Mod File: /home/axii/.local/share/PrismLauncher/instances/dode/minecraft/mods/KotlinLangForge-2.12.2-k2.4.10-3.0+neoforge.jar. Using Nested Mod File  in Mod File: /home/axii/.local/share/PrismLauncher/instances/dode/minecraft/mods/kotlinforforge-5.12.0-all.jar
[26Jul2026 11:04:30.108] [main/WARN] [net.neoforged.jarjar.selection.JarSelector/]: Attempted to select a dependency jar for JarJar which was passed in as source: fabric_renderer_api_v1. Using Mod File: 
[26Jul2026 11:04:30.108] [main/WARN] [net.neoforged.jarjar.selection.JarSelector/]: Attempted to select a dependency jar for JarJar which was passed in as source: fabric_block_view_api_v2. Using Mod File: 
[26Jul2026 11:04:30.108] [main/WARN] [net.neoforged.jarjar.selection.JarSelector/]: Attempted to select a dependency jar for JarJar which was passed in as source: library:net.fabricmc.loader. Using Mod File: /~nonexistent
[26Jul2026 11:04:30.108] [main/WARN] [net.neoforged.jarjar.selection.JarSelector/]: Attempted to select a dependency jar for JarJar which was passed in as source: fabric_rendering_data_attachment_v1. Using Mod File: 
[26Jul2026 11:04:30.108] [main/WARN] [net.neoforged.jarjar.selection.JarSelector/]: Attempted to select a dependency jar for JarJar which was passed in as source: fabric_api_base. Using Mod File: 
[26Jul2026 11:04:30.108] [main/INFO] [net.neoforged.fml.loading.moddiscovery.locators.JarInJarDependencyLocator/]: Found 117 dependencies adding them to mods collection
[26Jul2026 11:04:30.108] [main/INFO] [net.neoforged.fml.loading.moddiscovery.ModDiscoverer/SCAN]: Found mod file "atmosphere-1.21.1-neoforge-1.0.14.jar" [parent: sliceanddice-neoforge-4.3.2.jar, locator: jarinjar, reader: mod manifest]
[26Jul2026 11:04:30.108] [main/INFO] [net.neoforged.fml.loading.moddiscovery.ModDiscoverer/SCAN]: Found mod file "kuma-api-neoforge-21.0.8+1.21.jar" [parent: balm-neoforge-1.21.1-21.0.63.jar, locator: jarinjar, reader: mod manifest]
[26Jul2026 11:04:30.108] [main/INFO] [net.neoforged.fml.loading.moddiscovery.ModDiscoverer/SCAN]: Found mod file "codecui-neoforge-1.21.1-1.3.4.jar" [parent: moonlight-neoforge-1.21.1-3.1.3.jar, locator: jarinjar, reader: mod manifest]
[26Jul2026 11:04:30.108] [main/INFO] [net.neoforged.fml.loading.moddiscovery.ModDiscoverer/SCAN]: Found library file "glsl-processor-0.2.3.jar" [parent: veil-neoforge-1.21.1-4.1.4.jar, locator: jarinjar]
[26Jul2026 11:04:30.108] [main/INFO] [net.neoforged.fml.loading.moddiscovery.ModDiscoverer/SCAN]: Found mod file "ponder-neoforge-1.0.82+mc1.21.1.jar" [parent: create-1.21.1-6.0.10.jar, locator: jarinjar, reader: mod manifest]
[26Jul2026 11:04:30.108] [main/INFO] [net.neoforged.fml.loading.moddiscovery.ModDiscoverer/SCAN]: Found mod file "playeranimator-658587-6024462.jar" [parent: gliders-1.21.1-neoforge-1.1.8.jar, locator: jarinjar, reader: mod manifest]
[26Jul2026 11:04:30.108] [main/INFO] [net.neoforged.fml.loading.moddiscovery.ModDiscoverer/SCAN]: Found mod file "fabric-item-api-v1-11.2.0+0c57911319.jar" [parent: forgified-fabric-api-0.116.14+2.3.0+1.21.1.jar, locator: jarinjar, reader: mod manifest]
[26Jul2026 11:04:30.108] [main/INFO] [net.neoforged.fml.loading.moddiscovery.ModDiscoverer/SCAN]: Found mod file "fabric-rendering-fluids-v1-3.1.6+a51883b219.jar" [parent: forgified-fabric-api-0.116.14+2.3.0+1.21.1.jar, locator: jarinjar, reader: mod manifest]
[26Jul2026 11:04:30.108] [main/INFO] [net.neoforged.fml.loading.moddiscovery.ModDiscoverer/SCAN]: Found library file "MixinSquared-0.3.3.jar" [parent: mixinsquared-forge-0.3.3.jar, locator: jarinjar]
[26Jul2026 11:04:30.108] [main/INFO] [net.neoforged.fml.loading.moddiscovery.ModDiscoverer/SCAN]: Found gamelibrary file "yumi-commons-collections-1.0.0.jar" [parent: yumi-mc-foundation-1.0.0-beta.1+1.21.1-mojmap.jar, locator: jarinjar, reader: mod manifest]
[26Jul2026 11:04:30.108] [main/INFO] [net.neoforged.fml.loading.moddiscovery.ModDiscoverer/SCAN]: Found library file "netty-0.1.4.1.jar" [parent: owo-lib-neoforge-0.12.15.5-beta.1+1.21.jar, locator: jarinjar]
[26Jul2026 11:04:30.108] [main/INFO] [net.neoforged.fml.loading.moddiscovery.ModDiscoverer/SCAN]: Found mod file "fabric-convention-tags-v1-2.1.7+7f945d5b19.jar" [parent: forgified-fabric-api-0.116.14+2.3.0+1.21.1.jar, locator: jarinjar, reader: mod manifest]
[26Jul2026 11:04:30.108] [main/INFO] [net.neoforged.fml.loading.moddiscovery.ModDiscoverer/SCAN]: Found library file "kotlinx-coroutines-core-jvm-1.11.0.jar" [parent: kotlinforforge-5.12.0-all.jar, locator: jarinjar]
[26Jul2026 11:04:30.108] [main/INFO] [net.neoforged.fml.loading.moddiscovery.ModDiscoverer/SCAN]: Found library file "endec-0.1.8.1.jar" [parent: owo-lib-neoforge-0.12.15.5-beta.1+1.21.jar, locator: jarinjar]
[26Jul2026 11:04:30.109] [main/INFO] [net.neoforged.fml.loading.moddiscovery.ModDiscoverer/SCAN]: Found mod file "fabric-convention-tags-v2-2.12.0+75d3639619.jar" [parent: forgified-fabric-api-0.116.14+2.3.0+1.21.1.jar, locator: jarinjar, reader: mod manifest]
[26Jul2026 11:04:30.109] [main/INFO] [net.neoforged.fml.loading.moddiscovery.ModDiscoverer/SCAN]: Found mod file "fabric-command-api-v2-2.2.28+36d727be19.jar" [parent: forgified-fabric-api-0.115.6+2.1.0+1.21.1.jar, locator: jarinjar, reader: mod manifest]
[26Jul2026 11:04:30.109] [main/INFO] [net.neoforged.fml.loading.moddiscovery.ModDiscoverer/SCAN]: Found mod file "fabric-data-attachment-api-v1-1.4.7+26d408aa19.jar" [parent: forgified-fabric-api-0.116.14+2.3.0+1.21.1.jar, locator: jarinjar, reader: mod manifest]
[26Jul2026 11:04:30.109] [main/INFO] [net.neoforged.fml.loading.moddiscovery.ModDiscoverer/SCAN]: Found library file "javaparser-core-3.24.8.jar" [parent: ProbeJS-8.0.3.jar, locator: jarinjar]
[26Jul2026 11:04:30.109] [main/INFO] [net.neoforged.fml.loading.moddiscovery.ModDiscoverer/SCAN]: Found mod file "veil-neoforge-1.21.1-4.1.4.jar" [parent: sable-neoforge-1.21.1-2.0.3.jar, locator: jarinjar, reader: mod manifest]
[26Jul2026 11:04:30.109] [main/INFO] [net.neoforged.fml.loading.moddiscovery.ModDiscoverer/SCAN]: Found mod file "dev.simulated_team.simulated.simulated-neoforge-1.21.1-1.3.0.jar" [parent: create-aeronautics-bundled-1.21.1-1.3.0.jar, locator: jarinjar, reader: mod manifest]
[26Jul2026 11:04:30.109] [main/INFO] [net.neoforged.fml.loading.moddiscovery.ModDiscoverer/SCAN]: Found gamelibrary file "yumi-commons-event-1.0.0.jar" [parent: yumi-mc-foundation-1.0.0-beta.1+1.21.1-mojmap.jar, locator: jarinjar, reader: mod manifest]
[26Jul2026 11:04:30.109] [main/INFO] [net.neoforged.fml.loading.moddiscovery.ModDiscoverer/SCAN]: Found library file "universal-serializer-0.1.0-SNAPSHOT.jar" [parent: pandalib-neoforge-1.21.1-0.6.0.jar, locator: jarinjar]
[26Jul2026 11:04:30.109] [main/INFO] [net.neoforged.fml.loading.moddiscovery.ModDiscoverer/SCAN]: Found library file "kotlin-stdlib-jdk7-2.4.10.jar" [parent: KotlinLangForge-2.12.2-k2.4.10-3.0+neoforge.jar, locator: jarinjar]
[26Jul2026 11:04:30.109] [main/INFO] [net.neoforged.fml.loading.moddiscovery.ModDiscoverer/SCAN]: Found library file "kotlin-stdlib-jdk8-2.4.10.jar" [parent: KotlinLangForge-2.12.2-k2.4.10-3.0+neoforge.jar, locator: jarinjar]
[26Jul2026 11:04:30.109] [main/INFO] [net.neoforged.fml.loading.moddiscovery.ModDiscoverer/SCAN]: Found mod file "fabric-screen-api-v1-2.0.26+b4953c7419.jar" [parent: forgified-fabric-api-0.116.14+2.3.0+1.21.1.jar, locator: jarinjar, reader: mod manifest]
[26Jul2026 11:04:30.109] [main/INFO] [net.neoforged.fml.loading.moddiscovery.ModDiscoverer/SCAN]: Found mod file "forgified-fabric-api-0.115.6+2.1.0+1.21.1.jar" [parent: txnilib-neoforge-1.0.24-1.21.1.jar, locator: jarinjar, reader: mod manifest]
[26Jul2026 11:04:30.109] [main/INFO] [net.neoforged.fml.loading.moddiscovery.ModDiscoverer/SCAN]: Found mod file "pridelib-1.2.4+1.21.1-mojmap.jar" [parent: lambdynamiclights-4.8.10+1.21.1-neoforge.jar, locator: jarinjar, reader: mod manifest]
[26Jul2026 11:04:30.109] [main/INFO] [net.neoforged.fml.loading.moddiscovery.ModDiscoverer/SCAN]: Found mod file "fabric-content-registries-v0-8.0.19+5e0d320019.jar" [parent: forgified-fabric-api-0.116.14+2.3.0+1.21.1.jar, locator: jarinjar, reader: mod manifest]
[26Jul2026 11:04:30.109] [main/INFO] [net.neoforged.fml.loading.moddiscovery.ModDiscoverer/SCAN]: Found library file "kotlinx-serialization-json-jvm-1.11.0.jar" [parent: kotlinforforge-5.12.0-all.jar, locator: jarinjar]
[26Jul2026 11:04:30.109] [main/INFO] [net.neoforged.fml.loading.moddiscovery.ModDiscoverer/SCAN]: Found gamelibrary file "mixinextras-neoforge-0.5.4.jar" [parent: chatanimation-neoforge-1.3.1+mc1.21.jar, locator: jarinjar, reader: mod manifest]
[26Jul2026 11:04:30.109] [main/INFO] [net.neoforged.fml.loading.moddiscovery.ModDiscoverer/SCAN]: Found gamelibrary file "yumi-commons-core-1.0.0.jar" [parent: yumi-mc-foundation-1.0.0-beta.1+1.21.1-mojmap.jar, locator: jarinjar, reader: mod manifest]
[26Jul2026 11:04:30.109] [main/INFO] [net.neoforged.fml.loading.moddiscovery.ModDiscoverer/SCAN]: Found mod file "fabric-game-rule-api-v1-1.0.53+36d727be19.jar" [parent: forgified-fabric-api-0.115.6+2.1.0+1.21.1.jar, locator: jarinjar, reader: mod manifest]
[26Jul2026 11:04:30.109] [main/INFO] [net.neoforged.fml.loading.moddiscovery.ModDiscoverer/SCAN]: Found mod file "fabric-api-lookup-api-v1-1.6.72+6244b11119.jar" [parent: forgified-fabric-api-0.116.14+2.3.0+1.21.1.jar, locator: jarinjar, reader: mod manifest]
[26Jul2026 11:04:30.109] [main/INFO] [net.neoforged.fml.loading.moddiscovery.ModDiscoverer/SCAN]: Found library file "kotlinx-datetime-jvm-0.7.1-0.6.x-compat.jar" [parent: KotlinLangForge-2.12.2-k2.4.10-3.0+neoforge.jar, locator: jarinjar]
[26Jul2026 11:04:30.109] [main/INFO] [net.neoforged.fml.loading.moddiscovery.ModDiscoverer/SCAN]: Found gamelibrary file "dev.ryanhcode.sable.sable-sable_rapier-1.21.1-2.0.3.jar" [parent: sable-neoforge-1.21.1-2.0.3.jar, locator: jarinjar, reader: mod manifest]
[26Jul2026 11:04:30.109] [main/INFO] [net.neoforged.fml.loading.moddiscovery.ModDiscoverer/SCAN]: Found library file "imageio-metadata-3.12.0.jar" [parent: yet_another_config_lib_v3-3.8.2+1.21.1-neoforge.jar, locator: jarinjar]
[26Jul2026 11:04:30.109] [main/INFO] [net.neoforged.fml.loading.moddiscovery.ModDiscoverer/SCAN]: Found mod file "dynamiccrosshair-api-9.11+1.21.1-neoforge.jar" [parent: dynamiccrosshair-9.11+1.21.1-neoforge.jar, locator: jarinjar, reader: mod manifest]
[26Jul2026 11:04:30.109] [main/INFO] [net.neoforged.fml.loading.moddiscovery.ModDiscoverer/SCAN]: Found library file "jcpp-1.4.14.jar" [parent: iris-neoforge-1.8.14-beta.1+mc1.21.1.jar, locator: jarinjar]
[26Jul2026 11:04:30.109] [main/INFO] [net.neoforged.fml.loading.moddiscovery.ModDiscoverer/SCAN]: Found library file "kotlinx-serialization-cbor-jvm-1.9.0.jar" [parent: KotlinLangForge-2.12.2-k2.4.10-3.0+neoforge.jar, locator: jarinjar]
[26Jul2026 11:04:30.109] [main/INFO] [net.neoforged.fml.loading.moddiscovery.ModDiscoverer/SCAN]: Found library file "kotlin-stdlib-2.4.10.jar" [parent: KotlinLangForge-2.12.2-k2.4.10-3.0+neoforge.jar, locator: jarinjar]
[26Jul2026 11:04:30.109] [main/INFO] [net.neoforged.fml.loading.moddiscovery.ModDiscoverer/SCAN]: Found library file "tomlkt-jvm-0.3.7.jar" [parent: fzzy_config-0.7.6+1.21+neoforge.jar, locator: jarinjar]
[26Jul2026 11:04:30.109] [main/INFO] [net.neoforged.fml.loading.moddiscovery.ModDiscoverer/SCAN]: Found mod file "fabric-entity-events-v1-1.8.0+e46a02ca19.jar" [parent: forgified-fabric-api-0.116.14+2.3.0+1.21.1.jar, locator: jarinjar, reader: mod manifest]
[26Jul2026 11:04:30.109] [main/INFO] [net.neoforged.fml.loading.moddiscovery.ModDiscoverer/SCAN]: Found library file "kaleido-config-0.3.3+1.3.2.jar" [parent: e4mc-neoforge-6.2.0.jar, locator: jarinjar]
[26Jul2026 11:04:30.109] [main/INFO] [net.neoforged.fml.loading.moddiscovery.ModDiscoverer/SCAN]: Found library file "javassist-3.30.2-GA.jar" [parent: PlayerAnimationLibNeoforge-1.1.5+mc.1.21.1.jar, locator: jarinjar]
[26Jul2026 11:04:30.110] [main/INFO] [net.neoforged.fml.loading.moddiscovery.ModDiscoverer/SCAN]: Found library file "common-io-3.12.0.jar" [parent: yet_another_config_lib_v3-3.8.2+1.21.1-neoforge.jar, locator: jarinjar]
[26Jul2026 11:04:30.110] [main/INFO] [net.neoforged.fml.loading.moddiscovery.ModDiscoverer/SCAN]: Found mod file "lambdynamiclights-4.8.10+1.21.1-neoforge.jar" [parent: lambdynamiclights-4.8.10+1.21.1.jar, locator: jarinjar, reader: mod manifest]
[26Jul2026 11:04:30.110] [main/INFO] [net.neoforged.fml.loading.moddiscovery.ModDiscoverer/SCAN]: Found mod file "fabric-loot-api-v2-3.0.15+a3ee712d19.jar" [parent: forgified-fabric-api-0.115.6+2.1.0+1.21.1.jar, locator: jarinjar, reader: mod manifest]
[26Jul2026 11:04:30.110] [main/INFO] [net.neoforged.fml.loading.moddiscovery.ModDiscoverer/SCAN]: Found gamelibrary file "mixinsquared-forge-0.3.3.jar" [parent: supplementaries-neoforge-1.21.1-3.8.4.jar, locator: jarinjar, reader: mod manifest]
[26Jul2026 11:04:30.110] [main/INFO] [net.neoforged.fml.loading.moddiscovery.ModDiscoverer/SCAN]: Found mod file "fabric-loot-api-v3-1.0.3+333dfad919.jar" [parent: forgified-fabric-api-0.115.6+2.1.0+1.21.1.jar, locator: jarinjar, reader: mod manifest]
[26Jul2026 11:04:30.110] [main/INFO] [net.neoforged.fml.loading.moddiscovery.ModDiscoverer/SCAN]: Found mod file "TRansition-1.0.21-1.21.1-neoforge-SNAPSHOT.jar" [parent: entityculling-neoforge-1.10.5-mc1.21.1.jar, locator: jarinjar, reader: mod manifest]
[26Jul2026 11:04:30.110] [main/INFO] [net.neoforged.fml.loading.moddiscovery.ModDiscoverer/SCAN]: Found library file "imageio-webp-3.12.0.jar" [parent: yet_another_config_lib_v3-3.8.2+1.21.1-neoforge.jar, locator: jarinjar]
[26Jul2026 11:04:30.110] [main/INFO] [net.neoforged.fml.loading.moddiscovery.ModDiscoverer/SCAN]: Found mod file "fabric-networking-api-v1-4.3.1+30a980d919.jar" [parent: forgified-fabric-api-0.116.14+2.3.0+1.21.1.jar, locator: jarinjar, reader: mod manifest]
[26Jul2026 11:04:30.110] [main/INFO] [net.neoforged.fml.loading.moddiscovery.ModDiscoverer/SCAN]: Found library file "kotlinx-serialization-core-jvm-1.9.0.jar" [parent: pandalib-neoforge-1.21.1-0.6.0.jar, locator: jarinjar]
[26Jul2026 11:04:30.110] [main/INFO] [net.neoforged.fml.loading.moddiscovery.ModDiscoverer/SCAN]: Found gamelibrary file "Registrate-MC1.21-1.3.0+67.jar" [parent: create-1.21.1-6.0.10.jar, locator: jarinjar, reader: mod manifest]
[26Jul2026 11:04:30.110] [main/INFO] [net.neoforged.fml.loading.moddiscovery.ModDiscoverer/SCAN]: Found mod file "fabric-lifecycle-events-v1-2.6.0+e40d8add19.jar" [parent: forgified-fabric-api-0.116.14+2.3.0+1.21.1.jar, locator: jarinjar, reader: mod manifest]
[26Jul2026 11:04:30.110] [main/INFO] [net.neoforged.fml.loading.moddiscovery.ModDiscoverer/SCAN]: Found library file "imageio-core-3.12.0.jar" [parent: yet_another_config_lib_v3-3.8.2+1.21.1-neoforge.jar, locator: jarinjar]
[26Jul2026 11:04:30.110] [main/INFO] [net.neoforged.fml.loading.moddiscovery.ModDiscoverer/SCAN]: Found library file "atomicfu-jvm-0.29.0.jar" [parent: KotlinLangForge-2.12.2-k2.4.10-3.0+neoforge.jar, locator: jarinjar]
[26Jul2026 11:04:30.110] [main/INFO] [net.neoforged.fml.loading.moddiscovery.ModDiscoverer/SCAN]: Found mod file "percale-neoforge-1.0.0-beta.1.jar" [parent: kambrik-neoforge-8.0.0-beta.2.jar, locator: jarinjar, reader: mod manifest]
[26Jul2026 11:04:30.110] [main/INFO] [net.neoforged.fml.loading.moddiscovery.ModDiscoverer/SCAN]: Found mod file "fabric-key-binding-api-v1-1.0.47+62cc7ce119.jar" [parent: forgified-fabric-api-0.115.6+2.1.0+1.21.1.jar, locator: jarinjar, reader: mod manifest]
[26Jul2026 11:04:30.110] [main/INFO] [net.neoforged.fml.loading.moddiscovery.ModDiscoverer/SCAN]: Found mod file "fabric-client-tags-api-v1-1.2.0+5adff2d719.jar" [parent: forgified-fabric-api-0.116.14+2.3.0+1.21.1.jar, locator: jarinjar, reader: mod manifest]
[26Jul2026 11:04:30.110] [main/INFO] [net.neoforged.fml.loading.moddiscovery.ModDiscoverer/SCAN]: Found mod file "fabric-transfer-api-v1-5.4.4+6244b11119.jar" [parent: forgified-fabric-api-0.116.14+2.3.0+1.21.1.jar, locator: jarinjar, reader: mod manifest]
[26Jul2026 11:04:30.110] [main/INFO] [net.neoforged.fml.loading.moddiscovery.ModDiscoverer/SCAN]: Found library file "jankson-0.1.5.1.jar" [parent: owo-lib-neoforge-0.12.15.5-beta.1+1.21.jar, locator: jarinjar]
[26Jul2026 11:04:30.110] [main/INFO] [net.neoforged.fml.loading.moddiscovery.ModDiscoverer/SCAN]: Found mod file "fabric-model-loading-api-v1-2.1.0+6e8f52c719.jar" [parent: forgified-fabric-api-0.116.14+2.3.0+1.21.1.jar, locator: jarinjar, reader: mod manifest]
[26Jul2026 11:04:30.110] [main/INFO] [net.neoforged.fml.loading.moddiscovery.ModDiscoverer/SCAN]: Found library file "net.neoforged.neoforge-coremods-21.1.243.jar" [parent: neoforge-21.1.243-universal.jar, locator: jarinjar, reader: mod manifest]
[26Jul2026 11:04:30.110] [main/INFO] [net.neoforged.fml.loading.moddiscovery.ModDiscoverer/SCAN]: Found mod file "common-networking-neoforge-1.0.16-1.21.jar" [parent: gliders-1.21.1-neoforge-1.1.8.jar, locator: jarinjar, reader: mod manifest]
[26Jul2026 11:04:30.110] [main/INFO] [net.neoforged.fml.loading.moddiscovery.ModDiscoverer/SCAN]: Found mod file "dev.eriksonn.aeronautics.aeronautics-neoforge-1.21.1-1.3.0.jar" [parent: create-aeronautics-bundled-1.21.1-1.3.0.jar, locator: jarinjar, reader: mod manifest]
[26Jul2026 11:04:30.110] [main/INFO] [net.neoforged.fml.loading.moddiscovery.ModDiscoverer/SCAN]: Found mod file "xaerolib-neoforge-1.21.1-1.7.1.jar" [parent: xaeroworldmap-neoforge-1.21.1-1.44.2.jar, locator: jarinjar, reader: mod manifest]
[26Jul2026 11:04:30.110] [main/INFO] [net.neoforged.fml.loading.moddiscovery.ModDiscoverer/SCAN]: Found mod file "fabric-screen-handler-api-v1-1.3.91+8dbc56dd19.jar" [parent: forgified-fabric-api-0.116.14+2.3.0+1.21.1.jar, locator: jarinjar, reader: mod manifest]
[26Jul2026 11:04:30.110] [main/INFO] [net.neoforged.fml.loading.moddiscovery.ModDiscoverer/SCAN]: Found mod file "fabric-resource-loader-v0-1.3.1+4ea8954419.jar" [parent: forgified-fabric-api-0.115.6+2.1.0+1.21.1.jar, locator: jarinjar, reader: mod manifest]
[26Jul2026 11:04:30.110] [main/INFO] [net.neoforged.fml.loading.moddiscovery.ModDiscoverer/SCAN]: Found mod file "TRender-1.0.15-1.21.1-neoforge-SNAPSHOT.jar" [parent: entityculling-neoforge-1.10.5-mc1.21.1.jar, locator: jarinjar, reader: mod manifest]
[26Jul2026 11:04:30.110] [main/INFO] [net.neoforged.fml.loading.moddiscovery.ModDiscoverer/SCAN]: Found mod file "fabric-rendering-v1-5.1.0+1a09bd5a19.jar" [parent: forgified-fabric-api-0.116.14+2.3.0+1.21.1.jar, locator: jarinjar, reader: mod manifest]
[26Jul2026 11:04:30.110] [main/INFO] [net.neoforged.fml.loading.moddiscovery.ModDiscoverer/SCAN]: Found mod file "libbamboo-2.25+1.21.1-neoforge.jar" [parent: dynamiccrosshair-9.11+1.21.1-neoforge.jar, locator: jarinjar, reader: mod manifest]
[26Jul2026 11:04:30.110] [main/INFO] [net.neoforged.fml.loading.moddiscovery.ModDiscoverer/SCAN]: Found mod file "fabric-renderer-indigo-1.7.1+9125b6dc19.jar" [parent: forgified-fabric-api-0.116.14+2.3.0+1.21.1.jar, locator: jarinjar, reader: mod manifest]
[26Jul2026 11:04:30.110] [main/INFO] [net.neoforged.fml.loading.moddiscovery.ModDiscoverer/SCAN]: Found library file "kotlinx-io-bytestring-jvm-0.8.2.jar" [parent: pandalib-neoforge-1.21.1-0.6.0.jar, locator: jarinjar]
[26Jul2026 11:04:30.110] [main/INFO] [net.neoforged.fml.loading.moddiscovery.ModDiscoverer/SCAN]: Found library file "kotlinx-coroutines-jdk8-1.11.0.jar" [parent: kotlinforforge-5.12.0-all.jar, locator: jarinjar]
[26Jul2026 11:04:30.111] [main/INFO] [net.neoforged.fml.loading.moddiscovery.ModDiscoverer/SCAN]: Found library file "molang-compiler-3.1.1.19.jar" [parent: veil-neoforge-1.21.1-4.1.4.jar, locator: jarinjar]
[26Jul2026 11:04:30.111] [main/INFO] [net.neoforged.fml.loading.moddiscovery.ModDiscoverer/SCAN]: Found library file "Reflect-1.6.2.jar" [parent: ImmediatelyFast-NeoForge-1.6.11+1.21.1.jar, locator: jarinjar]
[26Jul2026 11:04:30.111] [main/INFO] [net.neoforged.fml.loading.moddiscovery.ModDiscoverer/SCAN]: Found mod file "fabric-particles-v1-4.0.2+824f924c19.jar" [parent: forgified-fabric-api-0.115.6+2.1.0+1.21.1.jar, locator: jarinjar, reader: mod manifest]
[26Jul2026 11:04:30.111] [main/INFO] [net.neoforged.fml.loading.moddiscovery.ModDiscoverer/SCAN]: Found library file "animated-gif-lib-for-java-animated-gif-lib-1.7.jar" [parent: kubejs-neoforge-2101.7.2-build.368.jar, locator: jarinjar]
[26Jul2026 11:04:30.111] [main/INFO] [net.neoforged.fml.loading.moddiscovery.ModDiscoverer/SCAN]: Found library file "kotlinx-io-core-jvm-0.8.2.jar" [parent: pandalib-neoforge-1.21.1-0.6.0.jar, locator: jarinjar]
[26Jul2026 11:04:30.111] [main/INFO] [net.neoforged.fml.loading.moddiscovery.ModDiscoverer/SCAN]: Found library file "common-image-3.12.0.jar" [parent: yet_another_config_lib_v3-3.8.2+1.21.1-neoforge.jar, locator: jarinjar]
[26Jul2026 11:04:30.111] [main/INFO] [net.neoforged.fml.loading.moddiscovery.ModDiscoverer/SCAN]: Found mod file "fabric-transitive-access-wideners-v1-6.2.0+6c854b6f19.jar" [parent: forgified-fabric-api-0.115.6+2.1.0+1.21.1.jar, locator: jarinjar, reader: mod manifest]
[26Jul2026 11:04:30.111] [main/INFO] [net.neoforged.fml.loading.moddiscovery.ModDiscoverer/SCAN]: Found mod file "dev.ryanhcode.offroad.offroad-neoforge-1.21.1-1.3.0.jar" [parent: create-aeronautics-bundled-1.21.1-1.3.0.jar, locator: jarinjar, reader: mod manifest]
[26Jul2026 11:04:30.111] [main/INFO] [net.neoforged.fml.loading.moddiscovery.ModDiscoverer/SCAN]: Found library file "jankson-1.2.3.jar" [parent: fzzy_config-0.7.6+1.21+neoforge.jar, locator: jarinjar]
[26Jul2026 11:04:30.111] [main/INFO] [net.neoforged.fml.loading.moddiscovery.ModDiscoverer/SCAN]: Found library file "gson-0.1.5.1.jar" [parent: owo-lib-neoforge-0.12.15.5-beta.1+1.21.jar, locator: jarinjar]
[26Jul2026 11:04:30.111] [main/INFO] [net.neoforged.fml.loading.moddiscovery.ModDiscoverer/SCAN]: Found mod file "fabric-blockrenderlayer-v1-1.1.52+c290471319.jar" [parent: forgified-fabric-api-0.116.14+2.3.0+1.21.1.jar, locator: jarinjar, reader: mod manifest]
[26Jul2026 11:04:30.111] [main/INFO] [net.neoforged.fml.loading.moddiscovery.ModDiscoverer/SCAN]: Found mod file "fabric-block-api-v1-1.1.0+b0c22bb819.jar" [parent: forgified-fabric-api-0.116.14+2.3.0+1.21.1.jar, locator: jarinjar, reader: mod manifest]
[26Jul2026 11:04:30.111] [main/INFO] [net.neoforged.fml.loading.moddiscovery.ModDiscoverer/SCAN]: Found library file "thedarkcolour.kfflang-5.12.0.jar" [parent: kotlinforforge-5.12.0-all.jar, locator: jarinjar, reader: mod manifest]
[26Jul2026 11:04:30.111] [main/INFO] [net.neoforged.fml.loading.moddiscovery.ModDiscoverer/SCAN]: Found mod file "spectrelib-neoforge-0.17.2+1.21.jar" [parent: comforts-neoforge-9.0.5+1.21.1.jar, locator: jarinjar, reader: mod manifest]
[26Jul2026 11:04:30.111] [main/INFO] [net.neoforged.fml.loading.moddiscovery.ModDiscoverer/SCAN]: Found gamelibrary file "thedarkcolour.kfflib-5.12.0.jar" [parent: kotlinforforge-5.12.0-all.jar, locator: jarinjar, reader: mod manifest]
[26Jul2026 11:04:30.111] [main/INFO] [net.neoforged.fml.loading.moddiscovery.ModDiscoverer/SCAN]: Found mod file "fabric-resource-conditions-api-v1-4.3.0+5bdd099819.jar" [parent: forgified-fabric-api-0.115.6+2.1.0+1.21.1.jar, locator: jarinjar, reader: mod manifest]
[26Jul2026 11:04:30.111] [main/INFO] [net.neoforged.fml.loading.moddiscovery.ModDiscoverer/SCAN]: Found library file "glsl-transformer-3.0.0-pre3.jar" [parent: iris-neoforge-1.8.14-beta.1+mc1.21.1.jar, locator: jarinjar]
[26Jul2026 11:04:30.111] [main/INFO] [net.neoforged.fml.loading.moddiscovery.ModDiscoverer/SCAN]: Found library file "javaparser-symbol-solver-core-3.24.8.jar" [parent: ProbeJS-8.0.3.jar, locator: jarinjar]
[26Jul2026 11:04:30.111] [main/INFO] [net.neoforged.fml.loading.moddiscovery.ModDiscoverer/SCAN]: Found mod file "thedarkcolour.kffmod-5.12.0.jar" [parent: kotlinforforge-5.12.0-all.jar, locator: jarinjar, reader: mod manifest]
[26Jul2026 11:04:30.111] [main/INFO] [net.neoforged.fml.loading.moddiscovery.ModDiscoverer/SCAN]: Found library file "gson-0.2.1.jar" [parent: yet_another_config_lib_v3-3.8.2+1.21.1-neoforge.jar, locator: jarinjar]
[26Jul2026 11:04:30.111] [main/INFO] [net.neoforged.fml.loading.moddiscovery.ModDiscoverer/SCAN]: Found library file "kotlin-reflect-2.4.10.jar" [parent: KotlinLangForge-2.12.2-k2.4.10-3.0+neoforge.jar, locator: jarinjar]
[26Jul2026 11:04:30.111] [main/INFO] [net.neoforged.fml.loading.moddiscovery.ModDiscoverer/SCAN]: Found mod file "sable-companion-common-1.21.1-1.6.0.jar" [parent: supplementaries-neoforge-1.21.1-3.8.4.jar, locator: jarinjar, reader: mod manifest]
[26Jul2026 11:04:30.111] [main/INFO] [net.neoforged.fml.loading.moddiscovery.ModDiscoverer/SCAN]: Found mod file "flywheel-neoforge-1.21.1-1.0.6.jar" [parent: create-1.21.1-6.0.10.jar, locator: jarinjar, reader: mod manifest]
[26Jul2026 11:04:30.111] [main/INFO] [net.neoforged.fml.loading.moddiscovery.ModDiscoverer/SCAN]: Found mod file "fabric-item-group-api-v1-4.1.7+e324903319.jar" [parent: forgified-fabric-api-0.115.6+2.1.0+1.21.1.jar, locator: jarinjar, reader: mod manifest]
[26Jul2026 11:04:30.111] [main/INFO] [net.neoforged.fml.loading.moddiscovery.ModDiscoverer/SCAN]: Found mod file "fabric-gametest-api-v1-2.0.5+29f188ce19.jar" [parent: forgified-fabric-api-0.115.6+2.1.0+1.21.1.jar, locator: jarinjar, reader: mod manifest]
[26Jul2026 11:04:30.111] [main/INFO] [net.neoforged.fml.loading.moddiscovery.ModDiscoverer/SCAN]: Found mod file "spruceui-6.2.5+1.21.1-mojmap.jar" [parent: lambdynamiclights-4.8.10+1.21.1-neoforge.jar, locator: jarinjar, reader: mod manifest]
[26Jul2026 11:04:30.111] [main/INFO] [net.neoforged.fml.loading.moddiscovery.ModDiscoverer/SCAN]: Found mod file "yumi-mc-foundation-1.0.0-beta.1+1.21.1-mojmap.jar" [parent: lambdynamiclights-4.8.10+1.21.1-neoforge.jar, locator: jarinjar, reader: mod manifest]
[26Jul2026 11:04:30.111] [main/INFO] [net.neoforged.fml.loading.moddiscovery.ModDiscoverer/SCAN]: Found mod file "fabric-biome-api-v1-13.0.31+1e62d33c19.jar" [parent: forgified-fabric-api-0.115.6+2.1.0+1.21.1.jar, locator: jarinjar, reader: mod manifest]
[26Jul2026 11:04:30.111] [main/INFO] [net.neoforged.fml.loading.moddiscovery.ModDiscoverer/SCAN]: Found library file "json-0.2.1.jar" [parent: yet_another_config_lib_v3-3.8.2+1.21.1-neoforge.jar, locator: jarinjar]
[26Jul2026 11:04:30.111] [main/INFO] [net.neoforged.fml.loading.moddiscovery.ModDiscoverer/SCAN]: Found mod file "fabric-registry-sync-v0-5.3.2+f9aace1619.jar" [parent: forgified-fabric-api-0.116.14+2.3.0+1.21.1.jar, locator: jarinjar, reader: mod manifest]
[26Jul2026 11:04:30.111] [main/INFO] [net.neoforged.fml.loading.moddiscovery.ModDiscoverer/SCAN]: Found mod file "better-advanced-tooltips-2101.1.0-build.1.jar" [parent: kubejs-neoforge-2101.7.2-build.368.jar, locator: jarinjar, reader: mod manifest]
[26Jul2026 11:04:30.111] [main/INFO] [net.neoforged.fml.loading.moddiscovery.ModDiscoverer/SCAN]: Found mod file "lambdynamiclights-api-4.8.10+1.21.1-mojmap.jar" [parent: lambdynamiclights-4.8.10+1.21.1-neoforge.jar, locator: jarinjar, reader: mod manifest]
[26Jul2026 11:04:30.111] [main/INFO] [net.neoforged.fml.loading.moddiscovery.ModDiscoverer/SCAN]: Found mod file "fabric-recipe-api-v1-5.0.16+59440bcc19.jar" [parent: forgified-fabric-api-0.116.14+2.3.0+1.21.1.jar, locator: jarinjar, reader: mod manifest]
[26Jul2026 11:04:30.111] [main/INFO] [net.neoforged.fml.loading.moddiscovery.ModDiscoverer/SCAN]: Found mod file "fabric-object-builder-api-v1-15.2.1+cc242efd19.jar" [parent: forgified-fabric-api-0.115.6+2.1.0+1.21.1.jar, locator: jarinjar, reader: mod manifest]
[26Jul2026 11:04:30.111] [main/INFO] [net.neoforged.fml.loading.moddiscovery.ModDiscoverer/SCAN]: Found gamelibrary file "mochafloats-4.1.0.jar" [parent: PlayerAnimationLibNeoforge-1.1.5+mc.1.21.1.jar, locator: jarinjar, reader: mod manifest]
[26Jul2026 11:04:30.111] [main/INFO] [net.neoforged.fml.loading.moddiscovery.ModDiscoverer/SCAN]: Found mod file "fabric-sound-api-v1-1.0.23+10b84f8419.jar" [parent: forgified-fabric-api-0.115.6+2.1.0+1.21.1.jar, locator: jarinjar, reader: mod manifest]
[26Jul2026 11:04:30.112] [main/INFO] [net.neoforged.fml.loading.moddiscovery.ModDiscoverer/SCAN]: Found mod file "fabric-message-api-v1-6.0.14+6a754fce19.jar" [parent: forgified-fabric-api-0.116.14+2.3.0+1.21.1.jar, locator: jarinjar, reader: mod manifest]
[26Jul2026 11:04:30.112] [main/INFO] [net.neoforged.fml.loading.moddiscovery.ModDiscoverer/SCAN]: Found library file "tiny-java-server-1.0.0-build.33.jar" [parent: kubejs-neoforge-2101.7.2-build.368.jar, locator: jarinjar]
[26Jul2026 11:04:30.112] [main/INFO] [net.neoforged.fml.loading.moddiscovery.ModDiscoverer/SCAN]: Found library file "common-lang-3.12.0.jar" [parent: yet_another_config_lib_v3-3.8.2+1.21.1-neoforge.jar, locator: jarinjar]
[26Jul2026 11:04:30.112] [main/INFO] [net.neoforged.fml.loading.moddiscovery.ModDiscoverer/SCAN]: Found mod file "fabric-data-generation-api-v1-20.3.0+3e2bcb4b19.jar" [parent: forgified-fabric-api-0.116.14+2.3.0+1.21.1.jar, locator: jarinjar, reader: mod manifest]
[26Jul2026 11:04:30.112] [main/INFO] [net.neoforged.fml.loading.moddiscovery.ModDiscoverer/SCAN]: Found mod file "fabric-tag-api-v1-1.3.0+3e2bcb4b19.jar" [parent: forgified-fabric-api-0.116.14+2.3.0+1.21.1.jar, locator: jarinjar, reader: mod manifest]
[26Jul2026 11:04:30.112] [main/INFO] [net.neoforged.fml.loading.moddiscovery.ModDiscoverer/SCAN]: Found mod file "fabric-events-interaction-v0-0.7.14+86e0887119.jar" [parent: forgified-fabric-api-0.116.14+2.3.0+1.21.1.jar, locator: jarinjar, reader: mod manifest]
[26Jul2026 11:04:30.253] [main/INFO] [org.sinytra.connector.locator.FabricModsDiscoverer/SCAN]: Fabric mod metadata not found in jar kotlinforforge.all, ignoring
[26Jul2026 11:04:30.335] [main/INFO] [org.sinytra.connector.locator.DependencyResolver/]: Dependency resolution found 2 candidates to load
[26Jul2026 11:04:30.479] [main/INFO] [net.neoforged.fml.loading.moddiscovery.ModDiscoverer/SCAN]: Found mod file "continuity-3.0.0+1.21.neoforge_mapped_moj_1.21.1.jar" [locator: org.sinytra.connector.locator.ConnectorLocator@27c04377]
[26Jul2026 11:04:30.479] [main/INFO] [net.neoforged.fml.loading.moddiscovery.ModDiscoverer/SCAN]: Found mod file "DAP ur HOMIE (Bully ur Homie)_mapped_moj_1.21.1.jar" [locator: org.sinytra.connector.locator.ConnectorLocator@27c04377]
[26Jul2026 11:04:30.489] [main/INFO] [net.neoforged.fml.loading.moddiscovery.locators.JarInJarDependencyLocator/]: Found 2 dependencies adding them to mods collection
[26Jul2026 11:04:30.489] [main/INFO] [net.neoforged.fml.loading.moddiscovery.ModDiscoverer/SCAN]: Found mod file "org.sinytra.connector-2.0.0-beta.15+1.21.1-mod.jar" [parent: , locator: org.sinytra.connector.locator.ConnectorLocator@27c04377, reader: mod manifest]
[26Jul2026 11:04:30.489] [main/INFO] [net.neoforged.fml.loading.moddiscovery.ModDiscoverer/SCAN]: Found gamelibrary file "runtime-1.0.0+1.21.1.jar" [parent: , locator: org.sinytra.connector.locator.ConnectorLocator@27c04377, reader: mod manifest]
[26Jul2026 11:04:30.493] [main/INFO] [net.neoforged.fml.loading.moddiscovery.ModDiscoverer/]: 
     Mod List:
		Name Version (Mod Id)

		3d-Skin-Layers 1.11.2 (skinlayers3d)
		A Man With Plushies 5.0.3 (a_man_with_plushies)
		AI-Improvements 0.5.3 (aiimprovements)
		AppleSkin 3.0.9+mc1.21 (appleskin)
		Architectury 13.0.11 (architectury)
		Atmosphere 1.0.14 (atmosphere)
		Bad Packets 0.8.2 (badpackets)
		Balm 21.0.63 (balm)
		Better Advanced Tooltips 2101.1.0-build.1 (betteradvancedtooltips)
		Better Babies 0.7.13 (mr_better_babies)
		Better Campfires 2.1.0+1.21.1-neoforge (better_campfires)
		Blueprint 8.1.1 (blueprint)
		Bountiful 8.0.0-beta.2 (bountiful)
		BountifulBaubles:Reforked 1.2.5 (bountifulbaubles)
		Burnt Basic 1.10.3.7 (burnt)
		Carry On 2.2.5 (carryon)
		Chat Heads 0.15.3 (chat_heads)
		ChatAnimation 1.3.1 (chatanimation)
		Cloth Config v15 API 15.0.140 (cloth_config)
		Clumps 19.0.0.1 (clumps)
		CodecUI 1.21.1-1.3.1 (codecui)
		Collective 8.39 (collective)
		Comfortable Campfires 2.0.0+1.21.1 (comfortable_campfires)
		Comforts 9.0.5+1.21.1 (comforts)
		Common Networking 1.0.16-1.21 (commonnetworking)
		Continuity 3.0.0_1.21.neoforge (continuity)
		Controlling 19.0.5 (controlling)
		Coop Moves 2.0.0 (coopmoves)
		Create 6.0.10 (create)
		Create : Numismatic Bounties 2.0 (create_numismatic_bounties)
		Create Aeronautics 1.3.0 (aeronautics_bundled)
		Create Aeronautics 1.3.0 (aeronautics)
		Create Crafts & Additions 1.6.0 (createaddition)
		Create Offroad 1.3.0 (offroad)
		Create Propulsion: Simulated 1.1.5 (createpropulsion)
		Create Simulated 1.3.0 (simulated)
		Create Slice & Dice 4.3.2 (sliceanddice)
		Create: Connected 1.3.2-mc1.21.1 (create_connected)
		Create: Copycats+ 3.0.4+mc.1.21.1-neoforge (copycats)
		Create: Numismatics 1.0.20+neoforge-mc1.21.1 (numismatics)
		Create: Rail Grinding 1.2.1 (createrailgrinding)
		Create: Steam 'n' Rails 1.21.1 0.3.0-beta+neoforge-mc1.21.1 (railways)
		Critters and Companions 2.6.2 (crittersandcompanions)
		Curios API 9.5.1+1.21.1 (curios)
		Data API 1.6.3 (mr_developer_resources)
		Distraction Free Recipes (EMI) 1.2.1 (distraction_free_recipes)
		Dynamic Crosshair 9.11 (dynamiccrosshair)
		Dynamic Crosshair API 1.2 (dynamiccrosshairapi)
		e4mc 6.2.0 (e4mc)
		EMI 1.1.24+1.21.1+neoforge (emi)
		EMI Enchanting 0.1.2+1.21+neoforge (emi_enchanting)
		EMI Loot 0.7.9+1.21+neoforge (emi_loot)
		EMI Ores 1.3+1.21.1+neoforge (emi_ores)
		EMI Professions (EMIP) 1.0.3 (emiprofessions)
		Entity Model Features 3.2.4 (entity_model_features)
		Entity Texture Features 7.1 (entity_texture_features)
		EntityCulling 1.10.5 (entityculling)
		Farmer's Delight 1.3.2 (farmersdelight)
		Ferrite Core 7.0.3 (ferritecore)
		Flywheel 1.0.6 (flywheel)
		ForgeEndertech 12.1.2.2 (forgeendertech)
		Forgified Fabric API 0.116.14+2.3.0+1.21.1 (fabric_api)
		Forgified Fabric API Base 0.4.42+d1308ded19 (fabric_api_base)
		Forgified Fabric API Lookup API (v1) 1.6.72+6244b11119 (fabric_api_lookup_api_v1)
		Forgified Fabric Biome API (v1) 13.0.31+1e62d33c19 (fabric_biome_api_v1)
		Forgified Fabric Block API (v1) 1.1.0+b0c22bb819 (fabric_block_api_v1)
		Forgified Fabric BlockRenderLayer Registration (v1) 1.1.52+c290471319 (fabric_blockrenderlayer_v1)
		Forgified Fabric BlockView API (v2) 1.0.10+9afaaf8c19 (fabric_block_view_api_v2)
		Forgified Fabric Client Tags 1.2.0+5adff2d719 (fabric_client_tags_api_v1)
		Forgified Fabric Command API (v2) 2.2.28+36d727be19 (fabric_command_api_v2)
		Forgified Fabric Content Registries (v0) 8.0.19+5e0d320019 (fabric_content_registries_v0)
		Forgified Fabric Convention Tags 2.1.7+7f945d5b19 (fabric_convention_tags_v1)
		Forgified Fabric Convention Tags (v2) 2.12.0+75d3639619 (fabric_convention_tags_v2)
		Forgified Fabric Data Attachment API (v1) 1.4.7+26d408aa19 (fabric_data_attachment_api_v1)
		Forgified Fabric Data Generation API (v1) 20.3.0+3e2bcb4b19 (fabric_data_generation_api_v1)
		Forgified Fabric Entity Events (v1) 1.8.0+e46a02ca19 (fabric_entity_events_v1)
		Forgified Fabric Events Interaction (v0) 0.7.14+86e0887119 (fabric_events_interaction_v0)
		Forgified Fabric Game Rule API (v1) 1.0.53+36d727be19 (fabric_game_rule_api_v1)
		Forgified Fabric Game Test API (v1) 2.0.5+29f188ce19 (fabric_gametest_api_v1)
		Forgified Fabric Item API (v1) 11.2.0+0c57911319 (fabric_item_api_v1)
		Forgified Fabric Item Group API (v1) 4.1.7+e324903319 (fabric_item_group_api_v1)
		Forgified Fabric Key Binding API (v1) 1.0.47+62cc7ce119 (fabric_key_binding_api_v1)
		Forgified Fabric Lifecycle Events (v1) 2.6.0+e40d8add19 (fabric_lifecycle_events_v1)
		Forgified Fabric Loot API (v2) 3.0.15+a3ee712d19 (fabric_loot_api_v2)
		Forgified Fabric Loot API (v3) 1.0.3+333dfad919 (fabric_loot_api_v3)
		Forgified Fabric Message API (v1) 6.0.14+6a754fce19 (fabric_message_api_v1)
		Forgified Fabric Model Loading API (v1) 2.1.0+6e8f52c719 (fabric_model_loading_api_v1)
		Forgified Fabric Networking API (v1) 4.3.1+30a980d919 (fabric_networking_api_v1)
		Forgified Fabric Object Builder API (v1) 15.2.1+cc242efd19 (fabric_object_builder_api_v1)
		Forgified Fabric Particles (v1) 4.0.2+824f924c19 (fabric_particles_v1)
		Forgified Fabric Recipe API (v1) 5.0.16+59440bcc19 (fabric_recipe_api_v1)
		Forgified Fabric Registry Sync (v0) 5.3.2+f9aace1619 (fabric_registry_sync_v0)
		Forgified Fabric Renderer - Indigo 1.7.1+9125b6dc19 (fabric_renderer_indigo)
		Forgified Fabric Renderer API (v1) 3.4.1+9125b6dc19 (fabric_renderer_api_v1)
		Forgified Fabric Rendering (v1) 5.1.0+1a09bd5a19 (fabric_rendering_v1)
		Forgified Fabric Rendering Data Attachment (v1) 0.3.48+73761d2e19 (fabric_rendering_data_attachment_v1)
		Forgified Fabric Rendering Fluids (v1) 3.1.6+a51883b219 (fabric_rendering_fluids_v1)
		Forgified Fabric Resource Conditions API (v1) 4.3.0+5bdd099819 (fabric_resource_conditions_api_v1)
		Forgified Fabric Resource Loader (v0) 1.3.1+4ea8954419 (fabric_resource_loader_v0)
		Forgified Fabric Screen API (v1) 2.0.26+b4953c7419 (fabric_screen_api_v1)
		Forgified Fabric Screen Handler API (v1) 1.3.91+8dbc56dd19 (fabric_screen_handler_api_v1)
		Forgified Fabric Sound API (v1) 1.0.23+10b84f8419 (fabric_sound_api_v1)
		Forgified Fabric Tag API (v1) 1.3.0+3e2bcb4b19 (fabric_tag_api_v1)
		Forgified Fabric Transfer API (v1) 5.4.4+6244b11119 (fabric_transfer_api_v1)
		Forgified Fabric Transitive Access Wideners (v1) 6.2.0+6c854b6f19 (fabric_transitive_access_wideners_v1)
		FTB Library 2101.1.33 (ftblibrary)
		FTB Quests 2101.1.27 (ftbquests)
		FTB Teams 2101.1.10 (ftbteams)
		Fzzy Config 0.7.6+1.21+neoforge (fzzy_config)
		GeckoLib 4 4.9.2 (geckolib)
		Gliders 1.1.8 (vc_gliders)
		GlitchCore 2.1.0.2 (glitchcore)
		Golden Dandelion Backport 1.0.5.1 (golden_dandelion_backport)
		Highlighter 1.1.11 (highlighter)
		HT's TreeChop 0.19.3 (treechop)
		Iceberg 1.3.2 (iceberg)
		iChunUtil 1.0.3 (ichunutil)
		ImmediatelyFast 1.6.11+1.21.1 (immediatelyfast)
		Immersive Melodies 0.6.4+1.21.1 (immersive_melodies)
		Iris 1.8.14-beta.1+mc1.21.1 (iris)
		Item Obliterator 2.3.0 (item_obliterator)
		Kambrik 8.0.0-beta.2 (kambrik)
		Keep Some Inventory 1-v2.0.1 (mr_keep_someinventory)
		KissMod 2.0.0-alpha.2 (kissmod)
		Kiwi Library 15.8.7+neoforge (kiwi)
		Kotlin For Forge 5.12.0 (kotlinforforge)
		KotlinLangForge 2.12.2-k2.4.10-3.0+neoforge (klf)
		KubeJS 2101.7.2-build.368 (kubejs)
		KubeJS Create 2101.3.1-build.18 (kubejs_create)
		KubeJSDelight 1.1.6 (kubejsdelight)
		KumaAPI 21.0.8 (kuma_api)
		LambDynamicLights 4.8.10+1.21.1 (lambdynlights)
		LambDynamicLights (API) 4.8.10+1.21.1 (lambdynlights_api)
		LambDynamicLights (Runtime) 4.8.10+1.21.1 (lambdynlights_runtime)
		Large Ore Deposits 9.1.6.0 (adlods)
		Let Sleeping Dogs Lie 1.3.0 (dogslie)
		LibBamboo 2.25 (libbamboo)
		Lithium 0.15.4+mc1.21.1 (lithium)
		Lithostitched 1.7.13 (lithostitched)
		LootJS 1.21.1-3.7.0 (lootjs)
		Minecraft 1.21.1 (minecraft)
		Model Gap Fix 1.21-1.10 (modelfix)
		Moonlight Lib 1.21.1-3.1.3 (moonlight)
		Mouse Tweaks 2.26.1 (mousetweaks)
		Necronomicon 1.6.0 (necronomicon)
		NeoForge 21.1.243 (neoforge)
		No Phantom 1.0 (mr_no_phantom)
		oωo 0.12.15.5-beta.1+1.21 (owo)
		Panda's Falling Trees 0.14.0 (fallingtrees)
		PandaLib 0.6.0 (pandalib)
		Peaceful Nights 0.1.0 (peaceful_nights)
		Percale 1.0.0-beta.1 (percale)
		Pet Cemetery 3.0.1 (pet_cemetery)
		Pick Up Notifier 21.1.1 (pickupnotifier)
		Player Animation Library 1.1.5+mc.1.21.1 (player_animation_library)
		Player Animator 2.0.1+1.21.1 (playeranimator)
		Ponder 1.0.82+mc1.21.1 (ponder)
		Pride Lib 1.2.4+1.21.1 (pride)
		Pro Placer 21.1.1 (proplacer)
		ProbeJS 8.0.3 (probejs)
		Puzzles Lib 21.1.52 (puzzleslib)
		Rhino 2101.2.8-build.91 (rhino)
		Ribbits 1.21.1-NeoForge-4.1.6 (ribbits)
		RME's Campfire Leather 1.1.6 (mr_rmes_campfireleather)
		Sable 2.0.3 (sable)
		Sable Companion 1.6.0 (sablecompanion)
		Seamless Sleep 2.5.3 (seamlesssleep)
		Searchables 1.0.2 (searchables)
		Serene Seasons 10.1.0.3 (sereneseasons)
		Simple Voice Chat 1.21.1-2.6.21 (voicechat)
		Sinytra Connector 2.0.0-beta.15+1.21.1 (connector)
		Snow! Real Magic! 12.2.2+neoforge (snowrealmagic)
		Sodium 0.8.12+mc1.21.1 (sodium)
		Sorry but the Elytra is in another End City 1.1 (noelytrasmod)
		Sound Physics Remastered 1.21.1-1.5.1 (sound_physics_remastered)
		spark 1.10.124 (spark)
		SpectreLib 0.17.2+1.21 (spectrelib)
		SpruceUI 6.2.5+1.21.1 (spruceui)
		SuperMartijn642's Config Library 1.1.8 (supermartijn642configlib)
		SuperMartijn642's Core Lib 1.1.21 (supermartijn642corelib)
		Supplementaries 1.21.1-3.8.4 (supplementaries)
		Surface Samples 0.1.2 (surfacesamples)
		Terralith 2.6.2 (terralith)
		The One Probe 1.21_neo-12.0.8 (theoneprobe)
		TooManyRecipeViewers 0.9.0+mc.21.1 (toomanyrecipeviewers)
		TRansition 1.0.21 (transition)
		Trash Cans 1.0.18+c (trashcans)
		TRender 1.0.15 (trender)
		TxniLib 1.0.24 (txnilib)
		Veil 4.1.4 (veil)
		Veinminer 2.10.1 (veinminer)
		Villager Comfort Continued 1.1.0 (villagercomfort)
		Villager Names 8.5 (villagernames)
		Visual Workbench 21.1.1 (visualworkbench)
		Worn Path 1.6.1+1.21.1 (worn_path)
		Xaero's Minimap 26.4.2 (xaerominimap)
		Xaero's World Map 1.44.2 (xaeroworldmap)
		XaeroLib 1.7.1 (xaerolib)
		YetAnotherConfigLib 3.8.2+1.21.1-neoforge (yet_another_config_lib_v3)
		Yumi Minecraft Libraries: Foundation 1.0.0-beta.1+1.21.1 (yumi_mc_core)
		YUNG's API 1.21.1-NeoForge-5.1.6 (yungsapi)
		yyzsbackpack 21.1.13 (yyzsbackpack)
[26Jul2026 11:04:30.542] [main/ERROR] [net.neoforged.fml.loading.moddiscovery.ModFile/LOADING]: Access transformer file META-INF/accesstransformer.cfg provided by mod pride does not exist!
[26Jul2026 11:04:30.802] [main/INFO] [org.sinytra.connector.service.hacks.ModuleLayerMigrator/]: Successfully made module authlib transformable
[26Jul2026 11:04:30.802] [main/INFO] [org.sinytra.connector.service.hacks.ModuleLayerMigrator/]: Successfully made module brigadier transformable
[26Jul2026 11:04:30.808] [main/INFO] [net.neoforged.fml.loading.FMLServiceProvider/CORE]: Loading coremod script-engine for [xaerominimap, xaeroworldmap]
[26Jul2026 11:04:32.304] [main/INFO] [mixin/]: Compatibility level set to JAVA_21
[26Jul2026 11:04:32.448] [main/INFO] [cpw.mods.modlauncher.LaunchServiceHandler/MODLAUNCHER]: Launching target 'forgeclient' with arguments [--version, 1.21.1, --gameDir, /home/axii/.local/share/PrismLauncher/instances/dode/minecraft, --assetsDir, /home/axii/.local/share/PrismLauncher/assets, --uuid, 47dc7b42911348d0bfae31b2b56bcaed, --username, Axiinyaa, --assetIndex, 17, --accessToken, ❄❄❄❄❄❄❄❄, --userType, msa, --versionType, release, --width, 854, --height, 480]
[26Jul2026 11:04:32.505] [main/WARN] [mixin/]: Reference map 'comfortable_campfires.refmap.json' for comfortable_campfires.mixins.json could not be read. If this is a development environment you can ignore this message
[26Jul2026 11:04:32.506] [main/WARN] [mixin/]: Reference map 'yungsapi.refmap.json' for yungsapi.mixins.json could not be read. If this is a development environment you can ignore this message
[26Jul2026 11:04:32.507] [main/WARN] [mixin/]: Reference map 'iris.refmap.json' for mixins.iris.json could not be read. If this is a development environment you can ignore this message
[26Jul2026 11:04:32.507] [main/WARN] [mixin/]: Reference map 'iris.refmap.json' for mixins.iris.fantastic.json could not be read. If this is a development environment you can ignore this message
[26Jul2026 11:04:32.507] [main/WARN] [mixin/]: Reference map 'iris.refmap.json' for mixins.iris.vertexformat.json could not be read. If this is a development environment you can ignore this message
[26Jul2026 11:04:32.508] [main/WARN] [mixin/]: Reference map 'iris.refmap.json' for iris-batched-entity-rendering.mixins.json could not be read. If this is a development environment you can ignore this message
[26Jul2026 11:04:32.508] [main/WARN] [mixin/]: Reference map 'iris.refmap.json' for mixins.iris.compat.sodium.json could not be read. If this is a development environment you can ignore this message
[26Jul2026 11:04:32.515] [main/WARN] [mixin/]: Reference map 'kambrik.refmap.json' for kambrik.mixins.json could not be read. If this is a development environment you can ignore this message
[26Jul2026 11:04:32.516] [main/WARN] [mixin/]: Reference map 'balm.refmap.json' for balm.mixins.json could not be read. If this is a development environment you can ignore this message
[26Jul2026 11:04:32.517] [main/WARN] [mixin/]: Reference map 'snowrealmagic.refmap.json' for snowrealmagic.mixins.json could not be read. If this is a development environment you can ignore this message
[26Jul2026 11:04:32.521] [main/WARN] [mixin/]: Reference map 'supermartijn642corelib.mixins.refmap.json' for supermartijn642corelib.mixins.json could not be read. If this is a development environment you can ignore this message
[26Jul2026 11:04:32.521] [main/WARN] [mixin/]: Reference map 'curios.refmap.json' for curios.neoforge.mixins.json could not be read. If this is a development environment you can ignore this message
[26Jul2026 11:04:32.521] [main/WARN] [mixin/]: Reference map 'curios.refmap.json' for curios.mixins.json could not be read. If this is a development environment you can ignore this message
[26Jul2026 11:04:32.522] [main/WARN] [mixin/]: Reference map 'chatanimation.refmap.json' for chatanimation.mixins.json could not be read. If this is a development environment you can ignore this message
[26Jul2026 11:04:32.522] [main/WARN] [mixin/]: Reference map 'searchables.refmap.json' for searchables.mixins.json could not be read. If this is a development environment you can ignore this message
[26Jul2026 11:04:32.522] [main/WARN] [mixin/]: Reference map 'searchables.refmap.json' for searchables.neoforge.mixins.json could not be read. If this is a development environment you can ignore this message
[26Jul2026 11:04:32.523] [main/WARN] [mixin/]: Reference map 'seamlesssleep.refmap.json' for seamlesssleep.mixins.json could not be read. If this is a development environment you can ignore this message
[26Jul2026 11:04:32.526] [main/WARN] [mixin/]: Reference map 'kiwi.refmap.json' for kiwi.mixins.json could not be read. If this is a development environment you can ignore this message
[26Jul2026 11:04:32.526] [main/WARN] [mixin/]: Reference map 'bountifulbaubles.refmap.json' for bountifulbaubles.mixins.json could not be read. If this is a development environment you can ignore this message
[26Jul2026 11:04:32.538] [main/INFO] [LithiumConfig/]: Option 'mixin.experimental.entity.block_caching.suffocation' requires 'mixin.util.block_tracking=true' but found 'false'. Setting 'mixin.experimental.entity.block_caching.suffocation=false'.
[26Jul2026 11:04:32.538] [main/INFO] [LithiumConfig/]: Option 'mixin.experimental.entity.block_caching.block_support' requires 'mixin.util.block_tracking=true' but found 'false'. Setting 'mixin.experimental.entity.block_caching.block_support=false'.
[26Jul2026 11:04:32.538] [main/INFO] [LithiumConfig/]: Option 'mixin.experimental.entity.block_caching.block_touching' requires 'mixin.util.block_tracking=true' but found 'false'. Setting 'mixin.experimental.entity.block_caching.block_touching=false'.
[26Jul2026 11:04:32.538] [main/INFO] [LithiumConfig/]: Option 'mixin.experimental.entity.block_caching' requires 'mixin.util.block_tracking=true' but found 'false'. Setting 'mixin.experimental.entity.block_caching=false'.
[26Jul2026 11:04:32.539] [main/INFO] [Lithium/]: Loaded configuration file for Lithium: 148 options available, 4 override(s) found
[26Jul2026 11:04:32.542] [main/WARN] [mixin/]: Reference map 'aeronautics.refmap.json' for aeronautics.mixins.json could not be read. If this is a development environment you can ignore this message
[26Jul2026 11:04:32.545] [main/WARN] [mixin/]: Reference map 'glitchcore.refmap.json' for glitchcore.mixins.json could not be read. If this is a development environment you can ignore this message
[26Jul2026 11:04:32.545] [main/WARN] [mixin/]: Reference map 'glitchcore.refmap.json' for glitchcore.neoforge.mixins.json could not be read. If this is a development environment you can ignore this message
[26Jul2026 11:04:32.545] [main/WARN] [mixin/]: Reference map 'sereneseasons.refmap.json' for sereneseasons.mixins.json could not be read. If this is a development environment you can ignore this message
[26Jul2026 11:04:32.545] [main/WARN] [mixin/]: Reference map 'sereneseasons.refmap.json' for sereneseasons.neoforge.mixins.json could not be read. If this is a development environment you can ignore this message
[26Jul2026 11:04:32.549] [main/INFO] [Sodium/]: Loaded configuration file for Sodium: 45 options available, 1 override(s) found
[26Jul2026 11:04:32.550] [main/WARN] [mixin/]: Reference map 'villagercomfort.refmap.json' for villagercomfort.mixins.json could not be read. If this is a development environment you can ignore this message
[26Jul2026 11:04:32.550] [main/WARN] [mixin/]: Reference map 'offroad.refmap.json' for offroad.mixins.json could not be read. If this is a development environment you can ignore this message
[26Jul2026 11:04:32.552] [main/WARN] [mixin/]: Reference map 'adlods.refmap.json' for adlods.mixins.json could not be read. If this is a development environment you can ignore this message
[26Jul2026 11:04:32.556] [main/WARN] [mixin/]: Reference map 'ponder.refmap.json' for ponder-common.mixins.json could not be read. If this is a development environment you can ignore this message
[26Jul2026 11:04:32.556] [main/WARN] [mixin/]: Reference map 'xaerominimap.refmap.json' for xaerohud.mixins.json could not be read. If this is a development environment you can ignore this message
[26Jul2026 11:04:32.557] [main/WARN] [mixin/]: Reference map 'xaerominimap.refmap.json' for xaerominimap.mixins.json could not be read. If this is a development environment you can ignore this message
[26Jul2026 11:04:32.557] [main/WARN] [mixin/]: Reference map 'entityculling.refmap.mixins.json' for entityculling.mixins.json could not be read. If this is a development environment you can ignore this message
[26Jul2026 11:04:32.568] [main/WARN] [mixin/]: Reference map 'immersive_melodies.refmap.json' for immersive_melodies.mixins.json could not be read. If this is a development environment you can ignore this message
[26Jul2026 11:04:32.569] [main/WARN] [mixin/]: Reference map 'treechop.mixins.refmap.json' for treechop.mixins.json could not be read. If this is a development environment you can ignore this message
[26Jul2026 11:04:32.569] [main/WARN] [mixin/]: Reference map 'kuma_api.refmap.json' for kuma_api.mixins.json could not be read. If this is a development environment you can ignore this message
[26Jul2026 11:04:32.570] [main/WARN] [mixin/]: Reference map 'geckolib.refmap.json' for geckolib.mixins.json could not be read. If this is a development environment you can ignore this message
[26Jul2026 11:04:32.571] [main/WARN] [mixin/]: Reference map 'xaeroworldmap.refmap.json' for xaeroworldmap.mixins.json could not be read. If this is a development environment you can ignore this message
[26Jul2026 11:04:32.571] [main/WARN] [mixin/]: Reference map 'controlling.refmap.json' for controlling.mixins.json could not be read. If this is a development environment you can ignore this message
[26Jul2026 11:04:32.571] [main/WARN] [mixin/]: Reference map 'controlling.refmap.json' for controlling.neoforge.mixins.json could not be read. If this is a development environment you can ignore this message
[26Jul2026 11:04:32.572] [main/WARN] [mixin/]: Reference map 'burnt-refmap.json' for burnt.mixins.json could not be read. If this is a development environment you can ignore this message
[26Jul2026 11:04:32.572] [main/WARN] [mixin/]: Reference map 'burnt-refmap.json' for burnt.compat.mixins.json could not be read. If this is a development environment you can ignore this message
[26Jul2026 11:04:32.573] [main/WARN] [mixin/]: Reference map 'simulated.refmap.json' for simulated.mixins.json could not be read. If this is a development environment you can ignore this message
[26Jul2026 11:04:32.574] [main/WARN] [mixin/]: Reference map 'carryon.refmap.json' for carryon.mixins.json could not be read. If this is a development environment you can ignore this message
[26Jul2026 11:04:32.577] [main/WARN] [mixin/]: Reference map 'create_connected.refmap.json' for create_connected.mixins.json could not be read. If this is a development environment you can ignore this message
[26Jul2026 11:04:32.579] [main/WARN] [mixin/]: Reference map 'dogslie.refmap.json' for dogslie.mixins.json could not be read. If this is a development environment you can ignore this message
[26Jul2026 11:04:32.579] [main/WARN] [mixin/]: Reference map 'bountiful.refmap.json' for bountiful.mixins.json could not be read. If this is a development environment you can ignore this message
[26Jul2026 11:04:32.594] [main/WARN] [mixin/]: Reference map 'xaerolib.refmap.json' for xaerolib.mixins.json could not be read. If this is a development environment you can ignore this message
[26Jul2026 11:04:32.596] [main/INFO] [dev.ryanhcode.sable.mixin.AbstractSableMixinPlugin/]: Using Sodium renderer mixins
[26Jul2026 11:04:32.597] [main/INFO] [dev.ryanhcode.sable.mixin.AbstractSableMixinPlugin/]: Using Sodium renderer mixins
[26Jul2026 11:04:32.598] [main/WARN] [mixin/]: Reference map 'createpropulsion.refmap.json' for createpropulsion.mixins.json could not be read. If this is a development environment you can ignore this message
[26Jul2026 11:04:32.599] [main/WARN] [mixin/]: Reference map 'clumps.refmap.json' for clumps.mixins.json could not be read. If this is a development environment you can ignore this message
[26Jul2026 11:04:32.599] [main/WARN] [mixin/]: Reference map 'comforts.refmap.json' for comforts.mixins.json could not be read. If this is a development environment you can ignore this message
[26Jul2026 11:04:32.599] [main/WARN] [mixin/]: Reference map 'ichunutil.refmap.json' for ichunutil.mixins.json could not be read. If this is a development environment you can ignore this message
[26Jul2026 11:04:32.600] [main/WARN] [mixin/]: Reference map 'blueprint.refmap.json' for blueprint.mixins.json could not be read. If this is a development environment you can ignore this message
[26Jul2026 11:04:32.600] [main/WARN] [mixin/]: Reference map 'pet_cemetery.refmap.json' for pet_cemetery.mixins.json could not be read. If this is a development environment you can ignore this message
[26Jul2026 11:04:32.600] [main/WARN] [mixin/]: Reference map 'skinlayers3d.refmap.mixins.json' for skinlayers3d.mixins.json could not be read. If this is a development environment you can ignore this message
[26Jul2026 11:04:32.602] [main/WARN] [mixin/]: Reference map '' for mixins.distraction_free_recipes.json could not be read. If this is a development environment you can ignore this message
[26Jul2026 11:04:32.602] [main/WARN] [mixin/]: Reference map 'ribbits.refmap.json' for ribbits.mixins.json could not be read. If this is a development environment you can ignore this message
[26Jul2026 11:04:32.603] [main/WARN] [mixin/]: Reference map 'ribbits.refmap.json' for ribbits_neoforge.mixins.json could not be read. If this is a development environment you can ignore this message
[26Jul2026 11:04:32.613] [main/WARN] [mixin/]: Reference map '${refmap_target}refmap.json' for ferritecore.predicates.mixin.json could not be read. If this is a development environment you can ignore this message
[26Jul2026 11:04:32.613] [main/WARN] [mixin/]: Reference map '${refmap_target}refmap.json' for ferritecore.fastmap.mixin.json could not be read. If this is a development environment you can ignore this message
[26Jul2026 11:04:32.614] [main/WARN] [mixin/]: Reference map '${refmap_target}refmap.json' for ferritecore.mrl.mixin.json could not be read. If this is a development environment you can ignore this message
[26Jul2026 11:04:32.614] [main/WARN] [mixin/]: Reference map '${refmap_target}refmap.json' for ferritecore.dedupmultipart.mixin.json could not be read. If this is a development environment you can ignore this message
[26Jul2026 11:04:32.615] [main/WARN] [mixin/]: Reference map '${refmap_target}refmap.json' for ferritecore.blockstatecache.mixin.json could not be read. If this is a development environment you can ignore this message
[26Jul2026 11:04:32.615] [main/WARN] [mixin/]: Reference map '${refmap_target}refmap.json' for ferritecore.dedupbakedquad.mixin.json could not be read. If this is a development environment you can ignore this message
[26Jul2026 11:04:32.615] [main/WARN] [mixin/]: Reference map '${refmap_target}refmap.json' for ferritecore.threaddetec.mixin.json could not be read. If this is a development environment you can ignore this message
[26Jul2026 11:04:32.616] [main/WARN] [mixin/]: Reference map '${refmap_target}refmap.json' for ferritecore.modelsides.mixin.json could not be read. If this is a development environment you can ignore this message
[26Jul2026 11:04:32.616] [main/WARN] [mixin/]: Reference map '${refmap_target}refmap.json' for ferritecore.datacomponents.mixin.json could not be read. If this is a development environment you can ignore this message
[26Jul2026 11:04:32.616] [main/WARN] [mixin/]: Reference map '${refmap_target}refmap.json' for ferritecore.accessors.mixin.json could not be read. If this is a development environment you can ignore this message
[26Jul2026 11:04:32.617] [main/WARN] [mixin/]: Reference map 'yet_another_config_lib_v3.refmap.json' for yacl.mixins.json could not be read. If this is a development environment you can ignore this message
[26Jul2026 11:04:32.618] [main/WARN] [mixin/]: Reference map 'sound_physics_remastered.refmap.json' for sound_physics_remastered.mixins.json could not be read. If this is a development environment you can ignore this message
[26Jul2026 11:04:32.623] [main/WARN] [mixin/]: Reference map '' for adapter.init.mixins.json could not be read. If this is a development environment you can ignore this message
[26Jul2026 11:04:32.864] [main/WARN] [mixin/]: Error loading class: com/lx862/qomc/ConfigCommands (java.lang.ClassNotFoundException: com.lx862.qomc.ConfigCommands)
[26Jul2026 11:04:32.981] [main/WARN] [mixin/]: Error loading class: com/portingdeadmods/cable_facades/events/GameClientEvents$2 (java.lang.ClassNotFoundException: com.portingdeadmods.cable_facades.events.GameClientEvents$2)
[26Jul2026 11:04:32.982] [main/WARN] [mixin/]: Error loading class: com/direwolf20/justdirethings/client/renderers/OurRenderTypes (java.lang.ClassNotFoundException: com.direwolf20.justdirethings.client.renderers.OurRenderTypes)
[26Jul2026 11:04:32.983] [main/WARN] [mixin/]: Error loading class: mekanism/client/render/entity/RenderFlame (java.lang.ClassNotFoundException: mekanism.client.render.entity.RenderFlame)
[26Jul2026 11:04:32.984] [main/WARN] [mixin/]: Error loading class: mekanism/client/render/armor/MekaSuitArmor (java.lang.ClassNotFoundException: mekanism.client.render.armor.MekaSuitArmor)
[26Jul2026 11:04:32.985] [main/WARN] [mixin/]: Error loading class: mekanism/client/render/lib/effect/BillboardingEffectRenderer (java.lang.ClassNotFoundException: mekanism.client.render.lib.effect.BillboardingEffectRenderer)
[26Jul2026 11:04:32.986] [main/WARN] [mixin/]: Error loading class: blusunrize/immersiveengineering/client/utils/IEGLShaders (java.lang.ClassNotFoundException: blusunrize.immersiveengineering.client.utils.IEGLShaders)
[26Jul2026 11:04:33.066] [main/WARN] [mixin/]: Error loading class: fuzs/diagonalblocks/world/phys/shapes/VoxelCollection (java.lang.ClassNotFoundException: fuzs.diagonalblocks.world.phys.shapes.VoxelCollection)
[26Jul2026 11:04:33.066] [main/WARN] [mixin/]: @Mixin target fuzs.diagonalblocks.world.phys.shapes.VoxelCollection was not found snowrealmagic.mixins.json:diagonalblocks.VoxelCollectionAccess from mod snowrealmagic
[26Jul2026 11:04:33.068] [main/WARN] [mixin/]: Error loading class: fuzs/diagonalblocks/client/handler/DiagonalModelHandler (java.lang.ClassNotFoundException: fuzs.diagonalblocks.client.handler.DiagonalModelHandler)
[26Jul2026 11:04:33.068] [main/WARN] [mixin/]: @Mixin target fuzs.diagonalblocks.client.handler.DiagonalModelHandler was not found snowrealmagic.mixins.json:diagonalblocks.DiagonalModelHandlerMixin from mod snowrealmagic
[26Jul2026 11:04:33.095] [main/WARN] [mixin/]: Error loading class: org/embeddedt/embeddium/impl/render/chunk/compile/pipeline/FluidRenderer (java.lang.ClassNotFoundException: org.embeddedt.embeddium.impl.render.chunk.compile.pipeline.FluidRenderer)
[26Jul2026 11:04:33.222] [main/INFO] [Lithium/]: Force-disabling mixin 'entity.collisions.unpushable_cramming.EntityMixin' as rule 'mixin.entity.collisions.unpushable_cramming' (added by mods [sable]) disables it and children
[26Jul2026 11:04:33.222] [main/INFO] [Lithium/]: Force-disabling mixin 'entity.collisions.unpushable_cramming.EntitySectionMixin' as rule 'mixin.entity.collisions.unpushable_cramming' (added by mods [sable]) disables it and children
[26Jul2026 11:04:33.222] [main/INFO] [Lithium/]: Force-disabling mixin 'entity.collisions.unpushable_cramming.EntitySelectorMixin' as rule 'mixin.entity.collisions.unpushable_cramming' (added by mods [sable]) disables it and children
[26Jul2026 11:04:33.223] [main/INFO] [Lithium/]: Force-disabling mixin 'entity.collisions.unpushable_cramming.LivingEntityMixin' as rule 'mixin.entity.collisions.unpushable_cramming' (added by mods [sable]) disables it and children
[26Jul2026 11:04:33.232] [main/INFO] [Lithium/]: Force-disabling mixin 'world.chunk_access.ChunkHolderMixin' as rule 'mixin.world.chunk_access' (added by mods [sable]) disables it and children
[26Jul2026 11:04:33.232] [main/INFO] [Lithium/]: Force-disabling mixin 'world.chunk_access.GenerationChunkHolderAccessor' as rule 'mixin.world.chunk_access' (added by mods [sable]) disables it and children
[26Jul2026 11:04:33.233] [main/INFO] [Lithium/]: Force-disabling mixin 'world.chunk_access.LevelMixin' as rule 'mixin.world.chunk_access' (added by mods [sable]) disables it and children
[26Jul2026 11:04:33.233] [main/INFO] [Lithium/]: Force-disabling mixin 'world.chunk_access.ServerChunkCacheMixin' as rule 'mixin.world.chunk_access' (added by mods [sable]) disables it and children
[26Jul2026 11:04:33.233] [main/INFO] [Lithium/]: Force-disabling mixin 'world.chunk_ticking.spread_ice.BiomeMixin' as rule 'mixin.world.chunk_ticking' (added by mods [sable]) disables it and children
[26Jul2026 11:04:33.235] [main/INFO] [Lithium/]: Force-disabling mixin 'world.tick_scheduler.LevelChunkTicksMixin' as rule 'mixin.world.tick_scheduler' (added by mods [sable]) disables it and children
[26Jul2026 11:04:33.315] [main/WARN] [Sodium/]: Force-disabling mixin 'features.render.world.sky.ClientLevelMixin' as rule 'mixin.features.render.world.sky' (added by mods [iris]) disables it and children
[26Jul2026 11:04:33.316] [main/WARN] [Sodium/]: Force-disabling mixin 'features.render.world.sky.FogRendererMixin' as rule 'mixin.features.render.world.sky' (added by mods [iris]) disables it and children
[26Jul2026 11:04:33.316] [main/WARN] [Sodium/]: Force-disabling mixin 'features.render.world.sky.LevelRendererMixin' as rule 'mixin.features.render.world.sky' (added by mods [iris]) disables it and children
[26Jul2026 11:04:33.347] [main/WARN] [mixin/]: Error loading class: mezz/jei/library/load/PluginCaller (java.lang.ClassNotFoundException: mezz.jei.library.load.PluginCaller)
[26Jul2026 11:04:33.492] [main/WARN] [mixin/]: Error loading class: weather2/weathersystem/storm/TornadoHelper (java.lang.ClassNotFoundException: weather2.weathersystem.storm.TornadoHelper)
[26Jul2026 11:04:33.493] [main/WARN] [mixin/]: Error loading class: weather2/weathersystem/wind/WindManager (java.lang.ClassNotFoundException: weather2.weathersystem.wind.WindManager)
[26Jul2026 11:04:33.601] [main/WARN] [mixin/]: Error loading class: de/maxhenkel/voicechat/voice/server/ServerWorldUtils (java.lang.ClassNotFoundException: de.maxhenkel.voicechat.voice.server.ServerWorldUtils)
[26Jul2026 11:04:33.601] [main/WARN] [mixin/]: @Mixin target de.maxhenkel.voicechat.voice.server.ServerWorldUtils was not found railways-common.mixins.json:compat.voicechat.ServerWorldUtilsMixin from mod railways
[26Jul2026 11:04:33.622] [main/WARN] [mixin/]: Error loading class: net/minecraft/client/gui/screens/controls/KeyBindsList$KeyEntry (java.lang.ClassNotFoundException: net.minecraft.client.gui.screens.controls.KeyBindsList$KeyEntry)
[26Jul2026 11:04:33.622] [main/WARN] [mixin/]: @Mixin target net.minecraft.client.gui.screens.controls.KeyBindsList$KeyEntry was not found railways-common.mixins.json:client.MixinKeyBindsListKeyEntry from mod railways
[26Jul2026 11:04:33.670] [main/WARN] [mixin/]: Error loading class: me/jellysquid/mods/lithium/common/ai/pathing/PathNodeDefaults (java.lang.ClassNotFoundException: me.jellysquid.mods.lithium.common.ai.pathing.PathNodeDefaults)
[26Jul2026 11:04:33.809] [main/WARN] [mixin/]: Error loading class: me/jellysquid/mods/lithium/common/ai/pathing/PathNodeDefaults (java.lang.ClassNotFoundException: me.jellysquid.mods.lithium.common.ai.pathing.PathNodeDefaults)
[26Jul2026 11:04:33.963] [main/WARN] [mixin/]: Error loading class: appeng/menu/AEBaseMenu (java.lang.ClassNotFoundException: appeng.menu.AEBaseMenu)
[26Jul2026 11:04:33.963] [main/WARN] [mixin/]: @Mixin target appeng.menu.AEBaseMenu was not found yyzsbackpack.forge.mixins.json:compat.ae2.AEBaseMenuMixin from mod yyzsbackpack
[26Jul2026 11:04:33.964] [main/WARN] [mixin/]: Error loading class: de/mari_023/ae2wtlib/wct/ArmorSlot$Armor (java.lang.ClassNotFoundException: de.mari_023.ae2wtlib.wct.ArmorSlot$Armor)
[26Jul2026 11:04:33.964] [main/WARN] [mixin/]: @Mixin target de.mari_023.ae2wtlib.wct.ArmorSlot$Armor was not found yyzsbackpack.forge.mixins.json:compat.ae2wireless.ArmorSlotMixin from mod yyzsbackpack
[26Jul2026 11:04:33.965] [main/WARN] [mixin/]: Error loading class: de/mari_023/ae2wtlib/wct/WCTMenu (java.lang.ClassNotFoundException: de.mari_023.ae2wtlib.wct.WCTMenu)
[26Jul2026 11:04:33.965] [main/WARN] [mixin/]: @Mixin target de.mari_023.ae2wtlib.wct.WCTMenu was not found yyzsbackpack.forge.mixins.json:compat.ae2wireless.WCTMenuMixin from mod yyzsbackpack
[26Jul2026 11:04:33.965] [main/WARN] [mixin/]: Error loading class: de/mari_023/ae2wtlib/wct/WrappedPlayerInventory (java.lang.ClassNotFoundException: de.mari_023.ae2wtlib.wct.WrappedPlayerInventory)
[26Jul2026 11:04:33.965] [main/WARN] [mixin/]: @Mixin target de.mari_023.ae2wtlib.wct.WrappedPlayerInventory was not found yyzsbackpack.forge.mixins.json:compat.ae2wireless.WrappedPlayerInventoryMixin from mod yyzsbackpack
[26Jul2026 11:04:33.967] [main/WARN] [mixin/]: Error loading class: kirderf1/inventoryfree/slot_blocking/InventoryEnforcer (java.lang.ClassNotFoundException: kirderf1.inventoryfree.slot_blocking.InventoryEnforcer)
[26Jul2026 11:04:33.967] [main/WARN] [mixin/]: @Mixin target kirderf1.inventoryfree.slot_blocking.InventoryEnforcer was not found yyzsbackpack.forge.mixins.json:compat.inventoryfree.InventoryEnforcerMixin from mod yyzsbackpack
[26Jul2026 11:04:33.967] [main/WARN] [mixin/]: Error loading class: de/guntram/mcmod/durabilityviewer/itemindicator/InventorySlotsIndicator (java.lang.ClassNotFoundException: de.guntram.mcmod.durabilityviewer.itemindicator.InventorySlotsIndicator)
[26Jul2026 11:04:33.967] [main/WARN] [mixin/]: @Mixin target de.guntram.mcmod.durabilityviewer.itemindicator.InventorySlotsIndicator was not found yyzsbackpack.forge.mixins.json:compat.itemindicator.InventorySlotsIndicatorMixin from mod yyzsbackpack
[26Jul2026 11:04:33.968] [main/WARN] [mixin/]: Error loading class: moonfather/workshop_for_handsome_adventurer/block_entities/SimpleTableMenu (java.lang.ClassNotFoundException: moonfather.workshop_for_handsome_adventurer.block_entities.SimpleTableMenu)
[26Jul2026 11:04:33.968] [main/WARN] [mixin/]: @Mixin target moonfather.workshop_for_handsome_adventurer.block_entities.SimpleTableMenu was not found yyzsbackpack.forge.mixins.json:compat.wfha.SimpleTableMenuMixin from mod yyzsbackpack
[26Jul2026 11:04:33.969] [main/WARN] [mixin/]: Error loading class: appeng/client/gui/AEBaseScreen (java.lang.ClassNotFoundException: appeng.client.gui.AEBaseScreen)
[26Jul2026 11:04:33.969] [main/WARN] [mixin/]: @Mixin target appeng.client.gui.AEBaseScreen was not found yyzsbackpack.forge.mixins.json:compat.ae2.AEBaseScreenMixin from mod yyzsbackpack
[26Jul2026 11:04:34.019] [main/WARN] [mixin/]: Error loading class: mezz/jei/library/recipes/ExtendableRecipeCategoryHelper (java.lang.ClassNotFoundException: mezz.jei.library.recipes.ExtendableRecipeCategoryHelper)
[26Jul2026 11:04:34.019] [main/WARN] [mixin/]: @Mixin target mezz/jei/library/recipes/ExtendableRecipeCategoryHelper was not found toomanyrecipeviewers.mixins.json:ExtendableRecipeCategoryHelperMixin from mod (unknown)
[26Jul2026 11:04:34.020] [main/WARN] [mixin/]: Error loading class: mekanism/client/recipe_viewer/jei/MekanismJEI (java.lang.ClassNotFoundException: mekanism.client.recipe_viewer.jei.MekanismJEI)
[26Jul2026 11:04:34.020] [main/WARN] [mixin/]: @Mixin target mekanism/client/recipe_viewer/jei/MekanismJEI was not found toomanyrecipeviewers.mixins.json:MekanismJEIMixin from mod (unknown)
[26Jul2026 11:04:34.192] [main/WARN] [mixin/]: Error loading class: org/jetbrains/annotations/ApiStatus$Internal (java.lang.ClassNotFoundException: org.jetbrains.annotations.ApiStatus$Internal)
[26Jul2026 11:04:34.200] [main/WARN] [mixin/]: Error loading class: org/jetbrains/annotations/ApiStatus$ScheduledForRemoval (java.lang.ClassNotFoundException: org.jetbrains.annotations.ApiStatus$ScheduledForRemoval)
[26Jul2026 11:04:34.237] [main/WARN] [mixin/]: Error loading class: org/jetbrains/annotations/ApiStatus$Internal (java.lang.ClassNotFoundException: org.jetbrains.annotations.ApiStatus$Internal)
[26Jul2026 11:04:34.238] [main/WARN] [mixin/]: Redundant @Unique on injector method onGetMaxLocalRawBrightness(Lnet/minecraft/world/level/ServerLevelAccessor;Lnet/minecraft/core/BlockPos;)I in peaceful_nights-common.mixins.json:MonsterMixin from mod peaceful_nights. Injectors are implicitly unique
[26Jul2026 11:04:34.238] [main/WARN] [mixin/]: Redundant @Unique on injector method onGetMaxLocalRawBrightness(Lnet/minecraft/world/level/ServerLevelAccessor;Lnet/minecraft/core/BlockPos;I)I in peaceful_nights-common.mixins.json:MonsterMixin from mod peaceful_nights. Injectors are implicitly unique
[26Jul2026 11:04:34.238] [main/WARN] [mixin/]: Redundant @Unique on injector method onCheckMonsterSpawnRules(Lnet/minecraft/world/level/ServerLevelAccessor;Lnet/minecraft/core/BlockPos;Lnet/minecraft/util/RandomSource;Lcom/llamalad7/mixinextras/injector/wrapoperation/Operation;Lnet/minecraft/world/entity/EntityType;)Z in peaceful_nights-common.mixins.json:MonsterMixin from mod peaceful_nights. Injectors are implicitly unique
[26Jul2026 11:04:34.252] [main/INFO] [MixinExtras|Service/]: Initializing MixinExtras via com.llamalad7.mixinextras.service.MixinExtrasServiceImpl(version=0.5.4).
[26Jul2026 11:04:35.264] [main/WARN] [mixin/]: @Inject(@At("INVOKE")) Shift.BY=1 on crittersandcompanions.mixins.json:LivingEntityMixin from mod crittersandcompanions::handler$fbh000$crittersandcompanions$onDie exceeds the maximum allowed value: 0. Increase the value of maxShiftBy to suppress this warning.
[26Jul2026 11:04:35.843] [Datafixer Bootstrap/INFO] [com.mojang.datafixers.DataFixerBuilder/]: 229 Datafixer optimizations took 152 milliseconds
[26Jul2026 11:04:36.902] [pool-15-thread-1/WARN] [mixin/]: Redundant @Unique on injector method onGetMaxLocalRawBrightness(Lnet/minecraft/world/level/ServerLevelAccessor;Lnet/minecraft/core/BlockPos;)I in peaceful_nights-common.mixins.json:MonsterMixin from mod peaceful_nights. Injectors are implicitly unique
[26Jul2026 11:04:36.902] [pool-15-thread-1/WARN] [mixin/]: Redundant @Unique on injector method onGetMaxLocalRawBrightness(Lnet/minecraft/world/level/ServerLevelAccessor;Lnet/minecraft/core/BlockPos;I)I in peaceful_nights-common.mixins.json:MonsterMixin from mod peaceful_nights. Injectors are implicitly unique
[26Jul2026 11:04:36.902] [pool-15-thread-1/WARN] [mixin/]: Redundant @Unique on injector method onCheckMonsterSpawnRules(Lnet/minecraft/world/level/ServerLevelAccessor;Lnet/minecraft/core/BlockPos;Lnet/minecraft/util/RandomSource;Lcom/llamalad7/mixinextras/injector/wrapoperation/Operation;Lnet/minecraft/world/entity/EntityType;)Z in peaceful_nights-common.mixins.json:MonsterMixin from mod peaceful_nights. Injectors are implicitly unique
[26Jul2026 11:04:39.324] [pool-15-thread-1/INFO] [dev.yumi.mc.core.impl.YumiFoundationMod/]: Initializing mods (entrypoint yumi:init)...
[26Jul2026 11:04:39.515] [Render thread/WARN] [net.minecraft.server.packs.VanillaPackResourcesBuilder/]: Assets URL 'union:/home/axii/.local/share/PrismLauncher/libraries/net/minecraft/client/1.21.1-20240808.144430/client-1.21.1-20240808.144430-srg.jar%23310!/assets/.mcassetsroot' uses unexpected schema
[26Jul2026 11:04:39.515] [Render thread/WARN] [net.minecraft.server.packs.VanillaPackResourcesBuilder/]: Assets URL 'union:/home/axii/.local/share/PrismLauncher/libraries/net/minecraft/client/1.21.1-20240808.144430/client-1.21.1-20240808.144430-srg.jar%23310!/data/.mcassetsroot' uses unexpected schema
[26Jul2026 11:04:39.537] [Render thread/INFO] [com.mojang.authlib.yggdrasil.YggdrasilAuthenticationService/]: Environment: Environment[sessionHost=https://sessionserver.mojang.com, servicesHost=https://api.minecraftservices.com, name=PROD]
[26Jul2026 11:04:39.550] [Render thread/INFO] [net.minecraft.client.Minecraft/]: Setting user: Axiinyaa
[26Jul2026 11:04:39.780] [Render thread/INFO] [net.minecraft.server.LoggedPrintStream/]: [STDOUT]: [DapHold Client] Registered!
[26Jul2026 11:04:39.799] [Render thread/INFO] [net.minecraft.server.LoggedPrintStream/]: [STDOUT]: [First Person] Animation system initialized!
[26Jul2026 11:04:39.861] [Render thread/INFO] [LambDynamicLights/]: [LambDynLights] Initializing LambDynamicLights...
[26Jul2026 11:04:39.871] [Render thread/INFO] [LambDynamicLights|Config/]: [LambDynLights] Configuration loaded.
[26Jul2026 11:04:39.994] [Render thread/INFO] [net.minecraft.client.Minecraft/]: Backend library: LWJGL version 3.3.3+5
[26Jul2026 11:04:41.432] [ForkJoinPool.commonPool-worker-3/WARN] [Iris/]: [Iris Update Check] This version doesn't have an update index, skipping.
[26Jul2026 11:04:41.596] [Render thread/INFO] [com.mojang.blaze3d.platform.Window/]: OpenGL Vendor: AMD
[26Jul2026 11:04:41.596] [Render thread/INFO] [com.mojang.blaze3d.platform.Window/]: OpenGL Renderer: AMD Radeon RX 6700 XT (radeonsi, navi22, ACO, DRM 3.64, 7.0.14-201.fc44.x86_64)
[26Jul2026 11:04:41.596] [Render thread/INFO] [com.mojang.blaze3d.platform.Window/]: OpenGL Version: 4.6 (Core Profile) Mesa 26.1.5
[26Jul2026 11:04:41.623] [Render thread/INFO] [ImmediatelyFast/]: Initializing ImmediatelyFast 1.6.11+1.21.1 on AMD Radeon RX 6700 XT (radeonsi, navi22, ACO, DRM 3.64, 7.0.14-201.fc44.x86_64) (AMD) with OpenGL 4.6 (Core Profile) Mesa 26.1.5
[26Jul2026 11:04:41.623] [Render thread/INFO] [ImmediatelyFast/]: Found Iris 1.8.14-beta.1+mc1.21.1. Enabling compatibility.
[26Jul2026 11:04:41.746] [Render thread/INFO] [Iris/]: Debug functionality is disabled.
[26Jul2026 11:04:41.747] [Render thread/INFO] [Iris/]: OpenGL 4.5 detected, enabling DSA.
[26Jul2026 11:04:41.765] [Render thread/INFO] [Iris/]: Shaders are disabled because no valid shaderpack is selected
[26Jul2026 11:04:41.996] [modloading-worker-0/INFO] [Veil/]: Veil is initializing.
[26Jul2026 11:04:42.005] [modloading-worker-0/INFO] [snownee.snow.SnowRealMagic/]: SereneSeasons detected. Overriding weather behavior.
[26Jul2026 11:04:42.013] [modloading-worker-0/INFO] [net.neoforged.neoforge.common.NeoForgeMod/NEOFORGE-MOD]: NeoForge mod loading, version 21.1.243, for MC 1.21.1
[26Jul2026 11:04:42.053] [modloading-worker-0/INFO] [Railways/]: Steam 'n' Rails v1.6.13-alpha initializing! Commit hash: dev on Create version: 6.0.10 on platform: Neoforge
[26Jul2026 11:04:42.054] [modloading-worker-0/INFO] [Puzzles Lib/]: Constructing components for pickupnotifier:common
[26Jul2026 11:04:42.141] [modloading-worker-0/INFO] [Puzzles Lib/]: Constructing components for proplacer:common
[26Jul2026 11:04:42.150] [modloading-worker-0/INFO] [Seamless Sleep/]: [Seamless Sleep] Registered sleep animation payload types (S2C).
[26Jul2026 11:04:42.151] [modloading-worker-0/INFO] [Seamless Sleep/]: [Seamless Sleep] Registering blocks.
[26Jul2026 11:04:42.151] [modloading-worker-0/INFO] [Seamless Sleep/]: [Seamless Sleep] Initialized. Sleep animation and sleep_barrier block are registered.
[26Jul2026 11:04:42.276] [modloading-worker-0/INFO] [Kambrik/]: Creating Kambrik Shared API...
[26Jul2026 11:04:42.276] [modloading-worker-0/INFO] [Kambrik/]: Eh?
[26Jul2026 11:04:42.293] [modloading-worker-0/INFO] [Puzzles Lib/]: Dispatching loading event for config proplacer-client.toml
[26Jul2026 11:04:42.295] [modloading-worker-0/INFO] [Puzzles Lib/]: Dispatching loading event for config pickupnotifier/pickupnotifier-client.toml
[26Jul2026 11:04:42.451] [modloading-worker-0/INFO] [Puzzles Lib/]: Constructing components for visualworkbench:common
[26Jul2026 11:04:42.490] [modloading-worker-0/INFO] [Puzzles Lib/]: Constructing components for pickupnotifier:client
[26Jul2026 11:04:42.493] [modloading-worker-0/INFO] [Puzzles Lib/]: Dispatching loading event for config visualworkbench-client.toml
[26Jul2026 11:04:42.493] [modloading-worker-0/INFO] [Puzzles Lib/]: Dispatching loading event for config visualworkbench-common.toml
[26Jul2026 11:04:42.533] [modloading-worker-0/INFO] [Puzzles Lib/]: Constructing components for proplacer:client
[26Jul2026 11:04:42.559] [modloading-worker-0/INFO] [Puzzles Lib/]: Constructing components for visualworkbench:client
[26Jul2026 11:04:42.574] [modloading-worker-0/INFO] [net.fabricmc.fabric.impl.client.indigo.Indigo/]: [Indigo] Different rendering plugin detected; not applying Indigo.
[26Jul2026 11:04:42.635] [modloading-worker-0/INFO] [net.minecraft.server.LoggedPrintStream/]: [STDOUT]: [Mouse Tweaks] Main.initialize()
[26Jul2026 11:04:42.641] [modloading-worker-0/INFO] [net.minecraft.server.LoggedPrintStream/]: [STDOUT]: [Mouse Tweaks] Initialized.
[26Jul2026 11:04:42.645] [modloading-worker-0/INFO] [necronomicon/]: Necronomicon Initialized
[26Jul2026 11:04:42.662] [modloading-worker-0/INFO] [necronomicon/]: File exists, reading config for elocindev.necronomicon.NecronomiconConfig.
[26Jul2026 11:04:42.662] [modloading-worker-0/INFO] [necronomicon/]: Config for elocindev.necronomicon.NecronomiconConfig read successfully.
[26Jul2026 11:04:42.678] [modloading-worker-0/INFO] [thedarkcolour.kotlinforforge.neoforge.test.KotlinForForge/]: Kotlin For Forge Enabled!
[26Jul2026 11:04:42.709] [modloading-worker-0/INFO] [snownee.kiwi.Kiwi/INIT]: Processing 9 KiwiModule annotations
[26Jul2026 11:04:42.715] [modloading-worker-0/INFO] [glitchcore/]: Registered synced config with path sereneseasons/fertility.toml
[26Jul2026 11:04:42.715] [modloading-worker-0/INFO] [glitchcore/]: Registered synced config with path sereneseasons/seasons.toml
[26Jul2026 11:04:42.794] [modloading-worker-0/INFO] [Puzzles Lib/]: Constructing components for puzzleslib:common
[26Jul2026 11:04:42.799] [modloading-worker-0/INFO] [Puzzles Lib/]: Constructing components for puzzleslib:client
[26Jul2026 11:04:42.807] [modloading-worker-0/INFO] [com.simibubi.create.Create/]: Create 6.0.10 initializing! Commit hash: ac0c444d9828da3453ae8cc65338e8de063286fb
[26Jul2026 11:04:42.831] [modloading-worker-0/INFO] [xaero.hud.minimap.MinimapLogs/]: Xaero's Minimap: World Map found!
[26Jul2026 11:04:42.831] [modloading-worker-0/INFO] [xaero.hud.minimap.MinimapLogs/]: No Optifine!
[26Jul2026 11:04:42.831] [modloading-worker-0/INFO] [xaero.hud.minimap.MinimapLogs/]: Xaero's Minimap: No Vivecraft!
[26Jul2026 11:04:42.834] [modloading-worker-0/INFO] [xaero.hud.minimap.MinimapLogs/]: Xaero's Minimap: Iris found!
[26Jul2026 11:04:42.850] [modloading-worker-0/INFO] [CodecUI/]: Codec construction mixins inactive (Codec, MapCodec, RecordCodecBuilder) - expected on NeoForge; using reflective schema inference (numeric ranges recovered, optional-field defaults not).
[26Jul2026 11:04:42.902] [modloading-worker-0/INFO] [Collective/]: [Collective] JSON file 'entity_names.json' generation requested by mod 'villagernames'.
[26Jul2026 11:04:42.950] [modloading-worker-0/INFO] [burnt/]: [Burnt] Create detected — registered contraption behaviour for smoldering blocks.
[26Jul2026 11:04:42.951] [modloading-worker-0/INFO] [xaero.common.HudMod/]: Registering common data for channel xaerominimap:main!
[26Jul2026 11:04:42.974] [modloading-worker-0/INFO] [Create: Numismatics/]: Create: Numismatics 1.0.20+neoforge-mc1.21.1 initializing! Create version: 6.0.10 on platform: NEOFORGE
[26Jul2026 11:04:42.975] [modloading-worker-0/INFO] [Create: Numismatics/]: Registering creative tabs for Create: Numismatics
[26Jul2026 11:04:43.001] [modloading-worker-0/INFO] [Create: Numismatics/]: Registering items for Create: Numismatics
[26Jul2026 11:04:43.019] [modloading-worker-0/INFO] [xaero.common.HudMod/]: Registering client data for channel xaerominimap:main!
[26Jul2026 11:04:43.051] [modloading-worker-0/INFO] [Create: Numismatics/]: Registering block entities for Create: Numismatics
[26Jul2026 11:04:43.051] [modloading-worker-0/INFO] [Create: Numismatics/]: Registering blocks for Create: Numismatics
[26Jul2026 11:04:43.078] [modloading-worker-0/INFO] [Create: Numismatics/]: Registering menu types for Create: Numismatics
[26Jul2026 11:04:43.078] [modloading-worker-0/INFO] [Create: Numismatics/]: Registering block tags for Create: Numismatics
[26Jul2026 11:04:43.078] [modloading-worker-0/INFO] [Create: Numismatics/]: Registering item tags for Create: Numismatics
[26Jul2026 11:04:43.079] [modloading-worker-0/INFO] [Create: Numismatics/]: Registering data components for Create: Numismatics
[26Jul2026 11:04:43.083] [modloading-worker-0/INFO] [xaero.common.HudMod/]: Loading primary common config for channel xaerominimap:main!
[26Jul2026 11:04:43.088] [modloading-worker-0/WARN] [Supplementaries/]: Dye color white produced diffuse color -1 (white), this should never happen
[26Jul2026 11:04:43.091] [modloading-worker-0/INFO] [xaero.common.HudMod/]: Loading server config profiles for channel xaerominimap:main!
[26Jul2026 11:04:43.093] [modloading-worker-0/INFO] [xaero.common.HudMod/]: Loading primary client config for channel xaerominimap:main!
[26Jul2026 11:04:43.094] [modloading-worker-0/INFO] [xaero.common.HudMod/]: Loading client config profiles for channel xaerominimap:main!
[26Jul2026 11:04:43.099] [modloading-worker-0/INFO] [xaero.map.WorldMap/]: Registering common data for channel xaeroworldmap:main!
[26Jul2026 11:04:43.106] [modloading-worker-0/INFO] [xaero.map.WorldMap/]: Registering client data for channel xaeroworldmap:main!
[26Jul2026 11:04:43.115] [modloading-worker-0/INFO] [xaero.map.WorldMap/]: Loading primary common config for channel xaeroworldmap:main!
[26Jul2026 11:04:43.116] [modloading-worker-0/INFO] [xaero.map.WorldMap/]: Loading server config profiles for channel xaeroworldmap:main!
[26Jul2026 11:04:43.117] [modloading-worker-0/INFO] [xaero.map.WorldMap/]: Loading primary client config for channel xaeroworldmap:main!
[26Jul2026 11:04:43.117] [modloading-worker-0/INFO] [xaero.map.WorldMap/]: Loading client config profiles for channel xaeroworldmap:main!
[26Jul2026 11:04:43.119] [modloading-worker-0/INFO] [Entity Texture Features/]: Loading Entity Texture Features, breaking your resource packs since 17 Jan 2022.
[26Jul2026 11:04:43.130] [modloading-worker-0/INFO] [Entity Texture Features/]: [ETF]: Modifying ETF Render State constructor because: for EMF
[26Jul2026 11:04:43.130] [modloading-worker-0/INFO] [traben.entity_model_features.EMF/]: Loading Entity Model Features, OptiFine's weirder younger half-brother that runs around making train models.
[26Jul2026 11:04:43.248] [modloading-worker-0/INFO] [Collective/]: Loading Collective version 8.39.
[26Jul2026 11:04:43.251] [modloading-worker-0/WARN] [mixin/]: @Inject(@At("INVOKE")) Shift.BY=2 on create_connected.mixins.json:sequencedgearshift.SequencedGearshiftScreenMixin from mod create_connected::handler$eio000$create_connected$updateParamsOfRow exceeds the maximum allowed value: 0. Increase the value of maxShiftBy to suppress this warning.
[26Jul2026 11:04:43.262] [modloading-worker-0/INFO] [Entity Texture Features/]: [ETF]: 6 new ETF Random Properties registered by entity_model_features
[26Jul2026 11:04:43.268] [modloading-worker-0/INFO] [de.miraculixx.veinminer.Veinminer/]: Veinminer Version: 2.10.1 (neoforge)
[26Jul2026 11:04:43.345] [modloading-worker-0/INFO] [bountiful/]: Registering Network Messages..
[26Jul2026 11:04:43.353] [modloading-worker-0/INFO] [fzzy_config/]: Loaded config fzzy_config:keybinds in 271ms
[26Jul2026 11:04:43.409] [modloading-worker-0/WARN] [mixin/]: Discarding @Unique public method onLoad in copycats-common.mixins.json:foundation.copycat.CopycatBlockEntityMixin from mod copycats because it already exists in com.simibubi.create.content.decoration.copycat.CopycatBlockEntity
[26Jul2026 11:04:43.412] [modloading-worker-0/INFO] [worn_path/]: Saved config to /home/axii/.local/share/PrismLauncher/instances/dode/minecraft/config/worn_path.json5
[26Jul2026 11:04:43.412] [modloading-worker-0/INFO] [worn_path/]: Loaded config from /home/axii/.local/share/PrismLauncher/instances/dode/minecraft/config/worn_path.json5
[26Jul2026 11:04:43.440] [modloading-worker-0/INFO] [KubeJS/]: Loading vanilla registries...
[26Jul2026 11:04:43.444] [modloading-worker-0/INFO] [dev.pandasystems.pandalib.PandaLib/]: Loaded config from /home/axii/.local/share/PrismLauncher/instances/dode/minecraft/config/fallingtrees/client.json
[26Jul2026 11:04:43.454] [modloading-worker-0/INFO] [KubeJS/]: Looking for KubeJS plugins...
[26Jul2026 11:04:43.456] [modloading-worker-0/INFO] [KubeJS/]: Found plugin source kubejs
[26Jul2026 11:04:43.459] [modloading-worker-0/INFO] [owo/]: Snakes are inherently funny
[26Jul2026 11:04:43.465] [modloading-worker-0/INFO] [KubeJS/]: Found plugin source lootjs
[26Jul2026 11:04:43.466] [modloading-worker-0/INFO] [KubeJS/]: Found plugin source probejs
[26Jul2026 11:04:43.466] [modloading-worker-0/INFO] [KubeJS/]: Found plugin source kubejsdelight
[26Jul2026 11:04:43.467] [modloading-worker-0/INFO] [KubeJS/]: Found plugin source kubejs_create
[26Jul2026 11:04:43.468] [modloading-worker-0/INFO] [KubeJS/]: Found plugin source createpropulsion
[26Jul2026 11:04:43.469] [modloading-worker-0/INFO] [KubeJS/]: Done in 15.36 ms
[26Jul2026 11:04:43.479] [modloading-worker-0/WARN] [mixin/]: Discarding @Unique public method rotate in copycats-neoforge.mixins.json:foundation.copycat.multistate.MultiStateCopycatBlockMixin from mod copycats because it already exists in com.copycatsplus.copycats.foundation.copycat.multistate.MultiStateCopycatBlock
[26Jul2026 11:04:43.479] [modloading-worker-0/WARN] [mixin/]: Discarding @Unique public method mirror in copycats-neoforge.mixins.json:foundation.copycat.multistate.MultiStateCopycatBlockMixin from mod copycats because it already exists in com.copycatsplus.copycats.foundation.copycat.multistate.MultiStateCopycatBlock
[26Jul2026 11:04:43.479] [modloading-worker-0/WARN] [mixin/]: Discarding @Unique public method useItemOn in copycats-neoforge.mixins.json:foundation.copycat.multistate.MultiStateCopycatBlockMixin from mod copycats because it already exists in com.copycatsplus.copycats.foundation.copycat.multistate.MultiStateCopycatBlock
[26Jul2026 11:04:43.479] [modloading-worker-0/WARN] [mixin/]: Discarding @Unique public method useWithoutItem in copycats-neoforge.mixins.json:foundation.copycat.multistate.MultiStateCopycatBlockMixin from mod copycats because it already exists in com.copycatsplus.copycats.foundation.copycat.multistate.MultiStateCopycatBlock
[26Jul2026 11:04:43.489] [modloading-worker-0/WARN] [mixin/]: Discarding @Unique public method rotate in copycats-neoforge.mixins.json:foundation.copycat.CopycatBlockMixin from mod copycats because it already exists in com.copycatsplus.copycats.content.copycat.sliding_door.CopycatSlidingDoorBlock
[26Jul2026 11:04:43.489] [modloading-worker-0/WARN] [mixin/]: Discarding @Unique public method mirror in copycats-neoforge.mixins.json:foundation.copycat.CopycatBlockMixin from mod copycats because it already exists in com.copycatsplus.copycats.content.copycat.sliding_door.CopycatSlidingDoorBlock
[26Jul2026 11:04:43.489] [modloading-worker-0/WARN] [mixin/]: Discarding @Unique public method useItemOn in copycats-neoforge.mixins.json:foundation.copycat.CopycatBlockMixin from mod copycats because it already exists in com.copycatsplus.copycats.content.copycat.sliding_door.CopycatSlidingDoorBlock
[26Jul2026 11:04:43.489] [modloading-worker-0/WARN] [mixin/]: Discarding @Unique public method useWithoutItem in copycats-neoforge.mixins.json:foundation.copycat.CopycatBlockMixin from mod copycats because it already exists in com.copycatsplus.copycats.content.copycat.sliding_door.CopycatSlidingDoorBlock
[26Jul2026 11:04:43.493] [modloading-worker-0/WARN] [mixin/]: Discarding @Unique public method rotate in copycats-neoforge.mixins.json:foundation.copycat.CopycatBlockMixin from mod copycats because it already exists in com.copycatsplus.copycats.content.copycat.door.CopycatDoorBlock
[26Jul2026 11:04:43.493] [modloading-worker-0/WARN] [mixin/]: Discarding @Unique public method mirror in copycats-neoforge.mixins.json:foundation.copycat.CopycatBlockMixin from mod copycats because it already exists in com.copycatsplus.copycats.content.copycat.door.CopycatDoorBlock
[26Jul2026 11:04:43.494] [modloading-worker-0/WARN] [mixin/]: Discarding @Unique public method useItemOn in copycats-neoforge.mixins.json:foundation.copycat.CopycatBlockMixin from mod copycats because it already exists in com.copycatsplus.copycats.content.copycat.door.CopycatDoorBlock
[26Jul2026 11:04:43.494] [modloading-worker-0/WARN] [mixin/]: Discarding @Unique public method useWithoutItem in copycats-neoforge.mixins.json:foundation.copycat.CopycatBlockMixin from mod copycats because it already exists in com.copycatsplus.copycats.content.copycat.door.CopycatDoorBlock
[26Jul2026 11:04:43.508] [modloading-worker-0/WARN] [mixin/]: Discarding @Unique public method rotate in copycats-neoforge.mixins.json:foundation.copycat.CopycatBlockMixin from mod copycats because it already exists in com.copycatsplus.copycats.content.copycat.fluid_pipe.CopycatGlassFluidPipeBlock
[26Jul2026 11:04:43.508] [modloading-worker-0/WARN] [mixin/]: Discarding @Unique public method mirror in copycats-neoforge.mixins.json:foundation.copycat.CopycatBlockMixin from mod copycats because it already exists in com.copycatsplus.copycats.content.copycat.fluid_pipe.CopycatGlassFluidPipeBlock
[26Jul2026 11:04:43.508] [modloading-worker-0/WARN] [mixin/]: Discarding @Unique public method useItemOn in copycats-neoforge.mixins.json:foundation.copycat.CopycatBlockMixin from mod copycats because it already exists in com.copycatsplus.copycats.content.copycat.fluid_pipe.CopycatGlassFluidPipeBlock
[26Jul2026 11:04:43.509] [modloading-worker-0/WARN] [mixin/]: Discarding @Unique public method useWithoutItem in copycats-neoforge.mixins.json:foundation.copycat.CopycatBlockMixin from mod copycats because it already exists in com.copycatsplus.copycats.content.copycat.fluid_pipe.CopycatGlassFluidPipeBlock
[26Jul2026 11:04:43.518] [modloading-worker-0/WARN] [mixin/]: Discarding @Unique public method rotate in copycats-neoforge.mixins.json:foundation.copycat.CopycatBlockMixin from mod copycats because it already exists in com.copycatsplus.copycats.foundation.copycat.CCCopycatBlock
[26Jul2026 11:04:43.518] [modloading-worker-0/WARN] [mixin/]: Discarding @Unique public method mirror in copycats-neoforge.mixins.json:foundation.copycat.CopycatBlockMixin from mod copycats because it already exists in com.copycatsplus.copycats.foundation.copycat.CCCopycatBlock
[26Jul2026 11:04:43.518] [modloading-worker-0/WARN] [mixin/]: Discarding @Unique public method useItemOn in copycats-neoforge.mixins.json:foundation.copycat.CopycatBlockMixin from mod copycats because it already exists in com.copycatsplus.copycats.foundation.copycat.CCCopycatBlock
[26Jul2026 11:04:43.518] [modloading-worker-0/WARN] [mixin/]: Discarding @Unique public method useWithoutItem in copycats-neoforge.mixins.json:foundation.copycat.CopycatBlockMixin from mod copycats because it already exists in com.copycatsplus.copycats.foundation.copycat.CCCopycatBlock
[26Jul2026 11:04:43.533] [modloading-worker-0/INFO] [dev.pandasystems.pandalib.PandaLib/]: Loaded config from /home/axii/.local/share/PrismLauncher/instances/dode/minecraft/config/fallingtrees/common.json
[26Jul2026 11:04:43.554] [modloading-worker-0/WARN] [mixin/]: Discarding @Unique public method rotate in copycats-neoforge.mixins.json:foundation.copycat.CopycatBlockMixin from mod copycats because it already exists in com.copycatsplus.copycats.content.copycat.button.CopycatButtonBlock
[26Jul2026 11:04:43.554] [modloading-worker-0/WARN] [mixin/]: Discarding @Unique public method mirror in copycats-neoforge.mixins.json:foundation.copycat.CopycatBlockMixin from mod copycats because it already exists in com.copycatsplus.copycats.content.copycat.button.CopycatButtonBlock
[26Jul2026 11:04:43.554] [modloading-worker-0/WARN] [mixin/]: Discarding @Unique public method useItemOn in copycats-neoforge.mixins.json:foundation.copycat.CopycatBlockMixin from mod copycats because it already exists in com.copycatsplus.copycats.content.copycat.button.CopycatButtonBlock
[26Jul2026 11:04:43.554] [modloading-worker-0/WARN] [mixin/]: Discarding @Unique public method useWithoutItem in copycats-neoforge.mixins.json:foundation.copycat.CopycatBlockMixin from mod copycats because it already exists in com.copycatsplus.copycats.content.copycat.button.CopycatButtonBlock
[26Jul2026 11:04:43.573] [modloading-worker-0/WARN] [mixin/]: Discarding @Unique public method rotate in copycats-neoforge.mixins.json:foundation.copycat.CopycatBlockMixin from mod copycats because it already exists in com.copycatsplus.copycats.content.copycat.fence.CopycatFenceBlock
[26Jul2026 11:04:43.573] [modloading-worker-0/WARN] [mixin/]: Discarding @Unique public method mirror in copycats-neoforge.mixins.json:foundation.copycat.CopycatBlockMixin from mod copycats because it already exists in com.copycatsplus.copycats.content.copycat.fence.CopycatFenceBlock
[26Jul2026 11:04:43.573] [modloading-worker-0/WARN] [mixin/]: Discarding @Unique public method useItemOn in copycats-neoforge.mixins.json:foundation.copycat.CopycatBlockMixin from mod copycats because it already exists in com.copycatsplus.copycats.content.copycat.fence.CopycatFenceBlock
[26Jul2026 11:04:43.573] [modloading-worker-0/WARN] [mixin/]: Discarding @Unique public method useWithoutItem in copycats-neoforge.mixins.json:foundation.copycat.CopycatBlockMixin from mod copycats because it already exists in com.copycatsplus.copycats.content.copycat.fence.CopycatFenceBlock
[26Jul2026 11:04:43.575] [modloading-worker-0/INFO] [fzzy_config/]: Loaded config :emi_loot_config in 145ms
[26Jul2026 11:04:43.581] [modloading-worker-0/INFO] [xaero.lib.XaeroLib/]: Registering common data for channel xaerolib:main!
[26Jul2026 11:04:43.582] [modloading-worker-0/INFO] [xaero.lib.XaeroLib/]: Registering client data for channel xaerolib:main!
[26Jul2026 11:04:43.583] [modloading-worker-0/WARN] [mixin/]: Discarding @Unique public method rotate in copycats-neoforge.mixins.json:foundation.copycat.CopycatBlockMixin from mod copycats because it already exists in com.copycatsplus.copycats.content.copycat.fence_gate.CopycatFenceGateBlock
[26Jul2026 11:04:43.583] [modloading-worker-0/WARN] [mixin/]: Discarding @Unique public method mirror in copycats-neoforge.mixins.json:foundation.copycat.CopycatBlockMixin from mod copycats because it already exists in com.copycatsplus.copycats.content.copycat.fence_gate.CopycatFenceGateBlock
[26Jul2026 11:04:43.583] [modloading-worker-0/WARN] [mixin/]: Discarding @Unique public method useItemOn in copycats-neoforge.mixins.json:foundation.copycat.CopycatBlockMixin from mod copycats because it already exists in com.copycatsplus.copycats.content.copycat.fence_gate.CopycatFenceGateBlock
[26Jul2026 11:04:43.583] [modloading-worker-0/WARN] [mixin/]: Discarding @Unique public method useWithoutItem in copycats-neoforge.mixins.json:foundation.copycat.CopycatBlockMixin from mod copycats because it already exists in com.copycatsplus.copycats.content.copycat.fence_gate.CopycatFenceGateBlock
[26Jul2026 11:04:43.590] [modloading-worker-0/INFO] [xaero.lib.XaeroLib/]: Loading primary common config for channel xaerolib:main!
[26Jul2026 11:04:43.591] [modloading-worker-0/INFO] [xaero.lib.XaeroLib/]: Loading server config profiles for channel xaerolib:main!
[26Jul2026 11:04:43.592] [modloading-worker-0/INFO] [xaero.lib.XaeroLib/]: Loading primary client config for channel xaerolib:main!
[26Jul2026 11:04:43.592] [modloading-worker-0/INFO] [xaero.lib.XaeroLib/]: Loading client config profiles for channel xaerolib:main!
[26Jul2026 11:04:43.600] [modloading-worker-0/INFO] [net.minecraft.server.LoggedPrintStream/]: [STDOUT]: [TRender] Initializing Client...
[26Jul2026 11:04:43.607] [modloading-worker-0/WARN] [mixin/]: Discarding @Unique public method rotate in copycats-neoforge.mixins.json:foundation.copycat.CopycatBlockMixin from mod copycats because it already exists in com.copycatsplus.copycats.content.copycat.ladder.CopycatLadderBlock
[26Jul2026 11:04:43.607] [modloading-worker-0/WARN] [mixin/]: Discarding @Unique public method mirror in copycats-neoforge.mixins.json:foundation.copycat.CopycatBlockMixin from mod copycats because it already exists in com.copycatsplus.copycats.content.copycat.ladder.CopycatLadderBlock
[26Jul2026 11:04:43.607] [modloading-worker-0/WARN] [mixin/]: Discarding @Unique public method useItemOn in copycats-neoforge.mixins.json:foundation.copycat.CopycatBlockMixin from mod copycats because it already exists in com.copycatsplus.copycats.content.copycat.ladder.CopycatLadderBlock
[26Jul2026 11:04:43.607] [modloading-worker-0/WARN] [mixin/]: Discarding @Unique public method useWithoutItem in copycats-neoforge.mixins.json:foundation.copycat.CopycatBlockMixin from mod copycats because it already exists in com.copycatsplus.copycats.content.copycat.ladder.CopycatLadderBlock
[26Jul2026 11:04:43.611] [modloading-worker-0/INFO] [net.minecraft.server.LoggedPrintStream/]: [STDOUT]: Loaded backpack material: iron (2x9)
[26Jul2026 11:04:43.611] [modloading-worker-0/INFO] [net.minecraft.server.LoggedPrintStream/]: [STDOUT]: Loaded backpack material: gold (4x9)
[26Jul2026 11:04:43.611] [modloading-worker-0/INFO] [net.minecraft.server.LoggedPrintStream/]: [STDOUT]: Loaded backpack material: diamond (6x9)
[26Jul2026 11:04:43.611] [modloading-worker-0/INFO] [net.minecraft.server.LoggedPrintStream/]: [STDOUT]: Loaded backpack material: netherite (6x9)
[26Jul2026 11:04:43.613] [modloading-worker-0/INFO] [yyzsbackpack/]: 已生成默认自定义排序配置文件: config/yyzsbackpack/sorter_custom.json
[26Jul2026 11:04:43.620] [modloading-worker-0/WARN] [mixin/]: Discarding @Unique public method rotate in copycats-neoforge.mixins.json:foundation.copycat.CopycatBlockMixin from mod copycats because it already exists in com.copycatsplus.copycats.content.copycat.pressure_plate.CopycatPressurePlateBlock
[26Jul2026 11:04:43.620] [modloading-worker-0/WARN] [mixin/]: Discarding @Unique public method mirror in copycats-neoforge.mixins.json:foundation.copycat.CopycatBlockMixin from mod copycats because it already exists in com.copycatsplus.copycats.content.copycat.pressure_plate.CopycatPressurePlateBlock
[26Jul2026 11:04:43.620] [modloading-worker-0/WARN] [mixin/]: Discarding @Unique public method useItemOn in copycats-neoforge.mixins.json:foundation.copycat.CopycatBlockMixin from mod copycats because it already exists in com.copycatsplus.copycats.content.copycat.pressure_plate.CopycatPressurePlateBlock
[26Jul2026 11:04:43.621] [modloading-worker-0/WARN] [mixin/]: Discarding @Unique public method useWithoutItem in copycats-neoforge.mixins.json:foundation.copycat.CopycatBlockMixin from mod copycats because it already exists in com.copycatsplus.copycats.content.copycat.pressure_plate.CopycatPressurePlateBlock
[26Jul2026 11:04:43.626] [modloading-worker-0/WARN] [mixin/]: Discarding @Unique public method rotate in copycats-neoforge.mixins.json:foundation.copycat.CopycatBlockMixin from mod copycats because it already exists in com.copycatsplus.copycats.content.copycat.pressure_plate.CopycatWeightedPressurePlate
[26Jul2026 11:04:43.626] [modloading-worker-0/WARN] [mixin/]: Discarding @Unique public method mirror in copycats-neoforge.mixins.json:foundation.copycat.CopycatBlockMixin from mod copycats because it already exists in com.copycatsplus.copycats.content.copycat.pressure_plate.CopycatWeightedPressurePlate
[26Jul2026 11:04:43.626] [modloading-worker-0/WARN] [mixin/]: Discarding @Unique public method useItemOn in copycats-neoforge.mixins.json:foundation.copycat.CopycatBlockMixin from mod copycats because it already exists in com.copycatsplus.copycats.content.copycat.pressure_plate.CopycatWeightedPressurePlate
[26Jul2026 11:04:43.626] [modloading-worker-0/WARN] [mixin/]: Discarding @Unique public method useWithoutItem in copycats-neoforge.mixins.json:foundation.copycat.CopycatBlockMixin from mod copycats because it already exists in com.copycatsplus.copycats.content.copycat.pressure_plate.CopycatWeightedPressurePlate
[26Jul2026 11:04:43.637] [modloading-worker-0/WARN] [mixin/]: Discarding @Unique public method rotate in copycats-neoforge.mixins.json:foundation.copycat.CopycatBlockMixin from mod copycats because it already exists in com.copycatsplus.copycats.content.copycat.stairs.CopycatStairsBlock
[26Jul2026 11:04:43.637] [modloading-worker-0/WARN] [mixin/]: Discarding @Unique public method mirror in copycats-neoforge.mixins.json:foundation.copycat.CopycatBlockMixin from mod copycats because it already exists in com.copycatsplus.copycats.content.copycat.stairs.CopycatStairsBlock
[26Jul2026 11:04:43.637] [modloading-worker-0/WARN] [mixin/]: Discarding @Unique public method useItemOn in copycats-neoforge.mixins.json:foundation.copycat.CopycatBlockMixin from mod copycats because it already exists in com.copycatsplus.copycats.content.copycat.stairs.CopycatStairsBlock
[26Jul2026 11:04:43.637] [modloading-worker-0/WARN] [mixin/]: Discarding @Unique public method useWithoutItem in copycats-neoforge.mixins.json:foundation.copycat.CopycatBlockMixin from mod copycats because it already exists in com.copycatsplus.copycats.content.copycat.stairs.CopycatStairsBlock
[26Jul2026 11:04:43.645] [modloading-worker-0/WARN] [mixin/]: Discarding @Unique public method rotate in copycats-neoforge.mixins.json:foundation.copycat.CopycatBlockMixin from mod copycats because it already exists in com.copycatsplus.copycats.content.copycat.trapdoor.CopycatTrapdoorBlock
[26Jul2026 11:04:43.645] [modloading-worker-0/WARN] [mixin/]: Discarding @Unique public method mirror in copycats-neoforge.mixins.json:foundation.copycat.CopycatBlockMixin from mod copycats because it already exists in com.copycatsplus.copycats.content.copycat.trapdoor.CopycatTrapdoorBlock
[26Jul2026 11:04:43.645] [modloading-worker-0/WARN] [mixin/]: Discarding @Unique public method useItemOn in copycats-neoforge.mixins.json:foundation.copycat.CopycatBlockMixin from mod copycats because it already exists in com.copycatsplus.copycats.content.copycat.trapdoor.CopycatTrapdoorBlock
[26Jul2026 11:04:43.645] [modloading-worker-0/WARN] [mixin/]: Discarding @Unique public method useWithoutItem in copycats-neoforge.mixins.json:foundation.copycat.CopycatBlockMixin from mod copycats because it already exists in com.copycatsplus.copycats.content.copycat.trapdoor.CopycatTrapdoorBlock
[26Jul2026 11:04:43.658] [modloading-worker-0/WARN] [mixin/]: Discarding @Unique public method rotate in copycats-neoforge.mixins.json:foundation.copycat.CopycatBlockMixin from mod copycats because it already exists in com.copycatsplus.copycats.content.copycat.wall.CopycatWallBlock
[26Jul2026 11:04:43.658] [modloading-worker-0/WARN] [mixin/]: Discarding @Unique public method mirror in copycats-neoforge.mixins.json:foundation.copycat.CopycatBlockMixin from mod copycats because it already exists in com.copycatsplus.copycats.content.copycat.wall.CopycatWallBlock
[26Jul2026 11:04:43.658] [modloading-worker-0/WARN] [mixin/]: Discarding @Unique public method useItemOn in copycats-neoforge.mixins.json:foundation.copycat.CopycatBlockMixin from mod copycats because it already exists in com.copycatsplus.copycats.content.copycat.wall.CopycatWallBlock
[26Jul2026 11:04:43.658] [modloading-worker-0/WARN] [mixin/]: Discarding @Unique public method useWithoutItem in copycats-neoforge.mixins.json:foundation.copycat.CopycatBlockMixin from mod copycats because it already exists in com.copycatsplus.copycats.content.copycat.wall.CopycatWallBlock
[26Jul2026 11:04:43.663] [DefaultDispatcher-worker-1/INFO] [de.miraculixx.veinminer.Veinminer/]: veinminer is up to date
[26Jul2026 11:04:43.676] [modloading-worker-0/INFO] [KissMod/]: Hello NeoForge world from KissMod!
[26Jul2026 11:04:43.678] [modloading-worker-0/WARN] [mixin/]: Discarding @Unique public method rotate in copycats-neoforge.mixins.json:foundation.copycat.CopycatBlockMixin from mod copycats because it already exists in com.copycatsplus.copycats.content.copycat.shaft.CopycatShaftBlock
[26Jul2026 11:04:43.678] [modloading-worker-0/WARN] [mixin/]: Discarding @Unique public method mirror in copycats-neoforge.mixins.json:foundation.copycat.CopycatBlockMixin from mod copycats because it already exists in com.copycatsplus.copycats.content.copycat.shaft.CopycatShaftBlock
[26Jul2026 11:04:43.678] [modloading-worker-0/WARN] [mixin/]: Discarding @Unique public method useItemOn in copycats-neoforge.mixins.json:foundation.copycat.CopycatBlockMixin from mod copycats because it already exists in com.copycatsplus.copycats.content.copycat.shaft.CopycatShaftBlock
[26Jul2026 11:04:43.678] [modloading-worker-0/WARN] [mixin/]: Discarding @Unique public method useWithoutItem in copycats-neoforge.mixins.json:foundation.copycat.CopycatBlockMixin from mod copycats because it already exists in com.copycatsplus.copycats.content.copycat.shaft.CopycatShaftBlock
[26Jul2026 11:04:43.685] [Ribbits Supporter JSON Thread/INFO] [ribbits/]: Successfully loaded supporters.json file!
[26Jul2026 11:04:43.689] [modloading-worker-0/INFO] [KissMod/]: Hello from KissMod Common init on NeoForge! We are currently in a production environment!
[26Jul2026 11:04:43.689] [modloading-worker-0/INFO] [KissMod/]: KissMod is loaded!
[26Jul2026 11:04:43.693] [modloading-worker-0/WARN] [mixin/]: Discarding @Unique public method rotate in copycats-neoforge.mixins.json:foundation.copycat.multistate.MultiStateCopycatBlockMixin from mod copycats because it already exists in com.copycatsplus.copycats.content.copycat.cogwheel.CopycatCogWheelBlock
[26Jul2026 11:04:43.693] [modloading-worker-0/WARN] [mixin/]: Discarding @Unique public method mirror in copycats-neoforge.mixins.json:foundation.copycat.multistate.MultiStateCopycatBlockMixin from mod copycats because it already exists in com.copycatsplus.copycats.content.copycat.cogwheel.CopycatCogWheelBlock
[26Jul2026 11:04:43.693] [modloading-worker-0/WARN] [mixin/]: Discarding @Unique public method useItemOn in copycats-neoforge.mixins.json:foundation.copycat.multistate.MultiStateCopycatBlockMixin from mod copycats because it already exists in com.copycatsplus.copycats.content.copycat.cogwheel.CopycatCogWheelBlock
[26Jul2026 11:04:43.693] [modloading-worker-0/WARN] [mixin/]: Discarding @Unique public method useWithoutItem in copycats-neoforge.mixins.json:foundation.copycat.multistate.MultiStateCopycatBlockMixin from mod copycats because it already exists in com.copycatsplus.copycats.content.copycat.cogwheel.CopycatCogWheelBlock
[26Jul2026 11:04:43.710] [modloading-worker-0/WARN] [mixin/]: Discarding @Unique public method rotate in copycats-neoforge.mixins.json:foundation.copycat.CopycatBlockMixin from mod copycats because it already exists in com.copycatsplus.copycats.content.copycat.fluid_pipe.CopycatFluidPipeBlock
[26Jul2026 11:04:43.710] [modloading-worker-0/WARN] [mixin/]: Discarding @Unique public method mirror in copycats-neoforge.mixins.json:foundation.copycat.CopycatBlockMixin from mod copycats because it already exists in com.copycatsplus.copycats.content.copycat.fluid_pipe.CopycatFluidPipeBlock
[26Jul2026 11:04:43.710] [modloading-worker-0/WARN] [mixin/]: Discarding @Unique public method useItemOn in copycats-neoforge.mixins.json:foundation.copycat.CopycatBlockMixin from mod copycats because it already exists in com.copycatsplus.copycats.content.copycat.fluid_pipe.CopycatFluidPipeBlock
[26Jul2026 11:04:43.710] [modloading-worker-0/WARN] [mixin/]: Discarding @Unique public method useWithoutItem in copycats-neoforge.mixins.json:foundation.copycat.CopycatBlockMixin from mod copycats because it already exists in com.copycatsplus.copycats.content.copycat.fluid_pipe.CopycatFluidPipeBlock
[26Jul2026 11:04:43.719] [modloading-worker-0/INFO] [YetAnotherConfigLib/]: Deserializing YACLConfig from '/home/axii/.local/share/PrismLauncher/instances/dode/minecraft/config/yacl.json5'
[26Jul2026 11:04:43.725] [modloading-worker-0/WARN] [mixin/]: Discarding @Unique public method rotate in copycats-neoforge.mixins.json:foundation.copycat.CopycatBlockMixin from mod copycats because it already exists in com.copycatsplus.copycats.content.copycat.pane.CopycatPaneBlock
[26Jul2026 11:04:43.725] [modloading-worker-0/WARN] [mixin/]: Discarding @Unique public method mirror in copycats-neoforge.mixins.json:foundation.copycat.CopycatBlockMixin from mod copycats because it already exists in com.copycatsplus.copycats.content.copycat.pane.CopycatPaneBlock
[26Jul2026 11:04:43.725] [modloading-worker-0/WARN] [mixin/]: Discarding @Unique public method useItemOn in copycats-neoforge.mixins.json:foundation.copycat.CopycatBlockMixin from mod copycats because it already exists in com.copycatsplus.copycats.content.copycat.pane.CopycatPaneBlock
[26Jul2026 11:04:43.725] [modloading-worker-0/WARN] [mixin/]: Discarding @Unique public method useWithoutItem in copycats-neoforge.mixins.json:foundation.copycat.CopycatBlockMixin from mod copycats because it already exists in com.copycatsplus.copycats.content.copycat.pane.CopycatPaneBlock
[26Jul2026 11:04:43.731] [modloading-worker-0/WARN] [mixin/]: Discarding @Unique public method useItemOn in copycats-common.mixins.json:copycat.step.CopycatStepBlockMixin from mod copycats because it already exists in com.simibubi.create.content.decoration.copycat.CopycatStepBlock
[26Jul2026 11:04:43.739] [modloading-worker-0/WARN] [mixin/]: Discarding @Unique public method useItemOn in copycats-common.mixins.json:copycat.panel.CopycatPanelBlockMixin from mod copycats because it already exists in com.simibubi.create.content.decoration.copycat.CopycatPanelBlock
[26Jul2026 11:04:43.739] [modloading-worker-0/WARN] [mixin/]: Discarding @Unique public method mirror in copycats-common.mixins.json:copycat.panel.CopycatPanelBlockMixin from mod copycats because it already exists in com.simibubi.create.content.decoration.copycat.CopycatPanelBlock
[26Jul2026 11:04:43.739] [modloading-worker-0/WARN] [mixin/]: Discarding @Unique public method rotate in copycats-common.mixins.json:copycat.panel.CopycatPanelBlockMixin from mod copycats because it already exists in com.simibubi.create.content.decoration.copycat.CopycatPanelBlock
[26Jul2026 11:04:43.766] [modloading-worker-0/WARN] [mixin/]: Discarding @Unique public method onLoad in copycats-neoforge.mixins.json:foundation.copycat.CopycatBlockEntityMixin from mod copycats because it already exists in com.copycatsplus.copycats.foundation.copycat.CCCopycatBlockEntity
[26Jul2026 11:04:43.768] [modloading-worker-0/WARN] [mixin/]: Discarding @Unique public method onLoad in copycats-neoforge.mixins.json:foundation.copycat.multistate.MultiStateCopycatBlockEntityMixin from mod copycats because it already exists in com.copycatsplus.copycats.foundation.copycat.multistate.MultiStateCopycatBlockEntity
[26Jul2026 11:04:43.772] [modloading-worker-0/WARN] [mixin/]: Discarding @Unique public method onLoad in copycats-neoforge.mixins.json:foundation.copycat.CopycatBlockEntityMixin from mod copycats because it already exists in com.copycatsplus.copycats.content.copycat.shaft.CopycatShaftBlockEntity
[26Jul2026 11:04:43.773] [modloading-worker-0/WARN] [mixin/]: Discarding @Unique public method onLoad in copycats-neoforge.mixins.json:foundation.copycat.multistate.MultiStateCopycatBlockEntityMixin from mod copycats because it already exists in com.copycatsplus.copycats.content.copycat.cogwheel.CopycatCogWheelBlockEntity
[26Jul2026 11:04:43.775] [modloading-worker-0/WARN] [mixin/]: Discarding @Unique public method onLoad in copycats-neoforge.mixins.json:foundation.copycat.CopycatBlockEntityMixin from mod copycats because it already exists in com.copycatsplus.copycats.content.copycat.fluid_pipe.CopycatFluidPipeBlockEntity
[26Jul2026 11:04:43.776] [modloading-worker-0/WARN] [mixin/]: Discarding @Unique public method onLoad in copycats-neoforge.mixins.json:foundation.copycat.CopycatBlockEntityMixin from mod copycats because it already exists in com.copycatsplus.copycats.content.copycat.fluid_pipe.CopycatStraightPipeBlockEntity
[26Jul2026 11:04:43.779] [modloading-worker-0/WARN] [mixin/]: Discarding @Unique public method onLoad in copycats-neoforge.mixins.json:foundation.copycat.CopycatBlockEntityMixin from mod copycats because it already exists in com.copycatsplus.copycats.content.copycat.sliding_door.CopycatSlidingDoorBlockEntity
[26Jul2026 11:04:43.901] [modloading-worker-0/INFO] [YetAnotherConfigLib/]: Deserializing CACCommonConfig from '/home/axii/.local/share/PrismLauncher/instances/dode/minecraft/config/crittersandcompanions-common.json5'
[26Jul2026 11:04:44.209] [modloading-worker-0/INFO] [Railways/]: Registered bogey styles from railways
[26Jul2026 11:04:44.293] [modloading-worker-0/INFO] [KubeJS Startup/]: startup_scripts:main.js#2: Hello, World! (Loaded startup example script)
[26Jul2026 11:04:44.294] [modloading-worker-0/INFO] [KubeJS Startup/]: Loaded script startup_scripts:main.js in 0.05 s
[26Jul2026 11:04:44.297] [modloading-worker-0/INFO] [KubeJS Startup/]: Loaded 1/1 KubeJS startup scripts in 0.82 s with 0 errors and 0 warnings
[26Jul2026 11:04:44.308] [modloading-worker-0/INFO] [KubeJS Client/]: client_scripts:main.js#2: Hello, World! (Loaded client example script)
[26Jul2026 11:04:44.309] [modloading-worker-0/INFO] [KubeJS Client/]: Loaded script client_scripts:main.js in 0.001 s
[26Jul2026 11:04:44.316] [modloading-worker-0/INFO] [KubeJS Client/]: Loaded script client_scripts:unlit_stove.js in 0.007 s
[26Jul2026 11:04:44.317] [modloading-worker-0/INFO] [KubeJS Client/]: Loaded 2/2 KubeJS client scripts in 0.018 s with 0 errors and 0 warnings
[26Jul2026 11:04:44.320] [modloading-worker-0/INFO] [KubeJS Startup/]: Validated 2 files in kubejs/assets/ in 1ms
[26Jul2026 11:04:44.321] [modloading-worker-0/INFO] [KubeJS Startup/]: Validated 0 files in kubejs/data/ in 1ms
[26Jul2026 11:04:44.368] [modloading-worker-0/INFO] [Railways/]: Registering data fixers
[26Jul2026 11:04:44.745] [modloading-worker-0/INFO] [dev.ryanhcode.sable.Sable/]: Sable loaded!
[26Jul2026 11:04:44.757] [modloading-worker-0/WARN] [dev.ryanhcode.sable.Sable/]: NOTE: Sable is loaded with Flywheel. Sable contains extensive shader overrides and a full light-storage replacement. Expect this to cause compatibility issues. If issues arise, please report them to the Sable issue tracker (https://github.com/ryanhcode/sable/issues) instead of the Flywheel issue tracker.
[26Jul2026 11:04:44.906] [modloading-sync-worker/INFO] [snownee.kiwi.Kiwi/INIT]: Module [snowrealmagic:core] initialized
[26Jul2026 11:04:44.907] [modloading-sync-worker/INFO] [snownee.kiwi.Kiwi/INIT]: 		block: 11, block_entity_type: 2, loot_pool_entry_type: 1
[26Jul2026 11:04:44.907] [modloading-sync-worker/INFO] [snownee.kiwi.Kiwi/INIT]: Module [kiwi:data] initialized
[26Jul2026 11:04:44.907] [modloading-sync-worker/INFO] [snownee.kiwi.Kiwi/INIT]: 		recipe_serializer: 2, neoforge:condition_codecs: 2
[26Jul2026 11:04:46.102] [modloading-sync-worker/INFO] [Moonlight/]: Initialized block sets in 10ms
[26Jul2026 11:04:48.234] [Render thread/INFO] [net.minecraft.server.packs.repository.FolderRepositorySource/]: Found non-pack entry '/home/axii/.local/share/PrismLauncher/instances/dode/minecraft/resourcepacks/.index', ignoring
[26Jul2026 11:04:48.266] [Render thread/INFO] [Moonlight/]: Merging 2 images using mode MIN_AREA_NO_UPSCALE
[26Jul2026 11:04:48.443] [Render thread/INFO] [Veil/]: GL Debug supported
[26Jul2026 11:04:48.465] [Render thread/INFO] [Sodium/]: Block minecraft:birch_leaves had its color provider replaced with sereneseasons.init.ModClient$$Lambda/0x0000000802fd1130@40b01c90 and will not use per-vertex coloring
[26Jul2026 11:04:48.619] [Render thread/INFO] [Iris/]: Hardware information:
[26Jul2026 11:04:48.619] [Render thread/INFO] [Iris/]: CPU: 12x AMD Ryzen 5 5600X 6-Core Processor
[26Jul2026 11:04:48.619] [Render thread/INFO] [Iris/]: GPU: AMD Radeon RX 6700 XT (radeonsi, navi22, ACO, DRM 3.64, 7.0.14-201.fc44.x86_64) (Supports OpenGL 4.6 (Core Profile) Mesa 26.1.5)
[26Jul2026 11:04:48.619] [Render thread/INFO] [Iris/]: OS: Linux (7.0.14-201.fc44.x86_64)
[26Jul2026 11:04:48.746] [Render thread/INFO] [net.minecraft.server.LoggedPrintStream/]: [STDOUT]: REGISTERING MENU SCREENS BO
[26Jul2026 11:04:49.290] [Render thread/INFO] [net.minecraft.server.packs.resources.ReloadableResourceManager/]: Reloading ResourceManager: vanilla, KubeJS Virtual Resource Pack [Before Mods, assets], fabric, mod_resources, mod/sodium, mod/supermartijn642configlib, mod/playeranimator, mod/dynamiccrosshair, mod/fabric_rendering_fluids_v1, mod/aeronautics_bundled, mod/forgeendertech, mod/fabric_convention_tags_v1, mod/neoforge, mod/fabric_block_view_api_v2, mod/fabric_convention_tags_v2, mod/fabric_command_api_v2, mod/comfortable_campfires, mod/yungsapi, mod/iris, mod/mr_no_phantom, mod/veil, mod/kambrik, mod/pickupnotifier, mod/balm, mod/snowrealmagic, mod/fabric_screen_api_v1, mod/chat_heads, mod/cloth_config, mod/supplementaries, mod/fabric_game_rule_api_v1, mod/noelytrasmod, mod/mr_developer_resources, mod/supermartijn642corelib, mod/spark, mod/curios, mod/chatanimation, mod/searchables, mod/fabric_entity_events_v1, mod/seamlesssleep, mod/e4mc, mod/transition, mod/proplacer, mod/emiprofessions, mod/fabric_rendering_data_attachment_v1, mod/fabric_client_tags_api_v1, mod/kiwi, mod/mr_keep_someinventory, mod/bountifulbaubles, mod/fabric_model_loading_api_v1, mod/lithostitched, mod/visualworkbench, mod/lithium, mod/aeronautics, mod/fabric_screen_handler_api_v1, mod/fabric_rendering_v1, mod/libbamboo, mod/fabric_renderer_indigo, mod/badpackets, mod/glitchcore, mod/sereneseasons, mod/fabric_particles_v1, mod/villagercomfort, mod/surfacesamples, mod/offroad, mod/better_campfires, mod/emi, mod/golden_dandelion_backport, mod/voicechat,voicechat_api, mod/sound_physics_remastered, mod/theoneprobe, mod/fabric_api_base, mod/mousetweaks, mod/necronomicon, mod/adlods, mod/fabric_block_api_v1, mod/spectrelib, mod/fabric_resource_conditions_api_v1, mod/kotlinforforge, mod/sablecompanion, mod/flywheel, mod/ponder, mod/xaerominimap, mod/fabric_item_group_api_v1, mod/entityculling, mod/yumi_mc_core, mod/fabric_registry_sync_v0, mod/immediatelyfast, mod/continuity, mod/lambdynlights_api, mod/appleskin, mod/fabric_recipe_api_v1, mod/fabric_object_builder_api_v1, mod/puzzleslib, mod/fabric_sound_api_v1, mod/immersive_melodies, mod/emi_ores, mod/fabric_message_api_v1, mod/atmosphere, mod/treechop, mod/kuma_api, mod/fabric_renderer_api_v1, mod/codecui, mod/geckolib, mod/fabric_item_api_v1, mod/villagernames, mod/xaeroworldmap, mod/controlling, mod/burnt, mod/fabric_data_attachment_api_v1, mod/lambdynlights, mod/item_obliterator, mod/numismatics, mod/simulated, mod/railways, mod/carryon, mod/connector, mod/fzzy_config, mod/emi_loot, mod/fabric_api,forgified_fabric_api, mod/pride, mod/fabric_content_registries_v0, mod/create_connected, mod/farmersdelight, mod/entity_model_features, mod/entity_texture_features, mod/fabric_api_lookup_api_v1, mod/dogslie, mod/pandalib, mod/dynamiccrosshairapi, mod/mr_rmes_campfireleather, mod/bountiful, mod/modelfix, mod/collective, mod/veinminer, mod/lootjs, mod/architectury, mod/worn_path, mod/ftblibrary, mod/crittersandcompanions, mod/ftbteams, mod/ftbquests, mod/aiimprovements, mod/lambdynlights_runtime, mod/fabric_loot_api_v2, mod/fabric_loot_api_v3, mod/trashcans, mod/fabric_networking_api_v1, mod/probejs, mod/fabric_lifecycle_events_v1, mod/percale, mod/fabric_key_binding_api_v1, mod/fallingtrees, mod/fabric_transfer_api_v1, mod/rhino, mod/toomanyrecipeviewers,jei, mod/kubejs, mod/kubejsdelight, mod/owo, mod/copycats, mod/a_man_with_plushies, mod/commonnetworking, mod/vc_gliders, mod/xaerolib, mod/fabric_resource_loader_v0, mod/trender, mod/create, mod/sliceanddice, mod/sable, mod/kubejs_create, mod/createpropulsion, mod/yyzsbackpack, mod/clumps, mod/comforts, mod/terralith, mod/ichunutil, mod/blueprint, mod/pet_cemetery, mod/txnilib, mod/player_animation_library, mod/mr_better_babies, mod/create_numismatic_bounties, mod/skinlayers3d, mod/fabric_transitive_access_wideners_v1, mod/moonlight, mod/distraction_free_recipes, mod/fabric_blockrenderlayer_v1, mod/coopmoves, mod/ribbits, mod/iceberg, mod/highlighter, mod/fabric_gametest_api_v1, mod/spruceui, mod/fabric_biome_api_v1, mod/createrailgrinding, mod/betteradvancedtooltips, mod/emi_enchanting, mod/ferritecore, mod/yet_another_config_lib_v3, mod/kissmod, mod/fabric_data_generation_api_v1, mod/fabric_tag_api_v1, mod/peaceful_nights, mod/fabric_events_interaction_v0, mod/createaddition, moonlight:merged_pack, file/Os' Colorful Grasses (Short and Fluffy).zip, file/Simple Grass Flowers v1.9.6.zip, file/Fancy Crops v1.3.zip, file/FreshAnimations_v1.10.1.zip, file/xali's Enhanced Vanilla -1.11.2b-rev.54d51d4.zip, KubeJS Virtual Resource Pack [Internal, assets], KubeJS Virtual Resource Pack [After Mods, assets], KubeJS File Resource Pack [assets], file/LegacyCopperContinued-1.2.zip, visualworkbench:default_block_models, KubeJS Virtual Resource Pack [Last, assets]
[26Jul2026 11:04:49.293] [Render thread/WARN] [net.minecraft.server.packs.FilePackResources/]: Non [a-z0-9_.-] character in namespace .DS_Store in pack /home/axii/.local/share/PrismLauncher/instances/dode/minecraft/resourcepacks/Os' Colorful Grasses (Short and Fluffy).zip, ignoring
[26Jul2026 11:04:49.333] [Render thread/INFO] [Puzzles Lib/]: Data generation for dynamic pack resources provided by 'visualworkbench' took 35ms
[26Jul2026 11:04:49.339] [Render thread/WARN] [net.minecraft.server.packs.FilePackResources/]: Non [a-z0-9_.-] character in namespace .DS_Store in pack /home/axii/.local/share/PrismLauncher/instances/dode/minecraft/resourcepacks/Os' Colorful Grasses (Short and Fluffy).zip, ignoring
[26Jul2026 11:04:49.350] [Render thread/INFO] [com.teamabnormals.blueprint.core.Blueprint/]: Successfully loaded 0 assets remolders!
[26Jul2026 11:04:49.357] [Worker-Main-3/INFO] [Moonlight/]: Resource cache state for CLIENT_RESOURCES: needs regeneration
[26Jul2026 11:04:49.358] [Worker-Main-3/INFO] [Moonlight/]: Deleting directory: /home/axii/.local/share/PrismLauncher/instances/dode/minecraft/dynamic-resource-pack-cache/supplementaries-generated_pack
[26Jul2026 11:04:49.359] [Worker-Main-3/INFO] [Moonlight/]: Cleared cache pack resources at /home/axii/.local/share/PrismLauncher/instances/dode/minecraft/dynamic-resource-pack-cache/supplementaries-generated_pack in 2.069 ms
[26Jul2026 11:04:49.359] [Worker-Main-3/INFO] [Moonlight/]: Starting runtime resource generation for pack type CLIENT_RESOURCES with generators [moonlight:dynamic_resources, supplementaries:generated_pack]
[26Jul2026 11:04:49.366] [Render thread/INFO] [KubeJS Client/]: Client resource reload complete!
[26Jul2026 11:04:49.369] [Worker-Main-3/INFO] [Moonlight/]: Regenerating Dynamic CLIENT_RESOURCES Resources Provider [moonlight:dynamic_resources], requested by strategy REGEN_ON_EVERY_RELOAD
[26Jul2026 11:04:49.371] [Worker-Main-3/INFO] [Moonlight/]: Generated runtime CLIENT_RESOURCES for pack moonlight:dynamic_resources in 2.641 ms
[26Jul2026 11:04:49.373] [Worker-Main-3/INFO] [Moonlight/]: Regenerating Dynamic CLIENT_RESOURCES Resources Provider [supplementaries:generated_pack], requested by strategy CACHED_FOLDER
[26Jul2026 11:04:49.426] [Worker-Main-3/INFO] [Moonlight/]: Generated runtime CLIENT_RESOURCES for pack supplementaries:generated_pack in 52.83 ms
[26Jul2026 11:04:49.429] [Worker-Main-3/INFO] [Moonlight/]: Populated search tree for pack at /home/axii/.local/share/PrismLauncher/instances/dode/minecraft/dynamic-resource-pack-cache/supplementaries-generated_pack in 1.762 ms
[26Jul2026 11:04:49.435] [Worker-Main-3/INFO] [Moonlight/]: Finished runtime resources generation for 2 packs in a total of 75.15 ms 
[26Jul2026 11:04:50.425] [NeoForge Version Check/INFO] [net.neoforged.fml.VersionChecker/]: [forgeendertech] Starting version check at https://neoforge.curseupdate.com/244844/forgeendertech
[26Jul2026 11:04:50.432] [Worker-Main-8/INFO] [noelytramod/]: [NoElytraMod] Loaded config: item=minecraft:book, name=I'm sorry but the Elytra is in another End City
[26Jul2026 11:04:50.432] [Worker-Main-10/INFO] [voicechat/]: [voicechat] Compatibility version 20
[26Jul2026 11:04:50.448] [Worker-Main-11/INFO] [xaero.lib.XaeroLib/]: Loading XaeroLib common 1/2!
[26Jul2026 11:04:50.449] [Worker-Main-3/INFO] [net.minecraft.server.LoggedPrintStream/]: [STDOUT]: TxniLib onInitialize!
[26Jul2026 11:04:50.480] [Worker-Main-10/INFO] [voicechat/]: [voicechat] Loading plugins
[26Jul2026 11:04:50.492] [Worker-Main-4/WARN] [net.minecraft.client.gui.font.FontManager/]: Failed to load builder (minecraft:blocks: builder #16 from pack mod/mr_developer_resources), rejecting
java.io.FileNotFoundException: minecraft:textures/block/acacia_leaves_with_color.png
	at TRANSFORMER/minecraft@1.21.1/net.minecraft.server.packs.resources.ResourceProvider.lambda$getResourceOrThrow$1(ResourceProvider.java:23) ~[client-1.21.1-20240808.144430-srg.jar%23310!/:?]
	at java.base/java.util.Optional.orElseThrow(Optional.java:403) ~[?:?]
	at TRANSFORMER/minecraft@1.21.1/net.minecraft.server.packs.resources.ResourceProvider.getResourceOrThrow(ResourceProvider.java:23) ~[client-1.21.1-20240808.144430-srg.jar%23310!/:?]
	at TRANSFORMER/minecraft@1.21.1/net.minecraft.server.packs.resources.ResourceProvider.open(ResourceProvider.java:27) ~[client-1.21.1-20240808.144430-srg.jar%23310!/:?]
	at TRANSFORMER/minecraft@1.21.1/net.minecraft.client.gui.font.providers.BitmapProvider$Definition.load(BitmapProvider.java:131) ~[client-1.21.1-20240808.144430-srg.jar%23310!/:?]
	at TRANSFORMER/minecraft@1.21.1/net.minecraft.client.gui.font.FontManager.lambda$safeLoad$11(FontManager.java:210) ~[client-1.21.1-20240808.144430-srg.jar%23310!/:?]
	at java.base/java.util.concurrent.CompletableFuture$AsyncSupply.run(CompletableFuture.java:1768) [?:?]
	at java.base/java.util.concurrent.CompletableFuture$AsyncSupply.exec(CompletableFuture.java:1760) [?:?]
	at java.base/java.util.concurrent.ForkJoinTask.doExec(ForkJoinTask.java:387) [?:?]
	at java.base/java.util.concurrent.ForkJoinPool$WorkQueue.topLevelExec(ForkJoinPool.java:1312) [?:?]
	at java.base/java.util.concurrent.ForkJoinPool.scan(ForkJoinPool.java:1843) [?:?]
	at java.base/java.util.concurrent.ForkJoinPool.runWorker(ForkJoinPool.java:1808) [?:?]
	at java.base/java.util.concurrent.ForkJoinWorkerThread.run(ForkJoinWorkerThread.java:188) [?:?]
[26Jul2026 11:04:50.494] [Worker-Main-7/INFO] [net.minecraft.client.gui.font.providers.UnihexProvider/]: Found unifont_all_no_pua-15.1.05.hex, loading
[26Jul2026 11:04:50.494] [Worker-Main-4/WARN] [net.minecraft.client.gui.font.FontManager/]: Failed to load builder (minecraft:blocks: builder #12 from pack mod/mr_developer_resources), rejecting
java.io.FileNotFoundException: minecraft:textures/block/spore_blossom_block.png
	at TRANSFORMER/minecraft@1.21.1/net.minecraft.server.packs.resources.ResourceProvider.lambda$getResourceOrThrow$1(ResourceProvider.java:23) ~[client-1.21.1-20240808.144430-srg.jar%23310!/:?]
	at java.base/java.util.Optional.orElseThrow(Optional.java:403) ~[?:?]
	at TRANSFORMER/minecraft@1.21.1/net.minecraft.server.packs.resources.ResourceProvider.getResourceOrThrow(ResourceProvider.java:23) ~[client-1.21.1-20240808.144430-srg.jar%23310!/:?]
	at TRANSFORMER/minecraft@1.21.1/net.minecraft.server.packs.resources.ResourceProvider.open(ResourceProvider.java:27) ~[client-1.21.1-20240808.144430-srg.jar%23310!/:?]
	at TRANSFORMER/minecraft@1.21.1/net.minecraft.client.gui.font.providers.BitmapProvider$Definition.load(BitmapProvider.java:131) ~[client-1.21.1-20240808.144430-srg.jar%23310!/:?]
	at TRANSFORMER/minecraft@1.21.1/net.minecraft.client.gui.font.FontManager.lambda$safeLoad$11(FontManager.java:210) ~[client-1.21.1-20240808.144430-srg.jar%23310!/:?]
	at java.base/java.util.concurrent.CompletableFuture$AsyncSupply.run(CompletableFuture.java:1768) [?:?]
	at java.base/java.util.concurrent.CompletableFuture$AsyncSupply.exec(CompletableFuture.java:1760) [?:?]
	at java.base/java.util.concurrent.ForkJoinTask.doExec(ForkJoinTask.java:387) [?:?]
	at java.base/java.util.concurrent.ForkJoinPool$WorkQueue.topLevelExec(ForkJoinPool.java:1312) [?:?]
	at java.base/java.util.concurrent.ForkJoinPool.scan(ForkJoinPool.java:1843) [?:?]
	at java.base/java.util.concurrent.ForkJoinPool.runWorker(ForkJoinPool.java:1808) [?:?]
	at java.base/java.util.concurrent.ForkJoinWorkerThread.run(ForkJoinWorkerThread.java:188) [?:?]
[26Jul2026 11:04:50.495] [Worker-Main-4/WARN] [net.minecraft.client.gui.font.FontManager/]: Failed to load builder (minecraft:blocks: builder #10 from pack mod/mr_developer_resources), rejecting
java.io.FileNotFoundException: minecraft:textures/block/flowering_azalea_plant.png
	at TRANSFORMER/minecraft@1.21.1/net.minecraft.server.packs.resources.ResourceProvider.lambda$getResourceOrThrow$1(ResourceProvider.java:23) ~[client-1.21.1-20240808.144430-srg.jar%23310!/:?]
	at java.base/java.util.Optional.orElseThrow(Optional.java:403) ~[?:?]
	at TRANSFORMER/minecraft@1.21.1/net.minecraft.server.packs.resources.ResourceProvider.getResourceOrThrow(ResourceProvider.java:23) ~[client-1.21.1-20240808.144430-srg.jar%23310!/:?]
	at TRANSFORMER/minecraft@1.21.1/net.minecraft.server.packs.resources.ResourceProvider.open(ResourceProvider.java:27) ~[client-1.21.1-20240808.144430-srg.jar%23310!/:?]
	at TRANSFORMER/minecraft@1.21.1/net.minecraft.client.gui.font.providers.BitmapProvider$Definition.load(BitmapProvider.java:131) ~[client-1.21.1-20240808.144430-srg.jar%23310!/:?]
	at TRANSFORMER/minecraft@1.21.1/net.minecraft.client.gui.font.FontManager.lambda$safeLoad$11(FontManager.java:210) ~[client-1.21.1-20240808.144430-srg.jar%23310!/:?]
	at java.base/java.util.concurrent.CompletableFuture$AsyncSupply.run(CompletableFuture.java:1768) [?:?]
	at java.base/java.util.concurrent.CompletableFuture$AsyncSupply.exec(CompletableFuture.java:1760) [?:?]
	at java.base/java.util.concurrent.ForkJoinTask.doExec(ForkJoinTask.java:387) [?:?]
	at java.base/java.util.concurrent.ForkJoinPool$WorkQueue.topLevelExec(ForkJoinPool.java:1312) [?:?]
	at java.base/java.util.concurrent.ForkJoinPool.scan(ForkJoinPool.java:1843) [?:?]
	at java.base/java.util.concurrent.ForkJoinPool.runWorker(ForkJoinPool.java:1808) [?:?]
	at java.base/java.util.concurrent.ForkJoinWorkerThread.run(ForkJoinWorkerThread.java:188) [?:?]
[26Jul2026 11:04:50.495] [Worker-Main-5/WARN] [net.minecraft.client.gui.font.FontManager/]: Failed to load builder (minecraft:items: builder #24 from pack mod/mr_developer_resources), rejecting
java.io.FileNotFoundException: minecraft:textures/item/potion_with_color_water.png
	at TRANSFORMER/minecraft@1.21.1/net.minecraft.server.packs.resources.ResourceProvider.lambda$getResourceOrThrow$1(ResourceProvider.java:23) ~[client-1.21.1-20240808.144430-srg.jar%23310!/:?]
	at java.base/java.util.Optional.orElseThrow(Optional.java:403) ~[?:?]
	at TRANSFORMER/minecraft@1.21.1/net.minecraft.server.packs.resources.ResourceProvider.getResourceOrThrow(ResourceProvider.java:23) ~[client-1.21.1-20240808.144430-srg.jar%23310!/:?]
	at TRANSFORMER/minecraft@1.21.1/net.minecraft.server.packs.resources.ResourceProvider.open(ResourceProvider.java:27) ~[client-1.21.1-20240808.144430-srg.jar%23310!/:?]
	at TRANSFORMER/minecraft@1.21.1/net.minecraft.client.gui.font.providers.BitmapProvider$Definition.load(BitmapProvider.java:131) ~[client-1.21.1-20240808.144430-srg.jar%23310!/:?]
	at TRANSFORMER/minecraft@1.21.1/net.minecraft.client.gui.font.FontManager.lambda$safeLoad$11(FontManager.java:210) ~[client-1.21.1-20240808.144430-srg.jar%23310!/:?]
	at java.base/java.util.concurrent.CompletableFuture$AsyncSupply.run(CompletableFuture.java:1768) [?:?]
	at java.base/java.util.concurrent.CompletableFuture$AsyncSupply.exec(CompletableFuture.java:1760) [?:?]
	at java.base/java.util.concurrent.ForkJoinTask.doExec(ForkJoinTask.java:387) [?:?]
	at java.base/java.util.concurrent.ForkJoinPool$WorkQueue.topLevelExec(ForkJoinPool.java:1312) [?:?]
	at java.base/java.util.concurrent.ForkJoinPool.scan(ForkJoinPool.java:1843) [?:?]
	at java.base/java.util.concurrent.ForkJoinPool.runWorker(ForkJoinPool.java:1808) [?:?]
	at java.base/java.util.concurrent.ForkJoinWorkerThread.run(ForkJoinWorkerThread.java:188) [?:?]
[26Jul2026 11:04:50.496] [Worker-Main-5/WARN] [net.minecraft.client.gui.font.FontManager/]: Failed to load builder (minecraft:items: builder #22 from pack mod/mr_developer_resources), rejecting
java.io.FileNotFoundException: minecraft:textures/item/leather_boots_with_color.png
	at TRANSFORMER/minecraft@1.21.1/net.minecraft.server.packs.resources.ResourceProvider.lambda$getResourceOrThrow$1(ResourceProvider.java:23) ~[client-1.21.1-20240808.144430-srg.jar%23310!/:?]
	at java.base/java.util.Optional.orElseThrow(Optional.java:403) ~[?:?]
	at TRANSFORMER/minecraft@1.21.1/net.minecraft.server.packs.resources.ResourceProvider.getResourceOrThrow(ResourceProvider.java:23) ~[client-1.21.1-20240808.144430-srg.jar%23310!/:?]
	at TRANSFORMER/minecraft@1.21.1/net.minecraft.server.packs.resources.ResourceProvider.open(ResourceProvider.java:27) ~[client-1.21.1-20240808.144430-srg.jar%23310!/:?]
	at TRANSFORMER/minecraft@1.21.1/net.minecraft.client.gui.font.providers.BitmapProvider$Definition.load(BitmapProvider.java:131) ~[client-1.21.1-20240808.144430-srg.jar%23310!/:?]
	at TRANSFORMER/minecraft@1.21.1/net.minecraft.client.gui.font.FontManager.lambda$safeLoad$11(FontManager.java:210) ~[client-1.21.1-20240808.144430-srg.jar%23310!/:?]
	at java.base/java.util.concurrent.CompletableFuture$AsyncSupply.run(CompletableFuture.java:1768) [?:?]
	at java.base/java.util.concurrent.CompletableFuture$AsyncSupply.exec(CompletableFuture.java:1760) [?:?]
	at java.base/java.util.concurrent.ForkJoinTask.doExec(ForkJoinTask.java:387) [?:?]
	at java.base/java.util.concurrent.ForkJoinPool$WorkQueue.topLevelExec(ForkJoinPool.java:1312) [?:?]
	at java.base/java.util.concurrent.ForkJoinPool.scan(ForkJoinPool.java:1843) [?:?]
	at java.base/java.util.concurrent.ForkJoinPool.runWorker(ForkJoinPool.java:1808) [?:?]
	at java.base/java.util.concurrent.ForkJoinWorkerThread.run(ForkJoinWorkerThread.java:188) [?:?]
[26Jul2026 11:04:50.498] [Worker-Main-3/WARN] [net.minecraft.client.gui.font.FontManager/]: Failed to load builder (minecraft:blocks: builder #4 from pack mod/mr_developer_resources), rejecting
java.io.FileNotFoundException: minecraft:textures/block/lily_pad_with_color.png
	at TRANSFORMER/minecraft@1.21.1/net.minecraft.server.packs.resources.ResourceProvider.lambda$getResourceOrThrow$1(ResourceProvider.java:23) ~[client-1.21.1-20240808.144430-srg.jar%23310!/:?]
	at java.base/java.util.Optional.orElseThrow(Optional.java:403) ~[?:?]
	at TRANSFORMER/minecraft@1.21.1/net.minecraft.server.packs.resources.ResourceProvider.getResourceOrThrow(ResourceProvider.java:23) ~[client-1.21.1-20240808.144430-srg.jar%23310!/:?]
	at TRANSFORMER/minecraft@1.21.1/net.minecraft.server.packs.resources.ResourceProvider.open(ResourceProvider.java:27) ~[client-1.21.1-20240808.144430-srg.jar%23310!/:?]
	at TRANSFORMER/minecraft@1.21.1/net.minecraft.client.gui.font.providers.BitmapProvider$Definition.load(BitmapProvider.java:131) ~[client-1.21.1-20240808.144430-srg.jar%23310!/:?]
	at TRANSFORMER/minecraft@1.21.1/net.minecraft.client.gui.font.FontManager.lambda$safeLoad$11(FontManager.java:210) ~[client-1.21.1-20240808.144430-srg.jar%23310!/:?]
	at java.base/java.util.concurrent.CompletableFuture$AsyncSupply.run(CompletableFuture.java:1768) [?:?]
	at java.base/java.util.concurrent.CompletableFuture$AsyncSupply.exec(CompletableFuture.java:1760) [?:?]
	at java.base/java.util.concurrent.ForkJoinTask.doExec(ForkJoinTask.java:387) [?:?]
	at java.base/java.util.concurrent.ForkJoinPool$WorkQueue.topLevelExec(ForkJoinPool.java:1312) [?:?]
	at java.base/java.util.concurrent.ForkJoinPool.scan(ForkJoinPool.java:1843) [?:?]
	at java.base/java.util.concurrent.ForkJoinPool.runWorker(ForkJoinPool.java:1808) [?:?]
	at java.base/java.util.concurrent.ForkJoinWorkerThread.run(ForkJoinWorkerThread.java:188) [?:?]
[26Jul2026 11:04:50.507] [Worker-Main-3/INFO] [net.minecraft.client.gui.font.providers.UnihexProvider/]: Found unifont_jp_patch-15.1.05.hex, loading
[26Jul2026 11:04:50.508] [Worker-Main-6/WARN] [net.minecraft.server.packs.FilePackResources/]: Non [a-z0-9_.-] character in namespace .DS_Store in pack /home/axii/.local/share/PrismLauncher/instances/dode/minecraft/resourcepacks/Os' Colorful Grasses (Short and Fluffy).zip, ignoring
[26Jul2026 11:04:50.508] [Worker-Main-10/INFO] [voicechat/]: [voicechat] Loaded 1 plugin(s)
[26Jul2026 11:04:50.511] [Worker-Main-10/INFO] [voicechat/]: [voicechat] Initializing plugins
[26Jul2026 11:04:50.522] [Worker-Main-10/INFO] [Sound Physics - General/]: Initializing Simple Voice Chat integration
[26Jul2026 11:04:50.524] [Worker-Main-10/INFO] [voicechat/]: [voicechat] Initialized 1 plugin(s)
[26Jul2026 11:04:50.525] [Worker-Main-10/INFO] [voicechat/]: [voicechat] Registering events for 'sound_physics_remastered'
[26Jul2026 11:04:50.525] [Worker-Main-6/WARN] [Continuity/]: Unknown block 'minecraft:grass_path' in 'matchBlocks' element 'grass_path' at index 16 in file 'minecraft:optifine/ctm/_overlays/podzol/20.properties' in pack 'file/xali's Enhanced Vanilla -1.11.2b-rev.54d51d4.zip'
[26Jul2026 11:04:50.526] [Worker-Main-6/WARN] [Continuity/]: Unknown block 'minecraft:hardened_clay' in 'matchBlocks' element 'hardened_clay' at index 18 in file 'minecraft:optifine/ctm/_overlays/podzol/20.properties' in pack 'file/xali's Enhanced Vanilla -1.11.2b-rev.54d51d4.zip'
[26Jul2026 11:04:50.526] [Worker-Main-6/WARN] [Continuity/]: Unknown block 'minecraft:planks' in 'matchBlocks' element 'planks' at index 26 in file 'minecraft:optifine/ctm/_overlays/podzol/20.properties' in pack 'file/xali's Enhanced Vanilla -1.11.2b-rev.54d51d4.zip'
[26Jul2026 11:04:50.526] [Worker-Main-6/WARN] [Continuity/]: Unknown block 'minecraft:silver_glazed_terracotta' in 'matchBlocks' element 'silver_glazed_terracotta' at index 30 in file 'minecraft:optifine/ctm/_overlays/podzol/20.properties' in pack 'file/xali's Enhanced Vanilla -1.11.2b-rev.54d51d4.zip'
[26Jul2026 11:04:50.526] [Worker-Main-6/WARN] [Continuity/]: Unknown block 'minecraft:stained_hardened_clay' in 'matchBlocks' element 'stained_hardened_clay' at index 33 in file 'minecraft:optifine/ctm/_overlays/podzol/20.properties' in pack 'file/xali's Enhanced Vanilla -1.11.2b-rev.54d51d4.zip'
[26Jul2026 11:04:50.526] [Worker-Main-6/WARN] [Continuity/]: Unknown block 'minecraft:tuffmethod=overlay' in 'matchBlocks' element 'tuffmethod=overlay' at index 48 in file 'minecraft:optifine/ctm/_overlays/podzol/20.properties' in pack 'file/xali's Enhanced Vanilla -1.11.2b-rev.54d51d4.zip'
[26Jul2026 11:04:50.529] [Worker-Main-2/WARN] [net.minecraft.client.sounds.SoundManager/]: File testcoop:sounds/dap_hit.ogg does not exist, cannot add it to event testcoop:dap.hit
[26Jul2026 11:04:50.533] [Worker-Main-6/ERROR] [Continuity/]: Method 'ctm' requires at least 47 tiles but only 17 were provided in file 'minecraft:optifine/ctm/_overlays/podzol/20.properties' in pack 'file/xali's Enhanced Vanilla -1.11.2b-rev.54d51d4.zip'
[26Jul2026 11:04:50.534] [Worker-Main-6/WARN] [Continuity/]: Unknown block 'minecraft:concrete' in 'matchBlocks' element 'concrete' at index 8 in file 'minecraft:optifine/ctm/_overlays/bricks/0.properties' in pack 'file/xali's Enhanced Vanilla -1.11.2b-rev.54d51d4.zip'
[26Jul2026 11:04:50.536] [Worker-Main-6/WARN] [Continuity/]: Unknown block 'minecraft:deepslate_old_ore' in 'connectBlocks' element 'deepslate_old_ore' at index 6 in file 'minecraft:optifine/ctm/_overlays/z-deepslate/20.properties' in pack 'file/xali's Enhanced Vanilla -1.11.2b-rev.54d51d4.zip'
[26Jul2026 11:04:50.540] [Worker-Main-6/WARN] [Continuity/]: Unknown block 'minecraft:planks' in 'matchBlocks' element 'planks' at index 14 in file 'minecraft:optifine/ctm/_overlays/crimson_nylium/20.properties' in pack 'file/xali's Enhanced Vanilla -1.11.2b-rev.54d51d4.zip'
[26Jul2026 11:04:50.540] [Worker-Main-6/WARN] [Continuity/]: Unknown block 'minecraft:silver_glazed_terracotta' in 'matchBlocks' element 'silver_glazed_terracotta' at index 15 in file 'minecraft:optifine/ctm/_overlays/crimson_nylium/20.properties' in pack 'file/xali's Enhanced Vanilla -1.11.2b-rev.54d51d4.zip'
[26Jul2026 11:04:50.540] [Worker-Main-6/WARN] [Continuity/]: Unknown block 'minecraft:stained_hardened_clay' in 'matchBlocks' element 'stained_hardened_clay' at index 16 in file 'minecraft:optifine/ctm/_overlays/crimson_nylium/20.properties' in pack 'file/xali's Enhanced Vanilla -1.11.2b-rev.54d51d4.zip'
[26Jul2026 11:04:50.540] [Worker-Main-6/WARN] [Continuity/]: Unknown block 'minecraft:hardened_clay' in 'matchBlocks' element 'hardened_clay' at index 17 in file 'minecraft:optifine/ctm/_overlays/crimson_nylium/20.properties' in pack 'file/xali's Enhanced Vanilla -1.11.2b-rev.54d51d4.zip'
[26Jul2026 11:04:50.540] [Worker-Main-6/WARN] [Continuity/]: Unknown block 'minecraft:grass_path' in 'matchBlocks' element 'grass_path' at index 30 in file 'minecraft:optifine/ctm/_overlays/crimson_nylium/20.properties' in pack 'file/xali's Enhanced Vanilla -1.11.2b-rev.54d51d4.zip'
[26Jul2026 11:04:50.542] [Worker-Main-6/WARN] [Continuity/]: Unknown block 'minecraft:planks' in 'matchBlocks' element 'planks' at index 10 in file 'minecraft:optifine/ctm/_overlays/z-snowy_grass_block/21.properties' in pack 'file/xali's Enhanced Vanilla -1.11.2b-rev.54d51d4.zip'
[26Jul2026 11:04:50.543] [Worker-Main-6/WARN] [Continuity/]: Unknown block 'minecraft:silver_glazed_terracotta' in 'matchBlocks' element 'silver_glazed_terracotta' at index 11 in file 'minecraft:optifine/ctm/_overlays/z-snowy_grass_block/21.properties' in pack 'file/xali's Enhanced Vanilla -1.11.2b-rev.54d51d4.zip'
[26Jul2026 11:04:50.543] [Worker-Main-6/WARN] [Continuity/]: Unknown block 'minecraft:stained_hardened_clay' in 'matchBlocks' element 'stained_hardened_clay' at index 12 in file 'minecraft:optifine/ctm/_overlays/z-snowy_grass_block/21.properties' in pack 'file/xali's Enhanced Vanilla -1.11.2b-rev.54d51d4.zip'
[26Jul2026 11:04:50.543] [Worker-Main-6/WARN] [Continuity/]: Unknown block 'minecraft:hardened_clay' in 'matchBlocks' element 'hardened_clay' at index 13 in file 'minecraft:optifine/ctm/_overlays/z-snowy_grass_block/21.properties' in pack 'file/xali's Enhanced Vanilla -1.11.2b-rev.54d51d4.zip'
[26Jul2026 11:04:50.543] [Worker-Main-6/WARN] [Continuity/]: Unknown block 'minecraft:grass_path' in 'matchBlocks' element 'grass_path' at index 26 in file 'minecraft:optifine/ctm/_overlays/z-snowy_grass_block/21.properties' in pack 'file/xali's Enhanced Vanilla -1.11.2b-rev.54d51d4.zip'
[26Jul2026 11:04:50.543] [Worker-Main-6/WARN] [Continuity/]: Unknown block 'minecraft:cobblestone_mossy_beach' in 'matchBlocks' element 'cobblestone_mossy_beach' at index 12 in file 'minecraft:optifine/ctm/_overlays/podzol/0.properties' in pack 'file/xali's Enhanced Vanilla -1.11.2b-rev.54d51d4.zip'
[26Jul2026 11:04:50.544] [Worker-Main-6/WARN] [Continuity/]: Unknown block 'minecraft:cobblestone_mossy_birch' in 'matchBlocks' element 'cobblestone_mossy_birch' at index 13 in file 'minecraft:optifine/ctm/_overlays/podzol/0.properties' in pack 'file/xali's Enhanced Vanilla -1.11.2b-rev.54d51d4.zip'
[26Jul2026 11:04:50.544] [Worker-Main-6/WARN] [Continuity/]: Unknown block 'minecraft:cobblestone_mossy_coldbeach' in 'matchBlocks' element 'cobblestone_mossy_coldbeach' at index 14 in file 'minecraft:optifine/ctm/_overlays/podzol/0.properties' in pack 'file/xali's Enhanced Vanilla -1.11.2b-rev.54d51d4.zip'
[26Jul2026 11:04:50.544] [Worker-Main-6/WARN] [Continuity/]: Unknown block 'minecraft:cobblestone_mossy_darkoak' in 'matchBlocks' element 'cobblestone_mossy_darkoak' at index 15 in file 'minecraft:optifine/ctm/_overlays/podzol/0.properties' in pack 'file/xali's Enhanced Vanilla -1.11.2b-rev.54d51d4.zip'
[26Jul2026 11:04:50.544] [Worker-Main-6/WARN] [Continuity/]: Unknown block 'minecraft:cobblestone_mossy_desert' in 'matchBlocks' element 'cobblestone_mossy_desert' at index 16 in file 'minecraft:optifine/ctm/_overlays/podzol/0.properties' in pack 'file/xali's Enhanced Vanilla -1.11.2b-rev.54d51d4.zip'
[26Jul2026 11:04:50.544] [Worker-Main-6/WARN] [Continuity/]: Unknown block 'minecraft:cobblestone_mossy_extremehills' in 'matchBlocks' element 'cobblestone_mossy_extremehills' at index 17 in file 'minecraft:optifine/ctm/_overlays/podzol/0.properties' in pack 'file/xali's Enhanced Vanilla -1.11.2b-rev.54d51d4.zip'
[26Jul2026 11:04:50.544] [Worker-Main-6/WARN] [Continuity/]: Unknown block 'minecraft:cobblestone_mossy_forest' in 'matchBlocks' element 'cobblestone_mossy_forest' at index 18 in file 'minecraft:optifine/ctm/_overlays/podzol/0.properties' in pack 'file/xali's Enhanced Vanilla -1.11.2b-rev.54d51d4.zip'
[26Jul2026 11:04:50.545] [Worker-Main-6/WARN] [Continuity/]: Unknown block 'minecraft:cobblestone_mossy_iceplains' in 'matchBlocks' element 'cobblestone_mossy_iceplains' at index 19 in file 'minecraft:optifine/ctm/_overlays/podzol/0.properties' in pack 'file/xali's Enhanced Vanilla -1.11.2b-rev.54d51d4.zip'
[26Jul2026 11:04:50.545] [Worker-Main-6/WARN] [Continuity/]: Unknown block 'minecraft:cobblestone_mossy_jungle' in 'matchBlocks' element 'cobblestone_mossy_jungle' at index 20 in file 'minecraft:optifine/ctm/_overlays/podzol/0.properties' in pack 'file/xali's Enhanced Vanilla -1.11.2b-rev.54d51d4.zip'
[26Jul2026 11:04:50.545] [Worker-Main-6/WARN] [Continuity/]: Unknown block 'minecraft:cobblestone_mossy_mushroom' in 'matchBlocks' element 'cobblestone_mossy_mushroom' at index 21 in file 'minecraft:optifine/ctm/_overlays/podzol/0.properties' in pack 'file/xali's Enhanced Vanilla -1.11.2b-rev.54d51d4.zip'
[26Jul2026 11:04:50.545] [Worker-Main-6/WARN] [Continuity/]: Unknown block 'minecraft:cobblestone_mossy_plains' in 'matchBlocks' element 'cobblestone_mossy_plains' at index 22 in file 'minecraft:optifine/ctm/_overlays/podzol/0.properties' in pack 'file/xali's Enhanced Vanilla -1.11.2b-rev.54d51d4.zip'
[26Jul2026 11:04:50.545] [Worker-Main-6/WARN] [Continuity/]: Unknown block 'minecraft:cobblestone_mossy_swamp' in 'matchBlocks' element 'cobblestone_mossy_swamp' at index 23 in file 'minecraft:optifine/ctm/_overlays/podzol/0.properties' in pack 'file/xali's Enhanced Vanilla -1.11.2b-rev.54d51d4.zip'
[26Jul2026 11:04:50.545] [Worker-Main-6/WARN] [Continuity/]: Unknown block 'minecraft:cobblestone_mossy_taiga' in 'matchBlocks' element 'cobblestone_mossy_taiga' at index 24 in file 'minecraft:optifine/ctm/_overlays/podzol/0.properties' in pack 'file/xali's Enhanced Vanilla -1.11.2b-rev.54d51d4.zip'
[26Jul2026 11:04:50.545] [Worker-Main-6/WARN] [Continuity/]: Unknown block 'minecraft:concrete' in 'matchBlocks' element 'concrete' at index 25 in file 'minecraft:optifine/ctm/_overlays/podzol/0.properties' in pack 'file/xali's Enhanced Vanilla -1.11.2b-rev.54d51d4.zip'
[26Jul2026 11:04:50.545] [Worker-Main-6/WARN] [Continuity/]: Unknown block 'minecraft:grass_path' in 'matchBlocks' element 'grass_path' at index 36 in file 'minecraft:optifine/ctm/_overlays/podzol/0.properties' in pack 'file/xali's Enhanced Vanilla -1.11.2b-rev.54d51d4.zip'
[26Jul2026 11:04:50.545] [Worker-Main-6/WARN] [Continuity/]: Unknown block 'minecraft:hardened_clay' in 'matchBlocks' element 'hardened_clay' at index 42 in file 'minecraft:optifine/ctm/_overlays/podzol/0.properties' in pack 'file/xali's Enhanced Vanilla -1.11.2b-rev.54d51d4.zip'
[26Jul2026 11:04:50.545] [Worker-Main-6/WARN] [Continuity/]: Unknown block 'minecraft:planks' in 'matchBlocks' element 'planks' at index 62 in file 'minecraft:optifine/ctm/_overlays/podzol/0.properties' in pack 'file/xali's Enhanced Vanilla -1.11.2b-rev.54d51d4.zip'
[26Jul2026 11:04:50.545] [Worker-Main-6/WARN] [Continuity/]: Unknown block 'minecraft:silver_glazed_terracotta' in 'matchBlocks' element 'silver_glazed_terracotta' at index 70 in file 'minecraft:optifine/ctm/_overlays/podzol/0.properties' in pack 'file/xali's Enhanced Vanilla -1.11.2b-rev.54d51d4.zip'
[26Jul2026 11:04:50.545] [Worker-Main-6/WARN] [Continuity/]: Unknown block 'minecraft:stained_hardened_clay' in 'matchBlocks' element 'stained_hardened_clay' at index 72 in file 'minecraft:optifine/ctm/_overlays/podzol/0.properties' in pack 'file/xali's Enhanced Vanilla -1.11.2b-rev.54d51d4.zip'
[26Jul2026 11:04:50.545] [Worker-Main-6/WARN] [Continuity/]: Unknown block 'minecraft:yellow_terracottamethod=overlay' in 'matchBlocks' element 'yellow_terracottamethod=overlay' at index 80 in file 'minecraft:optifine/ctm/_overlays/podzol/0.properties' in pack 'file/xali's Enhanced Vanilla -1.11.2b-rev.54d51d4.zip'
[26Jul2026 11:04:50.545] [Worker-Main-6/ERROR] [Continuity/]: Method 'ctm' requires at least 47 tiles but only 17 were provided in file 'minecraft:optifine/ctm/_overlays/podzol/0.properties' in pack 'file/xali's Enhanced Vanilla -1.11.2b-rev.54d51d4.zip'
[26Jul2026 11:04:50.546] [Worker-Main-6/WARN] [Continuity/]: Unknown block 'minecraft:grass_path' in 'matchBlocks' element 'grass_path' at index 8 in file 'minecraft:optifine/ctm/_overlays/packed_mud/0.properties' in pack 'file/xali's Enhanced Vanilla -1.11.2b-rev.54d51d4.zip'
[26Jul2026 11:04:50.546] [Worker-Main-6/WARN] [Continuity/]: Unknown block 'minecraft:planks' in 'matchBlocks' element 'planks' at index 17 in file 'minecraft:optifine/ctm/_overlays/packed_mud/0.properties' in pack 'file/xali's Enhanced Vanilla -1.11.2b-rev.54d51d4.zip'
[26Jul2026 11:04:50.546] [Worker-Main-6/WARN] [Continuity/]: Unknown block 'minecraft:stained_hardened_clay' in 'matchBlocks' element 'stained_hardened_clay' at index 20 in file 'minecraft:optifine/ctm/_overlays/packed_mud/0.properties' in pack 'file/xali's Enhanced Vanilla -1.11.2b-rev.54d51d4.zip'
[26Jul2026 11:04:50.546] [Worker-Main-6/WARN] [Continuity/]: Unknown block 'minecraft:hardened_clay' in 'matchBlocks' element 'hardened_clay' at index 21 in file 'minecraft:optifine/ctm/_overlays/packed_mud/0.properties' in pack 'file/xali's Enhanced Vanilla -1.11.2b-rev.54d51d4.zip'
[26Jul2026 11:04:50.548] [Worker-Main-6/WARN] [Continuity/]: Unknown block 'minecraft:silver_glazed_terracotta' in 'matchBlocks' element 'silver_glazed_terracotta' at index 61 in file 'minecraft:optifine/ctm/_overlays/red_sand/0.properties' in pack 'file/xali's Enhanced Vanilla -1.11.2b-rev.54d51d4.zip'
[26Jul2026 11:04:50.548] [Worker-Main-6/WARN] [Continuity/]: Unknown block 'minecraft:grass_path' in 'matchBlocks' element 'grass_path' at index 70 in file 'minecraft:optifine/ctm/_overlays/red_sand/0.properties' in pack 'file/xali's Enhanced Vanilla -1.11.2b-rev.54d51d4.zip'
[26Jul2026 11:04:50.548] [Worker-Main-6/WARN] [Continuity/]: Unknown block 'minecraft:grass_path' in 'matchBlocks' element 'grass_path' at index 80 in file 'minecraft:optifine/ctm/_overlays/red_sand/0.properties' in pack 'file/xali's Enhanced Vanilla -1.11.2b-rev.54d51d4.zip'
[26Jul2026 11:04:50.548] [Worker-Main-6/WARN] [Continuity/]: Unknown block 'minecraft:silver_glazed_terracotta' in 'matchBlocks' element 'silver_glazed_terracotta' at index 59 in file 'minecraft:optifine/ctm/_overlays/basalt/axis_z_faces_top.properties' in pack 'file/xali's Enhanced Vanilla -1.11.2b-rev.54d51d4.zip'
[26Jul2026 11:04:50.548] [Worker-Main-6/WARN] [Continuity/]: Unknown block 'minecraft:grass_path' in 'matchBlocks' element 'grass_path' at index 68 in file 'minecraft:optifine/ctm/_overlays/basalt/axis_z_faces_top.properties' in pack 'file/xali's Enhanced Vanilla -1.11.2b-rev.54d51d4.zip'
[26Jul2026 11:04:50.548] [Worker-Main-6/WARN] [Continuity/]: Unknown block 'minecraft:grass_path' in 'matchBlocks' element 'grass_path' at index 78 in file 'minecraft:optifine/ctm/_overlays/basalt/axis_z_faces_top.properties' in pack 'file/xali's Enhanced Vanilla -1.11.2b-rev.54d51d4.zip'
[26Jul2026 11:04:50.549] [Worker-Main-6/WARN] [Continuity/]: Unknown block 'minecraft:planks' in 'matchBlocks' element 'planks' at index 17 in file 'minecraft:optifine/ctm/_overlays/z-snowy_grass_block/1.properties' in pack 'file/xali's Enhanced Vanilla -1.11.2b-rev.54d51d4.zip'
[26Jul2026 11:04:50.549] [Worker-Main-6/WARN] [Continuity/]: Unknown block 'minecraft:silver_glazed_terracotta' in 'matchBlocks' element 'silver_glazed_terracotta' at index 18 in file 'minecraft:optifine/ctm/_overlays/z-snowy_grass_block/1.properties' in pack 'file/xali's Enhanced Vanilla -1.11.2b-rev.54d51d4.zip'
[26Jul2026 11:04:50.549] [Worker-Main-6/WARN] [Continuity/]: Unknown block 'minecraft:stained_hardened_clay' in 'matchBlocks' element 'stained_hardened_clay' at index 19 in file 'minecraft:optifine/ctm/_overlays/z-snowy_grass_block/1.properties' in pack 'file/xali's Enhanced Vanilla -1.11.2b-rev.54d51d4.zip'
[26Jul2026 11:04:50.549] [Worker-Main-6/WARN] [Continuity/]: Unknown block 'minecraft:hardened_clay' in 'matchBlocks' element 'hardened_clay' at index 20 in file 'minecraft:optifine/ctm/_overlays/z-snowy_grass_block/1.properties' in pack 'file/xali's Enhanced Vanilla -1.11.2b-rev.54d51d4.zip'
[26Jul2026 11:04:50.549] [Worker-Main-6/WARN] [Continuity/]: Unknown block 'minecraft:silver_glazed_terracotta' in 'matchBlocks' element 'silver_glazed_terracotta' at index 84 in file 'minecraft:optifine/ctm/_overlays/z-snowy_grass_block/1.properties' in pack 'file/xali's Enhanced Vanilla -1.11.2b-rev.54d51d4.zip'
[26Jul2026 11:04:50.549] [Worker-Main-6/WARN] [Continuity/]: Unknown block 'minecraft:grass_path' in 'matchBlocks' element 'grass_path' at index 93 in file 'minecraft:optifine/ctm/_overlays/z-snowy_grass_block/1.properties' in pack 'file/xali's Enhanced Vanilla -1.11.2b-rev.54d51d4.zip'
[26Jul2026 11:04:50.549] [Worker-Main-6/WARN] [Continuity/]: Unknown block 'minecraft:grass_path' in 'matchBlocks' element 'grass_path' at index 103 in file 'minecraft:optifine/ctm/_overlays/z-snowy_grass_block/1.properties' in pack 'file/xali's Enhanced Vanilla -1.11.2b-rev.54d51d4.zip'
[26Jul2026 11:04:50.549] [Worker-Main-6/WARN] [Continuity/]: Unknown block 'minecraft:silver_glazed_terracotta' in 'matchBlocks' element 'silver_glazed_terracotta' at index 155 in file 'minecraft:optifine/ctm/_overlays/z-snowy_grass_block/1.properties' in pack 'file/xali's Enhanced Vanilla -1.11.2b-rev.54d51d4.zip'
[26Jul2026 11:04:50.549] [Worker-Main-6/WARN] [Continuity/]: Unknown block 'minecraft:grass_path' in 'matchBlocks' element 'grass_path' at index 164 in file 'minecraft:optifine/ctm/_overlays/z-snowy_grass_block/1.properties' in pack 'file/xali's Enhanced Vanilla -1.11.2b-rev.54d51d4.zip'
[26Jul2026 11:04:50.549] [Worker-Main-6/WARN] [Continuity/]: Unknown block 'minecraft:grass_path' in 'matchBlocks' element 'grass_path' at index 174 in file 'minecraft:optifine/ctm/_overlays/z-snowy_grass_block/1.properties' in pack 'file/xali's Enhanced Vanilla -1.11.2b-rev.54d51d4.zip'
[26Jul2026 11:04:50.551] [Worker-Main-6/WARN] [Continuity/]: Unknown block 'minecraft:planks' in 'matchBlocks' element 'planks' at index 11 in file 'minecraft:optifine/ctm/_overlays/mycelium/1.properties' in pack 'file/xali's Enhanced Vanilla -1.11.2b-rev.54d51d4.zip'
[26Jul2026 11:04:50.551] [Worker-Main-6/WARN] [Continuity/]: Unknown block 'minecraft:silver_glazed_terracotta' in 'matchBlocks' element 'silver_glazed_terracotta' at index 12 in file 'minecraft:optifine/ctm/_overlays/mycelium/1.properties' in pack 'file/xali's Enhanced Vanilla -1.11.2b-rev.54d51d4.zip'
[26Jul2026 11:04:50.551] [Worker-Main-6/WARN] [Continuity/]: Unknown block 'minecraft:stained_hardened_clay' in 'matchBlocks' element 'stained_hardened_clay' at index 13 in file 'minecraft:optifine/ctm/_overlays/mycelium/1.properties' in pack 'file/xali's Enhanced Vanilla -1.11.2b-rev.54d51d4.zip'
[26Jul2026 11:04:50.551] [Worker-Main-6/WARN] [Continuity/]: Unknown block 'minecraft:hardened_clay' in 'matchBlocks' element 'hardened_clay' at index 14 in file 'minecraft:optifine/ctm/_overlays/mycelium/1.properties' in pack 'file/xali's Enhanced Vanilla -1.11.2b-rev.54d51d4.zip'
[26Jul2026 11:04:50.551] [Worker-Main-6/WARN] [Continuity/]: Unknown block 'minecraft:grass_path' in 'matchBlocks' element 'grass_path' at index 27 in file 'minecraft:optifine/ctm/_overlays/mycelium/1.properties' in pack 'file/xali's Enhanced Vanilla -1.11.2b-rev.54d51d4.zip'
[26Jul2026 11:04:50.552] [Worker-Main-6/WARN] [Continuity/]: Unknown block 'minecraft:planks' in 'matchBlocks' element 'planks' at index 16 in file 'minecraft:optifine/ctm/_overlays/z-snowy_grass_block/2.properties' in pack 'file/xali's Enhanced Vanilla -1.11.2b-rev.54d51d4.zip'
[26Jul2026 11:04:50.552] [Worker-Main-6/WARN] [Continuity/]: Unknown block 'minecraft:silver_glazed_terracotta' in 'matchBlocks' element 'silver_glazed_terracotta' at index 17 in file 'minecraft:optifine/ctm/_overlays/z-snowy_grass_block/2.properties' in pack 'file/xali's Enhanced Vanilla -1.11.2b-rev.54d51d4.zip'
[26Jul2026 11:04:50.552] [Worker-Main-6/WARN] [Continuity/]: Unknown block 'minecraft:stained_hardened_clay' in 'matchBlocks' element 'stained_hardened_clay' at index 18 in file 'minecraft:optifine/ctm/_overlays/z-snowy_grass_block/2.properties' in pack 'file/xali's Enhanced Vanilla -1.11.2b-rev.54d51d4.zip'
[26Jul2026 11:04:50.552] [Worker-Main-6/WARN] [Continuity/]: Unknown block 'minecraft:hardened_clay' in 'matchBlocks' element 'hardened_clay' at index 19 in file 'minecraft:optifine/ctm/_overlays/z-snowy_grass_block/2.properties' in pack 'file/xali's Enhanced Vanilla -1.11.2b-rev.54d51d4.zip'
[26Jul2026 11:04:50.552] [Worker-Main-6/WARN] [Continuity/]: Unknown block 'minecraft:silver_glazed_terracotta' in 'matchBlocks' element 'silver_glazed_terracotta' at index 83 in file 'minecraft:optifine/ctm/_overlays/z-snowy_grass_block/2.properties' in pack 'file/xali's Enhanced Vanilla -1.11.2b-rev.54d51d4.zip'
[26Jul2026 11:04:50.553] [Worker-Main-6/WARN] [Continuity/]: Unknown block 'minecraft:grass_path' in 'matchBlocks' element 'grass_path' at index 92 in file 'minecraft:optifine/ctm/_overlays/z-snowy_grass_block/2.properties' in pack 'file/xali's Enhanced Vanilla -1.11.2b-rev.54d51d4.zip'
[26Jul2026 11:04:50.553] [Worker-Main-6/WARN] [Continuity/]: Unknown block 'minecraft:grass_path' in 'matchBlocks' element 'grass_path' at index 102 in file 'minecraft:optifine/ctm/_overlays/z-snowy_grass_block/2.properties' in pack 'file/xali's Enhanced Vanilla -1.11.2b-rev.54d51d4.zip'
[26Jul2026 11:04:50.553] [Worker-Main-6/WARN] [Continuity/]: Unknown block 'minecraft:silver_glazed_terracotta' in 'matchBlocks' element 'silver_glazed_terracotta' at index 154 in file 'minecraft:optifine/ctm/_overlays/z-snowy_grass_block/2.properties' in pack 'file/xali's Enhanced Vanilla -1.11.2b-rev.54d51d4.zip'
[26Jul2026 11:04:50.553] [Worker-Main-6/WARN] [Continuity/]: Unknown block 'minecraft:grass_path' in 'matchBlocks' element 'grass_path' at index 163 in file 'minecraft:optifine/ctm/_overlays/z-snowy_grass_block/2.properties' in pack 'file/xali's Enhanced Vanilla -1.11.2b-rev.54d51d4.zip'
[26Jul2026 11:04:50.553] [Worker-Main-6/WARN] [Continuity/]: Unknown block 'minecraft:grass_path' in 'matchBlocks' element 'grass_path' at index 173 in file 'minecraft:optifine/ctm/_overlays/z-snowy_grass_block/2.properties' in pack 'file/xali's Enhanced Vanilla -1.11.2b-rev.54d51d4.zip'
[26Jul2026 11:04:50.553] [Worker-Main-6/WARN] [Continuity/]: Unknown block 'minecraft:planks' in 'matchBlocks' element 'planks' at index 13 in file 'minecraft:optifine/ctm/_overlays/warped_nylium/0.properties' in pack 'file/xali's Enhanced Vanilla -1.11.2b-rev.54d51d4.zip'
[26Jul2026 11:04:50.553] [Worker-Main-6/WARN] [Continuity/]: Unknown block 'minecraft:silver_glazed_terracotta' in 'matchBlocks' element 'silver_glazed_terracotta' at index 14 in file 'minecraft:optifine/ctm/_overlays/warped_nylium/0.properties' in pack 'file/xali's Enhanced Vanilla -1.11.2b-rev.54d51d4.zip'
[26Jul2026 11:04:50.553] [Worker-Main-6/WARN] [Continuity/]: Unknown block 'minecraft:stained_hardened_clay' in 'matchBlocks' element 'stained_hardened_clay' at index 15 in file 'minecraft:optifine/ctm/_overlays/warped_nylium/0.properties' in pack 'file/xali's Enhanced Vanilla -1.11.2b-rev.54d51d4.zip'
[26Jul2026 11:04:50.553] [Worker-Main-6/WARN] [Continuity/]: Unknown block 'minecraft:hardened_clay' in 'matchBlocks' element 'hardened_clay' at index 16 in file 'minecraft:optifine/ctm/_overlays/warped_nylium/0.properties' in pack 'file/xali's Enhanced Vanilla -1.11.2b-rev.54d51d4.zip'
[26Jul2026 11:04:50.553] [Worker-Main-6/WARN] [Continuity/]: Unknown block 'minecraft:grass_path' in 'matchBlocks' element 'grass_path' at index 29 in file 'minecraft:optifine/ctm/_overlays/warped_nylium/0.properties' in pack 'file/xali's Enhanced Vanilla -1.11.2b-rev.54d51d4.zip'
[26Jul2026 11:04:50.554] [Worker-Main-6/WARN] [Continuity/]: Unknown block 'minecraft:planks' in 'matchBlocks' element 'planks' at index 13 in file 'minecraft:optifine/ctm/_overlays/grass_block/40.properties' in pack 'file/xali's Enhanced Vanilla -1.11.2b-rev.54d51d4.zip'
[26Jul2026 11:04:50.554] [Worker-Main-6/WARN] [Continuity/]: Unknown block 'minecraft:silver_glazed_terracotta' in 'matchBlocks' element 'silver_glazed_terracotta' at index 14 in file 'minecraft:optifine/ctm/_overlays/grass_block/40.properties' in pack 'file/xali's Enhanced Vanilla -1.11.2b-rev.54d51d4.zip'
[26Jul2026 11:04:50.554] [Worker-Main-6/WARN] [Continuity/]: Unknown block 'minecraft:stained_hardened_clay' in 'matchBlocks' element 'stained_hardened_clay' at index 15 in file 'minecraft:optifine/ctm/_overlays/grass_block/40.properties' in pack 'file/xali's Enhanced Vanilla -1.11.2b-rev.54d51d4.zip'
[26Jul2026 11:04:50.554] [Worker-Main-6/WARN] [Continuity/]: Unknown block 'minecraft:hardened_clay' in 'matchBlocks' element 'hardened_clay' at index 16 in file 'minecraft:optifine/ctm/_overlays/grass_block/40.properties' in pack 'file/xali's Enhanced Vanilla -1.11.2b-rev.54d51d4.zip'
[26Jul2026 11:04:50.554] [Worker-Main-6/WARN] [Continuity/]: Unknown block 'minecraft:planks' in 'matchBlocks' element 'planks' at index 14 in file 'minecraft:optifine/ctm/_overlays/crimson_nylium/0.properties' in pack 'file/xali's Enhanced Vanilla -1.11.2b-rev.54d51d4.zip'
[26Jul2026 11:04:50.554] [Worker-Main-6/WARN] [Continuity/]: Unknown block 'minecraft:silver_glazed_terracotta' in 'matchBlocks' element 'silver_glazed_terracotta' at index 15 in file 'minecraft:optifine/ctm/_overlays/crimson_nylium/0.properties' in pack 'file/xali's Enhanced Vanilla -1.11.2b-rev.54d51d4.zip'
[26Jul2026 11:04:50.554] [Worker-Main-6/WARN] [Continuity/]: Unknown block 'minecraft:stained_hardened_clay' in 'matchBlocks' element 'stained_hardened_clay' at index 16 in file 'minecraft:optifine/ctm/_overlays/crimson_nylium/0.properties' in pack 'file/xali's Enhanced Vanilla -1.11.2b-rev.54d51d4.zip'
[26Jul2026 11:04:50.554] [Worker-Main-6/WARN] [Continuity/]: Unknown block 'minecraft:hardened_clay' in 'matchBlocks' element 'hardened_clay' at index 17 in file 'minecraft:optifine/ctm/_overlays/crimson_nylium/0.properties' in pack 'file/xali's Enhanced Vanilla -1.11.2b-rev.54d51d4.zip'
[26Jul2026 11:04:50.554] [Worker-Main-6/WARN] [Continuity/]: Unknown block 'minecraft:grass_path' in 'matchBlocks' element 'grass_path' at index 30 in file 'minecraft:optifine/ctm/_overlays/crimson_nylium/0.properties' in pack 'file/xali's Enhanced Vanilla -1.11.2b-rev.54d51d4.zip'
[26Jul2026 11:04:50.555] [Worker-Main-6/WARN] [Continuity/]: Unknown block 'minecraft:grass_path' in 'matchBlocks' element 'grass_path' at index 9 in file 'minecraft:optifine/ctm/_overlays/hay_block/0.properties' in pack 'file/xali's Enhanced Vanilla -1.11.2b-rev.54d51d4.zip'
[26Jul2026 11:04:50.556] [Worker-Main-6/WARN] [Continuity/]: Unknown block 'minecraft:hardened_clay' in 'matchBlocks' element 'hardened_clay' at index 11 in file 'minecraft:optifine/ctm/_overlays/hay_block/0.properties' in pack 'file/xali's Enhanced Vanilla -1.11.2b-rev.54d51d4.zip'
[26Jul2026 11:04:50.556] [Worker-Main-6/WARN] [Continuity/]: Unknown block 'minecraft:planks' in 'matchBlocks' element 'planks' at index 16 in file 'minecraft:optifine/ctm/_overlays/hay_block/0.properties' in pack 'file/xali's Enhanced Vanilla -1.11.2b-rev.54d51d4.zip'
[26Jul2026 11:04:50.556] [Worker-Main-6/WARN] [Continuity/]: Unknown block 'minecraft:silver_glazed_terracotta' in 'matchBlocks' element 'silver_glazed_terracotta' at index 20 in file 'minecraft:optifine/ctm/_overlays/hay_block/0.properties' in pack 'file/xali's Enhanced Vanilla -1.11.2b-rev.54d51d4.zip'
[26Jul2026 11:04:50.556] [Worker-Main-6/WARN] [Continuity/]: Unknown block 'minecraft:stained_hardened_clay' in 'matchBlocks' element 'stained_hardened_clay' at index 21 in file 'minecraft:optifine/ctm/_overlays/hay_block/0.properties' in pack 'file/xali's Enhanced Vanilla -1.11.2b-rev.54d51d4.zip'
[26Jul2026 11:04:50.558] [Worker-Main-6/WARN] [Continuity/]: Unknown block 'minecraft:deepslate_old_ore' in 'connectBlocks' element 'deepslate_old_ore' at index 6 in file 'minecraft:optifine/ctm/_overlays/z-deepslate/1.properties' in pack 'file/xali's Enhanced Vanilla -1.11.2b-rev.54d51d4.zip'
[26Jul2026 11:04:50.559] [Worker-Main-6/WARN] [Continuity/]: Unknown block 'minecraft:grass_path' in 'matchBlocks' element 'grass_path' at index 14 in file 'minecraft:optifine/ctm/_overlays/z-dirt/0.properties' in pack 'file/xali's Enhanced Vanilla -1.11.2b-rev.54d51d4.zip'
[26Jul2026 11:04:50.559] [Worker-Main-6/WARN] [Continuity/]: Unknown block 'minecraft:hardened_clay' in 'matchBlocks' element 'hardened_clay' at index 18 in file 'minecraft:optifine/ctm/_overlays/z-dirt/0.properties' in pack 'file/xali's Enhanced Vanilla -1.11.2b-rev.54d51d4.zip'
[26Jul2026 11:04:50.559] [Worker-Main-6/WARN] [Continuity/]: Unknown block 'minecraft:planks' in 'matchBlocks' element 'planks' at index 29 in file 'minecraft:optifine/ctm/_overlays/z-dirt/0.properties' in pack 'file/xali's Enhanced Vanilla -1.11.2b-rev.54d51d4.zip'
[26Jul2026 11:04:50.559] [Worker-Main-6/WARN] [Continuity/]: Unknown block 'minecraft:stained_hardened_clay' in 'matchBlocks' element 'stained_hardened_clay' at index 33 in file 'minecraft:optifine/ctm/_overlays/z-dirt/0.properties' in pack 'file/xali's Enhanced Vanilla -1.11.2b-rev.54d51d4.zip'
[26Jul2026 11:04:50.560] [Worker-Main-6/WARN] [Continuity/]: Unknown block 'minecraft:silver_glazed_terracotta' in 'matchBlocks' element 'silver_glazed_terracotta' at index 59 in file 'minecraft:optifine/ctm/_overlays/basalt/40.properties' in pack 'file/xali's Enhanced Vanilla -1.11.2b-rev.54d51d4.zip'
[26Jul2026 11:04:50.561] [Worker-Main-6/WARN] [Continuity/]: Unknown block 'minecraft:grass_path' in 'matchBlocks' element 'grass_path' at index 68 in file 'minecraft:optifine/ctm/_overlays/basalt/40.properties' in pack 'file/xali's Enhanced Vanilla -1.11.2b-rev.54d51d4.zip'
[26Jul2026 11:04:50.561] [Worker-Main-6/WARN] [Continuity/]: Unknown block 'minecraft:grass_path' in 'matchBlocks' element 'grass_path' at index 78 in file 'minecraft:optifine/ctm/_overlays/basalt/40.properties' in pack 'file/xali's Enhanced Vanilla -1.11.2b-rev.54d51d4.zip'
[26Jul2026 11:04:50.561] [Worker-Main-6/WARN] [Continuity/]: Unknown block 'minecraft:planks' in 'matchBlocks' element 'planks' at index 8 in file 'minecraft:optifine/ctm/_overlays/warped_nylium/40.properties' in pack 'file/xali's Enhanced Vanilla -1.11.2b-rev.54d51d4.zip'
[26Jul2026 11:04:50.561] [Worker-Main-6/WARN] [Continuity/]: Unknown block 'minecraft:silver_glazed_terracotta' in 'matchBlocks' element 'silver_glazed_terracotta' at index 9 in file 'minecraft:optifine/ctm/_overlays/warped_nylium/40.properties' in pack 'file/xali's Enhanced Vanilla -1.11.2b-rev.54d51d4.zip'
[26Jul2026 11:04:50.561] [Worker-Main-6/WARN] [Continuity/]: Unknown block 'minecraft:stained_hardened_clay' in 'matchBlocks' element 'stained_hardened_clay' at index 10 in file 'minecraft:optifine/ctm/_overlays/warped_nylium/40.properties' in pack 'file/xali's Enhanced Vanilla -1.11.2b-rev.54d51d4.zip'
[26Jul2026 11:04:50.561] [Worker-Main-6/WARN] [Continuity/]: Unknown block 'minecraft:hardened_clay' in 'matchBlocks' element 'hardened_clay' at index 11 in file 'minecraft:optifine/ctm/_overlays/warped_nylium/40.properties' in pack 'file/xali's Enhanced Vanilla -1.11.2b-rev.54d51d4.zip'
[26Jul2026 11:04:50.561] [Worker-Main-6/WARN] [Continuity/]: Unknown block 'minecraft:grass_path' in 'matchBlocks' element 'grass_path' at index 24 in file 'minecraft:optifine/ctm/_overlays/warped_nylium/40.properties' in pack 'file/xali's Enhanced Vanilla -1.11.2b-rev.54d51d4.zip'
[26Jul2026 11:04:50.561] [Worker-Main-6/WARN] [Continuity/]: Unknown block 'minecraft:silver_glazed_terracotta' in 'matchBlocks' element 'silver_glazed_terracotta' at index 60 in file 'minecraft:optifine/ctm/_overlays/basalt/0.properties' in pack 'file/xali's Enhanced Vanilla -1.11.2b-rev.54d51d4.zip'
[26Jul2026 11:04:50.561] [Worker-Main-6/WARN] [Continuity/]: Unknown block 'minecraft:grass_path' in 'matchBlocks' element 'grass_path' at index 69 in file 'minecraft:optifine/ctm/_overlays/basalt/0.properties' in pack 'file/xali's Enhanced Vanilla -1.11.2b-rev.54d51d4.zip'
[26Jul2026 11:04:50.561] [Worker-Main-6/WARN] [Continuity/]: Unknown block 'minecraft:grass_path' in 'matchBlocks' element 'grass_path' at index 79 in file 'minecraft:optifine/ctm/_overlays/basalt/0.properties' in pack 'file/xali's Enhanced Vanilla -1.11.2b-rev.54d51d4.zip'
[26Jul2026 11:04:50.563] [Worker-Main-6/WARN] [Continuity/]: Unknown block 'minecraft:planks' in 'matchBlocks' element 'planks' at index 13 in file 'minecraft:optifine/ctm/_overlays/grass_block/20.properties' in pack 'file/xali's Enhanced Vanilla -1.11.2b-rev.54d51d4.zip'
[26Jul2026 11:04:50.563] [Worker-Main-6/WARN] [Continuity/]: Unknown block 'minecraft:silver_glazed_terracotta' in 'matchBlocks' element 'silver_glazed_terracotta' at index 14 in file 'minecraft:optifine/ctm/_overlays/grass_block/20.properties' in pack 'file/xali's Enhanced Vanilla -1.11.2b-rev.54d51d4.zip'
[26Jul2026 11:04:50.563] [Worker-Main-6/WARN] [Continuity/]: Unknown block 'minecraft:stained_hardened_clay' in 'matchBlocks' element 'stained_hardened_clay' at index 15 in file 'minecraft:optifine/ctm/_overlays/grass_block/20.properties' in pack 'file/xali's Enhanced Vanilla -1.11.2b-rev.54d51d4.zip'
[26Jul2026 11:04:50.563] [Worker-Main-6/WARN] [Continuity/]: Unknown block 'minecraft:hardened_clay' in 'matchBlocks' element 'hardened_clay' at index 16 in file 'minecraft:optifine/ctm/_overlays/grass_block/20.properties' in pack 'file/xali's Enhanced Vanilla -1.11.2b-rev.54d51d4.zip'
[26Jul2026 11:04:50.576] [Worker-Main-6/WARN] [Continuity/]: Unknown block 'minecraft:planks' in 'matchBlocks' element 'planks' at index 14 in file 'minecraft:optifine/ctm/_overlays/gravel/0.properties' in pack 'file/xali's Enhanced Vanilla -1.11.2b-rev.54d51d4.zip'
[26Jul2026 11:04:50.577] [Worker-Main-6/WARN] [Continuity/]: Unknown block 'minecraft:silver_glazed_terracotta' in 'matchBlocks' element 'silver_glazed_terracotta' at index 15 in file 'minecraft:optifine/ctm/_overlays/gravel/0.properties' in pack 'file/xali's Enhanced Vanilla -1.11.2b-rev.54d51d4.zip'
[26Jul2026 11:04:50.577] [Worker-Main-6/WARN] [Continuity/]: Unknown block 'minecraft:stained_hardened_clay' in 'matchBlocks' element 'stained_hardened_clay' at index 16 in file 'minecraft:optifine/ctm/_overlays/gravel/0.properties' in pack 'file/xali's Enhanced Vanilla -1.11.2b-rev.54d51d4.zip'
[26Jul2026 11:04:50.577] [Worker-Main-6/WARN] [Continuity/]: Unknown block 'minecraft:hardened_clay' in 'matchBlocks' element 'hardened_clay' at index 17 in file 'minecraft:optifine/ctm/_overlays/gravel/0.properties' in pack 'file/xali's Enhanced Vanilla -1.11.2b-rev.54d51d4.zip'
[26Jul2026 11:04:50.577] [Worker-Main-6/WARN] [Continuity/]: Unknown block 'minecraft:grass_path' in 'matchBlocks' element 'grass_path' at index 29 in file 'minecraft:optifine/ctm/_overlays/gravel/0.properties' in pack 'file/xali's Enhanced Vanilla -1.11.2b-rev.54d51d4.zip'
[26Jul2026 11:04:50.578] [Worker-Main-6/WARN] [Continuity/]: Unknown block 'minecraft:planks' in 'matchBlocks' element 'planks' at index 8 in file 'minecraft:optifine/ctm/_overlays/warped_nylium/80.properties' in pack 'file/xali's Enhanced Vanilla -1.11.2b-rev.54d51d4.zip'
[26Jul2026 11:04:50.578] [Worker-Main-6/WARN] [Continuity/]: Unknown block 'minecraft:silver_glazed_terracotta' in 'matchBlocks' element 'silver_glazed_terracotta' at index 9 in file 'minecraft:optifine/ctm/_overlays/warped_nylium/80.properties' in pack 'file/xali's Enhanced Vanilla -1.11.2b-rev.54d51d4.zip'
[26Jul2026 11:04:50.578] [Worker-Main-6/WARN] [Continuity/]: Unknown block 'minecraft:stained_hardened_clay' in 'matchBlocks' element 'stained_hardened_clay' at index 10 in file 'minecraft:optifine/ctm/_overlays/warped_nylium/80.properties' in pack 'file/xali's Enhanced Vanilla -1.11.2b-rev.54d51d4.zip'
[26Jul2026 11:04:50.578] [Worker-Main-6/WARN] [Continuity/]: Unknown block 'minecraft:hardened_clay' in 'matchBlocks' element 'hardened_clay' at index 11 in file 'minecraft:optifine/ctm/_overlays/warped_nylium/80.properties' in pack 'file/xali's Enhanced Vanilla -1.11.2b-rev.54d51d4.zip'
[26Jul2026 11:04:50.578] [Worker-Main-6/WARN] [Continuity/]: Unknown block 'minecraft:grass_path' in 'matchBlocks' element 'grass_path' at index 24 in file 'minecraft:optifine/ctm/_overlays/warped_nylium/80.properties' in pack 'file/xali's Enhanced Vanilla -1.11.2b-rev.54d51d4.zip'
[26Jul2026 11:04:50.579] [Worker-Main-6/WARN] [Continuity/]: Unknown block 'minecraft:planks' in 'matchBlocks' element 'planks' at index 12 in file 'minecraft:optifine/ctm/_overlays/z-snowy_grass_block/4.properties' in pack 'file/xali's Enhanced Vanilla -1.11.2b-rev.54d51d4.zip'
[26Jul2026 11:04:50.579] [Worker-Main-6/WARN] [Continuity/]: Unknown block 'minecraft:silver_glazed_terracotta' in 'matchBlocks' element 'silver_glazed_terracotta' at index 13 in file 'minecraft:optifine/ctm/_overlays/z-snowy_grass_block/4.properties' in pack 'file/xali's Enhanced Vanilla -1.11.2b-rev.54d51d4.zip'
[26Jul2026 11:04:50.579] [Worker-Main-6/WARN] [Continuity/]: Unknown block 'minecraft:stained_hardened_clay' in 'matchBlocks' element 'stained_hardened_clay' at index 14 in file 'minecraft:optifine/ctm/_overlays/z-snowy_grass_block/4.properties' in pack 'file/xali's Enhanced Vanilla -1.11.2b-rev.54d51d4.zip'
[26Jul2026 11:04:50.579] [Worker-Main-6/WARN] [Continuity/]: Unknown block 'minecraft:hardened_clay' in 'matchBlocks' element 'hardened_clay' at index 15 in file 'minecraft:optifine/ctm/_overlays/z-snowy_grass_block/4.properties' in pack 'file/xali's Enhanced Vanilla -1.11.2b-rev.54d51d4.zip'
[26Jul2026 11:04:50.579] [Worker-Main-6/WARN] [Continuity/]: Unknown block 'minecraft:silver_glazed_terracotta' in 'matchBlocks' element 'silver_glazed_terracotta' at index 79 in file 'minecraft:optifine/ctm/_overlays/z-snowy_grass_block/4.properties' in pack 'file/xali's Enhanced Vanilla -1.11.2b-rev.54d51d4.zip'
[26Jul2026 11:04:50.579] [Worker-Main-6/WARN] [Continuity/]: Unknown block 'minecraft:grass_path' in 'matchBlocks' element 'grass_path' at index 88 in file 'minecraft:optifine/ctm/_overlays/z-snowy_grass_block/4.properties' in pack 'file/xali's Enhanced Vanilla -1.11.2b-rev.54d51d4.zip'
[26Jul2026 11:04:50.579] [Worker-Main-6/WARN] [Continuity/]: Unknown block 'minecraft:grass_path' in 'matchBlocks' element 'grass_path' at index 98 in file 'minecraft:optifine/ctm/_overlays/z-snowy_grass_block/4.properties' in pack 'file/xali's Enhanced Vanilla -1.11.2b-rev.54d51d4.zip'
[26Jul2026 11:04:50.580] [Worker-Main-6/WARN] [Continuity/]: Unknown block 'minecraft:silver_glazed_terracotta' in 'matchBlocks' element 'silver_glazed_terracotta' at index 150 in file 'minecraft:optifine/ctm/_overlays/z-snowy_grass_block/4.properties' in pack 'file/xali's Enhanced Vanilla -1.11.2b-rev.54d51d4.zip'
[26Jul2026 11:04:50.580] [Worker-Main-6/WARN] [Continuity/]: Unknown block 'minecraft:grass_path' in 'matchBlocks' element 'grass_path' at index 159 in file 'minecraft:optifine/ctm/_overlays/z-snowy_grass_block/4.properties' in pack 'file/xali's Enhanced Vanilla -1.11.2b-rev.54d51d4.zip'
[26Jul2026 11:04:50.580] [Worker-Main-6/WARN] [Continuity/]: Unknown block 'minecraft:grass_path' in 'matchBlocks' element 'grass_path' at index 169 in file 'minecraft:optifine/ctm/_overlays/z-snowy_grass_block/4.properties' in pack 'file/xali's Enhanced Vanilla -1.11.2b-rev.54d51d4.zip'
[26Jul2026 11:04:50.580] [Worker-Main-6/WARN] [Continuity/]: Unknown block 'minecraft:planks' in 'matchBlocks' element 'planks' at index 20 in file 'minecraft:optifine/ctm/_overlays/grass_block/0.properties' in pack 'file/xali's Enhanced Vanilla -1.11.2b-rev.54d51d4.zip'
[26Jul2026 11:04:50.580] [Worker-Main-6/WARN] [Continuity/]: Unknown block 'minecraft:stained_hardened_clay' in 'matchBlocks' element 'stained_hardened_clay' at index 21 in file 'minecraft:optifine/ctm/_overlays/grass_block/0.properties' in pack 'file/xali's Enhanced Vanilla -1.11.2b-rev.54d51d4.zip'
[26Jul2026 11:04:50.580] [Worker-Main-6/WARN] [Continuity/]: Unknown block 'minecraft:hardened_clay' in 'matchBlocks' element 'hardened_clay' at index 22 in file 'minecraft:optifine/ctm/_overlays/grass_block/0.properties' in pack 'file/xali's Enhanced Vanilla -1.11.2b-rev.54d51d4.zip'
[26Jul2026 11:04:50.580] [Worker-Main-6/WARN] [Continuity/]: Unknown block 'minecraft:silver_glazed_terracotta' in 'matchBlocks' element 'silver_glazed_terracotta' at index 62 in file 'minecraft:optifine/ctm/_overlays/grass_block/0.properties' in pack 'file/xali's Enhanced Vanilla -1.11.2b-rev.54d51d4.zip'
[26Jul2026 11:04:50.580] [Worker-Main-6/WARN] [Continuity/]: Unknown block 'minecraft:grass_block_snow' in 'matchBlocks' element 'grass_block_snow' at index 0 in file 'minecraft:optifine/ctm/snowy_grass_block/0.properties' in pack 'file/xali's Enhanced Vanilla -1.11.2b-rev.54d51d4.zip'
[26Jul2026 11:04:50.581] [Worker-Main-6/WARN] [Continuity/]: Unknown block 'minecraft:silver_glazed_terracotta' in 'matchBlocks' element 'silver_glazed_terracotta' at index 59 in file 'minecraft:optifine/ctm/_overlays/basalt/60.properties' in pack 'file/xali's Enhanced Vanilla -1.11.2b-rev.54d51d4.zip'
[26Jul2026 11:04:50.581] [Worker-Main-6/WARN] [Continuity/]: Unknown block 'minecraft:grass_path' in 'matchBlocks' element 'grass_path' at index 68 in file 'minecraft:optifine/ctm/_overlays/basalt/60.properties' in pack 'file/xali's Enhanced Vanilla -1.11.2b-rev.54d51d4.zip'
[26Jul2026 11:04:50.581] [Worker-Main-6/WARN] [Continuity/]: Unknown block 'minecraft:grass_path' in 'matchBlocks' element 'grass_path' at index 78 in file 'minecraft:optifine/ctm/_overlays/basalt/60.properties' in pack 'file/xali's Enhanced Vanilla -1.11.2b-rev.54d51d4.zip'
[26Jul2026 11:04:50.581] [Worker-Main-6/WARN] [Continuity/]: Unknown block 'minecraft:silver_glazed_terracotta' in 'matchBlocks' element 'silver_glazed_terracotta' at index 60 in file 'minecraft:optifine/ctm/_overlays/sand/0.properties' in pack 'file/xali's Enhanced Vanilla -1.11.2b-rev.54d51d4.zip'
[26Jul2026 11:04:50.581] [Worker-Main-6/WARN] [Continuity/]: Unknown block 'minecraft:grass_path' in 'matchBlocks' element 'grass_path' at index 69 in file 'minecraft:optifine/ctm/_overlays/sand/0.properties' in pack 'file/xali's Enhanced Vanilla -1.11.2b-rev.54d51d4.zip'
[26Jul2026 11:04:50.581] [Worker-Main-6/WARN] [Continuity/]: Unknown block 'minecraft:grass_path' in 'matchBlocks' element 'grass_path' at index 79 in file 'minecraft:optifine/ctm/_overlays/sand/0.properties' in pack 'file/xali's Enhanced Vanilla -1.11.2b-rev.54d51d4.zip'
[26Jul2026 11:04:50.582] [Worker-Main-6/WARN] [Continuity/]: Unknown block 'minecraft:grass_path' in 'matchBlocks' element 'grass_path' at index 6 in file 'minecraft:optifine/ctm/_overlays/moss/0.properties' in pack 'file/xali's Enhanced Vanilla -1.11.2b-rev.54d51d4.zip'
[26Jul2026 11:04:50.582] [Worker-Main-6/WARN] [Continuity/]: Unknown block 'minecraft:planks' in 'matchBlocks' element 'planks' at index 15 in file 'minecraft:optifine/ctm/_overlays/moss/0.properties' in pack 'file/xali's Enhanced Vanilla -1.11.2b-rev.54d51d4.zip'
[26Jul2026 11:04:50.582] [Worker-Main-6/WARN] [Continuity/]: Unknown block 'minecraft:stained_hardened_clay' in 'matchBlocks' element 'stained_hardened_clay' at index 19 in file 'minecraft:optifine/ctm/_overlays/moss/0.properties' in pack 'file/xali's Enhanced Vanilla -1.11.2b-rev.54d51d4.zip'
[26Jul2026 11:04:50.582] [Worker-Main-6/WARN] [Continuity/]: Unknown block 'minecraft:hardened_clay' in 'matchBlocks' element 'hardened_clay' at index 20 in file 'minecraft:optifine/ctm/_overlays/moss/0.properties' in pack 'file/xali's Enhanced Vanilla -1.11.2b-rev.54d51d4.zip'
[26Jul2026 11:04:50.582] [Worker-Main-6/WARN] [Continuity/]: Unknown block 'minecraft:grass_path' in 'matchBlocks' element 'grass_path' at index 14 in file 'minecraft:optifine/ctm/_overlays/coarse_dirt/0.properties' in pack 'file/xali's Enhanced Vanilla -1.11.2b-rev.54d51d4.zip'
[26Jul2026 11:04:50.583] [Worker-Main-6/WARN] [Continuity/]: Unknown block 'minecraft:grass_path' in 'matchBlocks' element 'grass_path' at index 2 in file 'minecraft:optifine/ctm/_overlays/dirt_rooted/0.properties' in pack 'file/xali's Enhanced Vanilla -1.11.2b-rev.54d51d4.zip'
[26Jul2026 11:04:50.583] [Worker-Main-6/WARN] [Continuity/]: Unknown block 'minecraft:planks' in 'matchBlocks' element 'planks' at index 11 in file 'minecraft:optifine/ctm/_overlays/dirt_rooted/0.properties' in pack 'file/xali's Enhanced Vanilla -1.11.2b-rev.54d51d4.zip'
[26Jul2026 11:04:50.583] [Worker-Main-6/WARN] [Continuity/]: Unknown block 'minecraft:stained_hardened_clay' in 'matchBlocks' element 'stained_hardened_clay' at index 14 in file 'minecraft:optifine/ctm/_overlays/dirt_rooted/0.properties' in pack 'file/xali's Enhanced Vanilla -1.11.2b-rev.54d51d4.zip'
[26Jul2026 11:04:50.583] [Worker-Main-6/WARN] [Continuity/]: Unknown block 'minecraft:hardened_clay' in 'matchBlocks' element 'hardened_clay' at index 15 in file 'minecraft:optifine/ctm/_overlays/dirt_rooted/0.properties' in pack 'file/xali's Enhanced Vanilla -1.11.2b-rev.54d51d4.zip'
[26Jul2026 11:04:50.583] [Worker-Main-6/WARN] [Continuity/]: Unknown block 'minecraft:silver_glazed_terracotta' in 'matchBlocks' element 'silver_glazed_terracotta' at index 59 in file 'minecraft:optifine/ctm/_overlays/basalt/20.properties' in pack 'file/xali's Enhanced Vanilla -1.11.2b-rev.54d51d4.zip'
[26Jul2026 11:04:50.583] [Worker-Main-6/WARN] [Continuity/]: Unknown block 'minecraft:grass_path' in 'matchBlocks' element 'grass_path' at index 68 in file 'minecraft:optifine/ctm/_overlays/basalt/20.properties' in pack 'file/xali's Enhanced Vanilla -1.11.2b-rev.54d51d4.zip'
[26Jul2026 11:04:50.583] [Worker-Main-6/WARN] [Continuity/]: Unknown block 'minecraft:grass_path' in 'matchBlocks' element 'grass_path' at index 78 in file 'minecraft:optifine/ctm/_overlays/basalt/20.properties' in pack 'file/xali's Enhanced Vanilla -1.11.2b-rev.54d51d4.zip'
[26Jul2026 11:04:50.583] [Worker-Main-6/WARN] [Continuity/]: Unknown block 'minecraft:planks' in 'matchBlocks' element 'planks' at index 10 in file 'minecraft:optifine/ctm/_overlays/z-snowy_grass_block/20.properties' in pack 'file/xali's Enhanced Vanilla -1.11.2b-rev.54d51d4.zip'
[26Jul2026 11:04:50.583] [Worker-Main-6/WARN] [Continuity/]: Unknown block 'minecraft:silver_glazed_terracotta' in 'matchBlocks' element 'silver_glazed_terracotta' at index 11 in file 'minecraft:optifine/ctm/_overlays/z-snowy_grass_block/20.properties' in pack 'file/xali's Enhanced Vanilla -1.11.2b-rev.54d51d4.zip'
[26Jul2026 11:04:50.583] [Worker-Main-6/WARN] [Continuity/]: Unknown block 'minecraft:stained_hardened_clay' in 'matchBlocks' element 'stained_hardened_clay' at index 12 in file 'minecraft:optifine/ctm/_overlays/z-snowy_grass_block/20.properties' in pack 'file/xali's Enhanced Vanilla -1.11.2b-rev.54d51d4.zip'
[26Jul2026 11:04:50.583] [Worker-Main-6/WARN] [Continuity/]: Unknown block 'minecraft:hardened_clay' in 'matchBlocks' element 'hardened_clay' at index 13 in file 'minecraft:optifine/ctm/_overlays/z-snowy_grass_block/20.properties' in pack 'file/xali's Enhanced Vanilla -1.11.2b-rev.54d51d4.zip'
[26Jul2026 11:04:50.583] [Worker-Main-6/WARN] [Continuity/]: Unknown block 'minecraft:grass_path' in 'matchBlocks' element 'grass_path' at index 26 in file 'minecraft:optifine/ctm/_overlays/z-snowy_grass_block/20.properties' in pack 'file/xali's Enhanced Vanilla -1.11.2b-rev.54d51d4.zip'
[26Jul2026 11:04:50.584] [Worker-Main-6/WARN] [Continuity/]: Unknown block 'minecraft:planks' in 'matchBlocks' element 'planks' at index 12 in file 'minecraft:optifine/ctm/_overlays/z-amethyst/0.properties' in pack 'file/xali's Enhanced Vanilla -1.11.2b-rev.54d51d4.zip'
[26Jul2026 11:04:50.584] [Worker-Main-6/WARN] [Continuity/]: Unknown block 'minecraft:silver_glazed_terracotta' in 'matchBlocks' element 'silver_glazed_terracotta' at index 13 in file 'minecraft:optifine/ctm/_overlays/z-amethyst/0.properties' in pack 'file/xali's Enhanced Vanilla -1.11.2b-rev.54d51d4.zip'
[26Jul2026 11:04:50.584] [Worker-Main-6/WARN] [Continuity/]: Unknown block 'minecraft:stained_hardened_clay' in 'matchBlocks' element 'stained_hardened_clay' at index 14 in file 'minecraft:optifine/ctm/_overlays/z-amethyst/0.properties' in pack 'file/xali's Enhanced Vanilla -1.11.2b-rev.54d51d4.zip'
[26Jul2026 11:04:50.584] [Worker-Main-6/WARN] [Continuity/]: Unknown block 'minecraft:hardened_clay' in 'matchBlocks' element 'hardened_clay' at index 15 in file 'minecraft:optifine/ctm/_overlays/z-amethyst/0.properties' in pack 'file/xali's Enhanced Vanilla -1.11.2b-rev.54d51d4.zip'
[26Jul2026 11:04:50.584] [Worker-Main-6/WARN] [Continuity/]: Unknown block 'minecraft:grass_path' in 'matchBlocks' element 'grass_path' at index 28 in file 'minecraft:optifine/ctm/_overlays/z-amethyst/0.properties' in pack 'file/xali's Enhanced Vanilla -1.11.2b-rev.54d51d4.zip'
[26Jul2026 11:04:50.585] [Worker-Main-6/WARN] [Continuity/]: Unknown block 'minecraft:grass' in 'matchBlocks' element 'grass' at index 0 in file 'minecraft:optifine/ctm/_overlays/snowy_grass/0.properties' in pack 'file/xali's Enhanced Vanilla -1.11.2b-rev.54d51d4.zip'
[26Jul2026 11:04:50.585] [Worker-Main-6/WARN] [Continuity/]: Unknown block 'minecraft:planks' in 'matchBlocks' element 'planks' at index 8 in file 'minecraft:optifine/ctm/_overlays/warped_nylium/60.properties' in pack 'file/xali's Enhanced Vanilla -1.11.2b-rev.54d51d4.zip'
[26Jul2026 11:04:50.585] [Worker-Main-6/WARN] [Continuity/]: Unknown block 'minecraft:silver_glazed_terracotta' in 'matchBlocks' element 'silver_glazed_terracotta' at index 9 in file 'minecraft:optifine/ctm/_overlays/warped_nylium/60.properties' in pack 'file/xali's Enhanced Vanilla -1.11.2b-rev.54d51d4.zip'
[26Jul2026 11:04:50.585] [Worker-Main-6/WARN] [Continuity/]: Unknown block 'minecraft:stained_hardened_clay' in 'matchBlocks' element 'stained_hardened_clay' at index 10 in file 'minecraft:optifine/ctm/_overlays/warped_nylium/60.properties' in pack 'file/xali's Enhanced Vanilla -1.11.2b-rev.54d51d4.zip'
[26Jul2026 11:04:50.585] [Worker-Main-6/WARN] [Continuity/]: Unknown block 'minecraft:hardened_clay' in 'matchBlocks' element 'hardened_clay' at index 11 in file 'minecraft:optifine/ctm/_overlays/warped_nylium/60.properties' in pack 'file/xali's Enhanced Vanilla -1.11.2b-rev.54d51d4.zip'
[26Jul2026 11:04:50.585] [Worker-Main-6/WARN] [Continuity/]: Unknown block 'minecraft:grass_path' in 'matchBlocks' element 'grass_path' at index 24 in file 'minecraft:optifine/ctm/_overlays/warped_nylium/60.properties' in pack 'file/xali's Enhanced Vanilla -1.11.2b-rev.54d51d4.zip'
[26Jul2026 11:04:50.585] [Worker-Main-6/WARN] [Continuity/]: Unknown block 'minecraft:planks' in 'matchBlocks' element 'planks' at index 11 in file 'minecraft:optifine/ctm/_overlays/mycelium/0.properties' in pack 'file/xali's Enhanced Vanilla -1.11.2b-rev.54d51d4.zip'
[26Jul2026 11:04:50.585] [Worker-Main-6/WARN] [Continuity/]: Unknown block 'minecraft:silver_glazed_terracotta' in 'matchBlocks' element 'silver_glazed_terracotta' at index 12 in file 'minecraft:optifine/ctm/_overlays/mycelium/0.properties' in pack 'file/xali's Enhanced Vanilla -1.11.2b-rev.54d51d4.zip'
[26Jul2026 11:04:50.585] [Worker-Main-6/WARN] [Continuity/]: Unknown block 'minecraft:stained_hardened_clay' in 'matchBlocks' element 'stained_hardened_clay' at index 13 in file 'minecraft:optifine/ctm/_overlays/mycelium/0.properties' in pack 'file/xali's Enhanced Vanilla -1.11.2b-rev.54d51d4.zip'
[26Jul2026 11:04:50.585] [Worker-Main-6/WARN] [Continuity/]: Unknown block 'minecraft:hardened_clay' in 'matchBlocks' element 'hardened_clay' at index 14 in file 'minecraft:optifine/ctm/_overlays/mycelium/0.properties' in pack 'file/xali's Enhanced Vanilla -1.11.2b-rev.54d51d4.zip'
[26Jul2026 11:04:50.585] [Worker-Main-6/WARN] [Continuity/]: Unknown block 'minecraft:grass_path' in 'matchBlocks' element 'grass_path' at index 27 in file 'minecraft:optifine/ctm/_overlays/mycelium/0.properties' in pack 'file/xali's Enhanced Vanilla -1.11.2b-rev.54d51d4.zip'
[26Jul2026 11:04:50.586] [Worker-Main-6/WARN] [Continuity/]: Unknown block 'minecraft:planks' in 'matchBlocks' element 'planks' at index 12 in file 'minecraft:optifine/ctm/_overlays/z-snowy_grass_block/3.properties' in pack 'file/xali's Enhanced Vanilla -1.11.2b-rev.54d51d4.zip'
[26Jul2026 11:04:50.586] [Worker-Main-6/WARN] [Continuity/]: Unknown block 'minecraft:silver_glazed_terracotta' in 'matchBlocks' element 'silver_glazed_terracotta' at index 13 in file 'minecraft:optifine/ctm/_overlays/z-snowy_grass_block/3.properties' in pack 'file/xali's Enhanced Vanilla -1.11.2b-rev.54d51d4.zip'
[26Jul2026 11:04:50.586] [Worker-Main-6/WARN] [Continuity/]: Unknown block 'minecraft:stained_hardened_clay' in 'matchBlocks' element 'stained_hardened_clay' at index 14 in file 'minecraft:optifine/ctm/_overlays/z-snowy_grass_block/3.properties' in pack 'file/xali's Enhanced Vanilla -1.11.2b-rev.54d51d4.zip'
[26Jul2026 11:04:50.586] [Worker-Main-6/WARN] [Continuity/]: Unknown block 'minecraft:hardened_clay' in 'matchBlocks' element 'hardened_clay' at index 15 in file 'minecraft:optifine/ctm/_overlays/z-snowy_grass_block/3.properties' in pack 'file/xali's Enhanced Vanilla -1.11.2b-rev.54d51d4.zip'
[26Jul2026 11:04:50.586] [Worker-Main-6/WARN] [Continuity/]: Unknown block 'minecraft:silver_glazed_terracotta' in 'matchBlocks' element 'silver_glazed_terracotta' at index 79 in file 'minecraft:optifine/ctm/_overlays/z-snowy_grass_block/3.properties' in pack 'file/xali's Enhanced Vanilla -1.11.2b-rev.54d51d4.zip'
[26Jul2026 11:04:50.586] [Worker-Main-6/WARN] [Continuity/]: Unknown block 'minecraft:grass_path' in 'matchBlocks' element 'grass_path' at index 88 in file 'minecraft:optifine/ctm/_overlays/z-snowy_grass_block/3.properties' in pack 'file/xali's Enhanced Vanilla -1.11.2b-rev.54d51d4.zip'
[26Jul2026 11:04:50.586] [Worker-Main-6/WARN] [Continuity/]: Unknown block 'minecraft:grass_path' in 'matchBlocks' element 'grass_path' at index 98 in file 'minecraft:optifine/ctm/_overlays/z-snowy_grass_block/3.properties' in pack 'file/xali's Enhanced Vanilla -1.11.2b-rev.54d51d4.zip'
[26Jul2026 11:04:50.586] [Worker-Main-6/WARN] [Continuity/]: Unknown block 'minecraft:silver_glazed_terracotta' in 'matchBlocks' element 'silver_glazed_terracotta' at index 150 in file 'minecraft:optifine/ctm/_overlays/z-snowy_grass_block/3.properties' in pack 'file/xali's Enhanced Vanilla -1.11.2b-rev.54d51d4.zip'
[26Jul2026 11:04:50.587] [Worker-Main-6/WARN] [Continuity/]: Unknown block 'minecraft:grass_path' in 'matchBlocks' element 'grass_path' at index 159 in file 'minecraft:optifine/ctm/_overlays/z-snowy_grass_block/3.properties' in pack 'file/xali's Enhanced Vanilla -1.11.2b-rev.54d51d4.zip'
[26Jul2026 11:04:50.587] [Worker-Main-6/WARN] [Continuity/]: Unknown block 'minecraft:grass_path' in 'matchBlocks' element 'grass_path' at index 169 in file 'minecraft:optifine/ctm/_overlays/z-snowy_grass_block/3.properties' in pack 'file/xali's Enhanced Vanilla -1.11.2b-rev.54d51d4.zip'
[26Jul2026 11:04:50.587] [Worker-Main-6/WARN] [Continuity/]: Unknown block 'minecraft:planks' in 'matchBlocks' element 'planks' at index 9 in file 'minecraft:optifine/ctm/_overlays/calcite/0.properties' in pack 'file/xali's Enhanced Vanilla -1.11.2b-rev.54d51d4.zip'
[26Jul2026 11:04:50.587] [Worker-Main-6/WARN] [Continuity/]: Unknown block 'minecraft:silver_glazed_terracotta' in 'matchBlocks' element 'silver_glazed_terracotta' at index 10 in file 'minecraft:optifine/ctm/_overlays/calcite/0.properties' in pack 'file/xali's Enhanced Vanilla -1.11.2b-rev.54d51d4.zip'
[26Jul2026 11:04:50.587] [Worker-Main-6/WARN] [Continuity/]: Unknown block 'minecraft:stained_hardened_clay' in 'matchBlocks' element 'stained_hardened_clay' at index 11 in file 'minecraft:optifine/ctm/_overlays/calcite/0.properties' in pack 'file/xali's Enhanced Vanilla -1.11.2b-rev.54d51d4.zip'
[26Jul2026 11:04:50.587] [Worker-Main-6/WARN] [Continuity/]: Unknown block 'minecraft:hardened_clay' in 'matchBlocks' element 'hardened_clay' at index 12 in file 'minecraft:optifine/ctm/_overlays/calcite/0.properties' in pack 'file/xali's Enhanced Vanilla -1.11.2b-rev.54d51d4.zip'
[26Jul2026 11:04:50.587] [Worker-Main-6/WARN] [Continuity/]: Unknown block 'minecraft:grass_path' in 'matchBlocks' element 'grass_path' at index 24 in file 'minecraft:optifine/ctm/_overlays/calcite/0.properties' in pack 'file/xali's Enhanced Vanilla -1.11.2b-rev.54d51d4.zip'
[26Jul2026 11:04:50.587] [Worker-Main-6/WARN] [Continuity/]: Unknown block 'minecraft:planks' in 'matchBlocks' element 'planks' at index 17 in file 'minecraft:optifine/ctm/_overlays/z-snowy_grass_block/5.properties' in pack 'file/xali's Enhanced Vanilla -1.11.2b-rev.54d51d4.zip'
[26Jul2026 11:04:50.587] [Worker-Main-6/WARN] [Continuity/]: Unknown block 'minecraft:silver_glazed_terracotta' in 'matchBlocks' element 'silver_glazed_terracotta' at index 18 in file 'minecraft:optifine/ctm/_overlays/z-snowy_grass_block/5.properties' in pack 'file/xali's Enhanced Vanilla -1.11.2b-rev.54d51d4.zip'
[26Jul2026 11:04:50.587] [Worker-Main-6/WARN] [Continuity/]: Unknown block 'minecraft:stained_hardened_clay' in 'matchBlocks' element 'stained_hardened_clay' at index 19 in file 'minecraft:optifine/ctm/_overlays/z-snowy_grass_block/5.properties' in pack 'file/xali's Enhanced Vanilla -1.11.2b-rev.54d51d4.zip'
[26Jul2026 11:04:50.587] [Worker-Main-6/WARN] [Continuity/]: Unknown block 'minecraft:hardened_clay' in 'matchBlocks' element 'hardened_clay' at index 20 in file 'minecraft:optifine/ctm/_overlays/z-snowy_grass_block/5.properties' in pack 'file/xali's Enhanced Vanilla -1.11.2b-rev.54d51d4.zip'
[26Jul2026 11:04:50.587] [Worker-Main-6/WARN] [Continuity/]: Unknown block 'minecraft:silver_glazed_terracotta' in 'matchBlocks' element 'silver_glazed_terracotta' at index 84 in file 'minecraft:optifine/ctm/_overlays/z-snowy_grass_block/5.properties' in pack 'file/xali's Enhanced Vanilla -1.11.2b-rev.54d51d4.zip'
[26Jul2026 11:04:50.588] [Worker-Main-6/WARN] [Continuity/]: Unknown block 'minecraft:grass_path' in 'matchBlocks' element 'grass_path' at index 93 in file 'minecraft:optifine/ctm/_overlays/z-snowy_grass_block/5.properties' in pack 'file/xali's Enhanced Vanilla -1.11.2b-rev.54d51d4.zip'
[26Jul2026 11:04:50.588] [Worker-Main-6/WARN] [Continuity/]: Unknown block 'minecraft:grass_path' in 'matchBlocks' element 'grass_path' at index 103 in file 'minecraft:optifine/ctm/_overlays/z-snowy_grass_block/5.properties' in pack 'file/xali's Enhanced Vanilla -1.11.2b-rev.54d51d4.zip'
[26Jul2026 11:04:50.588] [Worker-Main-6/WARN] [Continuity/]: Unknown block 'minecraft:silver_glazed_terracotta' in 'matchBlocks' element 'silver_glazed_terracotta' at index 155 in file 'minecraft:optifine/ctm/_overlays/z-snowy_grass_block/5.properties' in pack 'file/xali's Enhanced Vanilla -1.11.2b-rev.54d51d4.zip'
[26Jul2026 11:04:50.588] [Worker-Main-6/WARN] [Continuity/]: Unknown block 'minecraft:grass_path' in 'matchBlocks' element 'grass_path' at index 164 in file 'minecraft:optifine/ctm/_overlays/z-snowy_grass_block/5.properties' in pack 'file/xali's Enhanced Vanilla -1.11.2b-rev.54d51d4.zip'
[26Jul2026 11:04:50.588] [Worker-Main-6/WARN] [Continuity/]: Unknown block 'minecraft:grass_path' in 'matchBlocks' element 'grass_path' at index 174 in file 'minecraft:optifine/ctm/_overlays/z-snowy_grass_block/5.properties' in pack 'file/xali's Enhanced Vanilla -1.11.2b-rev.54d51d4.zip'
[26Jul2026 11:04:50.588] [Worker-Main-6/WARN] [Continuity/]: Unknown block 'minecraft:planks' in 'matchBlocks' element 'planks' at index 11 in file 'minecraft:optifine/ctm/_overlays/z-snowy_grass_block/40.properties' in pack 'file/xali's Enhanced Vanilla -1.11.2b-rev.54d51d4.zip'
[26Jul2026 11:04:50.588] [Worker-Main-6/WARN] [Continuity/]: Unknown block 'minecraft:silver_glazed_terracotta' in 'matchBlocks' element 'silver_glazed_terracotta' at index 12 in file 'minecraft:optifine/ctm/_overlays/z-snowy_grass_block/40.properties' in pack 'file/xali's Enhanced Vanilla -1.11.2b-rev.54d51d4.zip'
[26Jul2026 11:04:50.588] [Worker-Main-6/WARN] [Continuity/]: Unknown block 'minecraft:stained_hardened_clay' in 'matchBlocks' element 'stained_hardened_clay' at index 13 in file 'minecraft:optifine/ctm/_overlays/z-snowy_grass_block/40.properties' in pack 'file/xali's Enhanced Vanilla -1.11.2b-rev.54d51d4.zip'
[26Jul2026 11:04:50.588] [Worker-Main-6/WARN] [Continuity/]: Unknown block 'minecraft:hardened_clay' in 'matchBlocks' element 'hardened_clay' at index 14 in file 'minecraft:optifine/ctm/_overlays/z-snowy_grass_block/40.properties' in pack 'file/xali's Enhanced Vanilla -1.11.2b-rev.54d51d4.zip'
[26Jul2026 11:04:50.588] [Worker-Main-6/WARN] [Continuity/]: Unknown block 'minecraft:silver_glazed_terracotta' in 'matchBlocks' element 'silver_glazed_terracotta' at index 78 in file 'minecraft:optifine/ctm/_overlays/z-snowy_grass_block/40.properties' in pack 'file/xali's Enhanced Vanilla -1.11.2b-rev.54d51d4.zip'
[26Jul2026 11:04:50.588] [Worker-Main-6/WARN] [Continuity/]: Unknown block 'minecraft:grass_path' in 'matchBlocks' element 'grass_path' at index 87 in file 'minecraft:optifine/ctm/_overlays/z-snowy_grass_block/40.properties' in pack 'file/xali's Enhanced Vanilla -1.11.2b-rev.54d51d4.zip'
[26Jul2026 11:04:50.588] [Worker-Main-6/WARN] [Continuity/]: Unknown block 'minecraft:grass_path' in 'matchBlocks' element 'grass_path' at index 97 in file 'minecraft:optifine/ctm/_overlays/z-snowy_grass_block/40.properties' in pack 'file/xali's Enhanced Vanilla -1.11.2b-rev.54d51d4.zip'
[26Jul2026 11:04:50.588] [Worker-Main-6/WARN] [Continuity/]: Unknown block 'minecraft:silver_glazed_terracotta' in 'matchBlocks' element 'silver_glazed_terracotta' at index 149 in file 'minecraft:optifine/ctm/_overlays/z-snowy_grass_block/40.properties' in pack 'file/xali's Enhanced Vanilla -1.11.2b-rev.54d51d4.zip'
[26Jul2026 11:04:50.588] [Worker-Main-6/WARN] [Continuity/]: Unknown block 'minecraft:grass_path' in 'matchBlocks' element 'grass_path' at index 158 in file 'minecraft:optifine/ctm/_overlays/z-snowy_grass_block/40.properties' in pack 'file/xali's Enhanced Vanilla -1.11.2b-rev.54d51d4.zip'
[26Jul2026 11:04:50.588] [Worker-Main-6/WARN] [Continuity/]: Unknown block 'minecraft:grass_path' in 'matchBlocks' element 'grass_path' at index 168 in file 'minecraft:optifine/ctm/_overlays/z-snowy_grass_block/40.properties' in pack 'file/xali's Enhanced Vanilla -1.11.2b-rev.54d51d4.zip'
[26Jul2026 11:04:50.590] [Worker-Main-6/WARN] [Continuity/]: Unknown block 'minecraft:planks' in 'matchBlocks' element 'planks' at index 12 in file 'minecraft:optifine/ctm/_overlays/warped_nylium/20.properties' in pack 'file/xali's Enhanced Vanilla -1.11.2b-rev.54d51d4.zip'
[26Jul2026 11:04:50.590] [Worker-Main-6/WARN] [Continuity/]: Unknown block 'minecraft:silver_glazed_terracotta' in 'matchBlocks' element 'silver_glazed_terracotta' at index 13 in file 'minecraft:optifine/ctm/_overlays/warped_nylium/20.properties' in pack 'file/xali's Enhanced Vanilla -1.11.2b-rev.54d51d4.zip'
[26Jul2026 11:04:50.590] [Worker-Main-6/WARN] [Continuity/]: Unknown block 'minecraft:stained_hardened_clay' in 'matchBlocks' element 'stained_hardened_clay' at index 14 in file 'minecraft:optifine/ctm/_overlays/warped_nylium/20.properties' in pack 'file/xali's Enhanced Vanilla -1.11.2b-rev.54d51d4.zip'
[26Jul2026 11:04:50.591] [Worker-Main-6/WARN] [Continuity/]: Unknown block 'minecraft:hardened_clay' in 'matchBlocks' element 'hardened_clay' at index 15 in file 'minecraft:optifine/ctm/_overlays/warped_nylium/20.properties' in pack 'file/xali's Enhanced Vanilla -1.11.2b-rev.54d51d4.zip'
[26Jul2026 11:04:50.591] [Worker-Main-6/WARN] [Continuity/]: Unknown block 'minecraft:grass_path' in 'matchBlocks' element 'grass_path' at index 28 in file 'minecraft:optifine/ctm/_overlays/warped_nylium/20.properties' in pack 'file/xali's Enhanced Vanilla -1.11.2b-rev.54d51d4.zip'
[26Jul2026 11:04:50.591] [Worker-Main-6/WARN] [Continuity/]: Unknown block 'minecraft:planks' in 'matchBlocks' element 'planks' at index 15 in file 'minecraft:optifine/ctm/_overlays/grass_block/1.properties' in pack 'file/xali's Enhanced Vanilla -1.11.2b-rev.54d51d4.zip'
[26Jul2026 11:04:50.591] [Worker-Main-6/WARN] [Continuity/]: Unknown block 'minecraft:stained_hardened_clay' in 'matchBlocks' element 'stained_hardened_clay' at index 16 in file 'minecraft:optifine/ctm/_overlays/grass_block/1.properties' in pack 'file/xali's Enhanced Vanilla -1.11.2b-rev.54d51d4.zip'
[26Jul2026 11:04:50.591] [Worker-Main-6/WARN] [Continuity/]: Unknown block 'minecraft:hardened_clay' in 'matchBlocks' element 'hardened_clay' at index 17 in file 'minecraft:optifine/ctm/_overlays/grass_block/1.properties' in pack 'file/xali's Enhanced Vanilla -1.11.2b-rev.54d51d4.zip'
[26Jul2026 11:04:50.591] [Worker-Main-6/WARN] [Continuity/]: Unknown block 'minecraft:silver_glazed_terracotta' in 'matchBlocks' element 'silver_glazed_terracotta' at index 57 in file 'minecraft:optifine/ctm/_overlays/grass_block/1.properties' in pack 'file/xali's Enhanced Vanilla -1.11.2b-rev.54d51d4.zip'
[26Jul2026 11:04:50.596] [Worker-Main-5/WARN] [net.minecraft.client.renderer.texture.atlas.sources.SingleFile/]: Missing sprite: minecraft:textures/continuity_reserved/00000003.png
[26Jul2026 11:04:50.599] [Worker-Main-5/WARN] [net.minecraft.client.renderer.texture.atlas.sources.SingleFile/]: Missing sprite: minecraft:textures/continuity_reserved/000004de.png
[26Jul2026 11:04:50.600] [Worker-Main-5/WARN] [net.minecraft.client.renderer.texture.atlas.sources.SingleFile/]: Missing sprite: minecraft:textures/continuity_reserved/000004dc.png
[26Jul2026 11:04:50.601] [Worker-Main-5/WARN] [net.minecraft.client.renderer.texture.atlas.sources.SingleFile/]: Missing sprite: minecraft:textures/continuity_reserved/000004e4.png
[26Jul2026 11:04:50.601] [Worker-Main-5/WARN] [net.minecraft.client.renderer.texture.atlas.sources.SingleFile/]: Missing sprite: minecraft:textures/continuity_reserved/000004d5.png
[26Jul2026 11:04:50.605] [Worker-Main-5/WARN] [net.minecraft.client.renderer.texture.atlas.sources.SingleFile/]: Missing sprite: minecraft:textures/continuity_reserved/000004e0.png
[26Jul2026 11:04:50.605] [Worker-Main-5/WARN] [net.minecraft.client.renderer.texture.atlas.sources.SingleFile/]: Missing sprite: minecraft:textures/continuity_reserved/000004e3.png
[26Jul2026 11:04:50.606] [Worker-Main-5/WARN] [net.minecraft.client.renderer.texture.atlas.sources.SingleFile/]: Missing sprite: minecraft:textures/continuity_reserved/000004d6.png
[26Jul2026 11:04:50.606] [Worker-Main-5/WARN] [net.minecraft.client.renderer.texture.atlas.sources.SingleFile/]: Missing sprite: minecraft:textures/continuity_reserved/000004e2.png
[26Jul2026 11:04:50.606] [Worker-Main-5/WARN] [net.minecraft.client.renderer.texture.atlas.sources.SingleFile/]: Missing sprite: minecraft:textures/continuity_reserved/000004d7.png
[26Jul2026 11:04:50.606] [Worker-Main-5/WARN] [net.minecraft.client.renderer.texture.atlas.sources.SingleFile/]: Missing sprite: minecraft:textures/continuity_reserved/000004d9.png
[26Jul2026 11:04:50.607] [Worker-Main-5/WARN] [net.minecraft.client.renderer.texture.atlas.sources.SingleFile/]: Missing sprite: minecraft:textures/continuity_reserved/000004e1.png
[26Jul2026 11:04:50.607] [Worker-Main-5/WARN] [net.minecraft.client.renderer.texture.atlas.sources.SingleFile/]: Missing sprite: minecraft:textures/continuity_reserved/000004da.png
[26Jul2026 11:04:50.607] [Worker-Main-5/WARN] [net.minecraft.client.renderer.texture.atlas.sources.SingleFile/]: Missing sprite: minecraft:textures/continuity_reserved/0000027f.png
[26Jul2026 11:04:50.611] [Worker-Main-5/WARN] [net.minecraft.client.renderer.texture.atlas.sources.SingleFile/]: Missing sprite: minecraft:textures/continuity_reserved/000004d8.png
[26Jul2026 11:04:50.611] [Worker-Main-5/WARN] [net.minecraft.client.renderer.texture.atlas.sources.SingleFile/]: Missing sprite: minecraft:textures/continuity_reserved/000000b4.png
[26Jul2026 11:04:50.612] [Worker-Main-5/WARN] [net.minecraft.client.renderer.texture.atlas.sources.SingleFile/]: Missing sprite: minecraft:textures/continuity_reserved/000004df.png
[26Jul2026 11:04:50.615] [Worker-Main-5/WARN] [net.minecraft.client.renderer.texture.atlas.sources.SingleFile/]: Missing sprite: minecraft:textures/continuity_reserved/000004dd.png
[26Jul2026 11:04:50.615] [Worker-Main-5/WARN] [net.minecraft.client.renderer.texture.atlas.sources.SingleFile/]: Missing sprite: minecraft:textures/continuity_reserved/000004db.png
[26Jul2026 11:04:50.618] [Worker-Main-5/WARN] [net.minecraft.client.renderer.texture.atlas.sources.SingleFile/]: Missing sprite: minecraft:textures/continuity_reserved/000004e5.png
[26Jul2026 11:04:50.690] [Render thread/INFO] [ribbits/]: Registering Ribbit umbrella types...
[26Jul2026 11:04:50.690] [Render thread/INFO] [ribbits/]: Registering Ribbit professions...
[26Jul2026 11:04:50.690] [Render thread/INFO] [ribbits/]: Registering Ribbit instruments...
[26Jul2026 11:04:50.713] [Worker-Main-3/ERROR] [net.minecraft.client.renderer.texture.atlas.SpriteResourceLoader/]: Using missing texture, unable to load testcoop:mahito
java.io.IOException: Could not load image: Image not of any known type, or corrupt
	at TRANSFORMER/minecraft@1.21.1/com.mojang.blaze3d.platform.NativeImage.read(NativeImage.java:147) ~[client-1.21.1-20240808.144430-srg.jar%23310!/:?]
	at TRANSFORMER/minecraft@1.21.1/com.mojang.blaze3d.platform.NativeImage.read(NativeImage.java:111) ~[client-1.21.1-20240808.144430-srg.jar%23310!/:?]
	at TRANSFORMER/minecraft@1.21.1/com.mojang.blaze3d.platform.NativeImage.read(NativeImage.java:102) ~[client-1.21.1-20240808.144430-srg.jar%23310!/:?]
	at TRANSFORMER/minecraft@1.21.1/net.minecraft.client.renderer.texture.atlas.SpriteResourceLoader.lambda$create$0(SpriteResourceLoader.java:38) ~[client-1.21.1-20240808.144430-srg.jar%23310!/:?]
	at TRANSFORMER/minecraft@1.21.1/net.minecraft.client.renderer.texture.atlas.SpriteResourceLoader.loadSprite(SpriteResourceLoader.java:66) ~[client-1.21.1-20240808.144430-srg.jar%23310!/:?]
	at TRANSFORMER/minecraft@1.21.1/net.minecraft.client.renderer.texture.atlas.SpriteSource$Output.lambda$add$0(SpriteSource.java:21) ~[client-1.21.1-20240808.144430-srg.jar%23310!/:?]
	at TRANSFORMER/minecraft@1.21.1/net.minecraft.client.renderer.texture.SpriteLoader.lambda$runSpriteSuppliers$3(SpriteLoader.java:118) ~[client-1.21.1-20240808.144430-srg.jar%23310!/:?]
	at java.base/java.util.concurrent.CompletableFuture$AsyncSupply.run(CompletableFuture.java:1768) [?:?]
	at java.base/java.util.concurrent.CompletableFuture$AsyncSupply.exec(CompletableFuture.java:1760) [?:?]
	at java.base/java.util.concurrent.ForkJoinTask.doExec(ForkJoinTask.java:387) [?:?]
	at java.base/java.util.concurrent.ForkJoinPool$WorkQueue.topLevelExec(ForkJoinPool.java:1312) [?:?]
	at java.base/java.util.concurrent.ForkJoinPool.scan(ForkJoinPool.java:1843) [?:?]
	at java.base/java.util.concurrent.ForkJoinPool.runWorker(ForkJoinPool.java:1808) [?:?]
	at java.base/java.util.concurrent.ForkJoinWorkerThread.run(ForkJoinWorkerThread.java:188) [?:?]
[26Jul2026 11:04:50.736] [NeoForge Version Check/INFO] [net.neoforged.fml.VersionChecker/]: [forgeendertech] Found status: UP_TO_DATE Current: 12.1.2.2 Target: null
[26Jul2026 11:04:50.736] [NeoForge Version Check/INFO] [net.neoforged.fml.VersionChecker/]: [mr_no_phantom] Starting version check at https://api.modrinth.com/updates/pVTlkDub/forge_updates.json?neoforge=only
[26Jul2026 11:04:50.743] [Render thread/INFO] [Supplementaries/]: Finished mod setup in: [6, 0, 2, 0, 0, 0] ms
[26Jul2026 11:04:50.791] [Render thread/INFO] [necronomicon/]: File exists, reading config for elocindev.item_obliterator.neoforge.config.ConfigEntries.
[26Jul2026 11:04:50.791] [Render thread/INFO] [necronomicon/]: Config for elocindev.item_obliterator.neoforge.config.ConfigEntries read successfully.
[26Jul2026 11:04:50.794] [Render thread/INFO] [elocindev.item_obliterator.neoforge.ItemObliterator/]: Loaded NeoForge Item Obliterator config.
[26Jul2026 11:04:50.819] [Worker-Main-4/ERROR] [net.minecraft.Util/]: Invalid path in pack: testcoop:player_animations/dap _hold.json, ignoring
[26Jul2026 11:04:50.912] [Render thread/INFO] [Moonlight/]: Initialized color sets in 99ms
[26Jul2026 11:04:50.918] [Render thread/ERROR] [Moonlight/]: Fabric API detected! This is not a Fabric mod, so please don't report related issues to MoonlightLib or its dependent(s). This can usually happen when using Connector, or when using a mod that does NOT have a native Neoforge implementation. This can easily lead to poor compatibility and other bizarre issues. Proceed at your own risk. 
 Mods that bundle Fabric API: [forgified-fabric-api-0.116.14+2.3.0+1.21.1.jar]
[26Jul2026 11:04:50.974] [Worker-Main-3/INFO] [YetAnotherConfigLib/]: Deserializing Config from '/home/axii/.local/share/PrismLauncher/instances/dode/minecraft/config/dynamiccrosshair.json5'
[26Jul2026 11:04:51.072] [Worker-Main-3/INFO] [voicechat/]: [voicechat] Initializing Opus
[26Jul2026 11:04:51.152] [Worker-Main-7/INFO] [com.jinqinxixi.bountifulbaubles.BountifulBaublesMod/]: Client Initialized
[26Jul2026 11:04:51.153] [Worker-Main-3/INFO] [voicechat/]: [voicechat] Successfully initialized Opus
[26Jul2026 11:04:51.154] [Worker-Main-3/INFO] [voicechat/]: [voicechat] Initializing RNNoise
[26Jul2026 11:04:51.170] [Worker-Main-8/INFO] [com.skylark.surfacesamples.SurfaceSamples/]: HELLO FROM CLIENT SETUP
[26Jul2026 11:04:51.170] [Worker-Main-8/INFO] [com.skylark.surfacesamples.SurfaceSamples/]: MINECRAFT NAME >> Axiinyaa
[26Jul2026 11:04:51.196] [Worker-Main-3/INFO] [voicechat/]: [voicechat] Successfully initialized RNNoise
[26Jul2026 11:04:51.212] [Worker-Main-3/INFO] [voicechat/]: [voicechat] Initializing Speex
[26Jul2026 11:04:51.237] [NeoForge Version Check/INFO] [net.neoforged.fml.VersionChecker/]: [mr_no_phantom] Found status: OUTDATED Current: 1.0 Target: 1.0+mod
[26Jul2026 11:04:51.238] [NeoForge Version Check/INFO] [net.neoforged.fml.VersionChecker/]: [pickupnotifier] Starting version check at https://raw.githubusercontent.com/Fuzss/modresources/main/update/pickupnotifier.json
[26Jul2026 11:04:51.235] [Worker-Main-1/INFO] [SpectreLib/]: Registering config screens for mod comforts with 2 config(s)
[26Jul2026 11:04:51.246] [Worker-Main-1/INFO] [xaero.minimap.XaeroMinimap/]: Loading Xaero's Minimap - Stage 1/2
[26Jul2026 11:04:51.246] [Worker-Main-3/INFO] [voicechat/]: [voicechat] Successfully initialized Speex
[26Jul2026 11:04:51.256] [Worker-Main-3/INFO] [voicechat/]: [voicechat] Initializing LAME
[26Jul2026 11:04:51.312] [NeoForge Version Check/INFO] [net.neoforged.fml.VersionChecker/]: [pickupnotifier] Found status: UP_TO_DATE Current: 21.1.1 Target: null
[26Jul2026 11:04:51.313] [NeoForge Version Check/INFO] [net.neoforged.fml.VersionChecker/]: [mr_developer_resources] Starting version check at https://api.modrinth.com/updates/ZS3lIxKu/forge_updates.json?neoforge=only
[26Jul2026 11:04:51.312] [Worker-Main-3/INFO] [voicechat/]: [voicechat] Successfully initialized LAME
[26Jul2026 11:04:51.319] [Worker-Main-10/INFO] [xaero.map.WorldMap/]: Loading Xaero's World Map - Stage 1/2
[26Jul2026 11:04:51.327] [Worker-Main-3/INFO] [voicechat/]: [voicechat] Using Cloth Config GUI
[26Jul2026 11:04:51.331] [Worker-Main-3/INFO] [Sound Physics - General/]: Reloading reverb parameters
[26Jul2026 11:04:51.366] [Worker-Main-11/INFO] [burnt/]: Burnt Basic client initialized.
[26Jul2026 11:04:51.419] [Worker-Main-6/INFO] [xaero.lib.XaeroLib/]: Loading XaeroLib client 1/2!
[26Jul2026 11:04:51.442] [Worker-Main-3/INFO] [Sound Physics - General/]: Using Cloth Config GUI
[26Jul2026 11:04:51.549] [NeoForge Version Check/INFO] [net.neoforged.fml.VersionChecker/]: [mr_developer_resources] Found status: BETA_OUTDATED Current: 1.6.3 Target: 1.6.3+mod
[26Jul2026 11:04:51.549] [NeoForge Version Check/INFO] [net.neoforged.fml.VersionChecker/]: [searchables] Starting version check at https://updates.blamejared.com/get?n=searchables&gv=1.21.1&ml=neoforge
[26Jul2026 11:04:51.573] [Worker-Main-1/ERROR] [net.minecraft.client.resources.model.ModelManager/]: Failed to load model minecraft:models/block/trapdoor/template_trapdoor_top.json
com.google.gson.JsonParseException: block/#side is not valid resource location
	at TRANSFORMER/minecraft@1.21.1/net.minecraft.client.renderer.block.model.BlockModel$Deserializer.parseTextureLocationOrReference(BlockModel.java:389) ~[client-1.21.1-20240808.144430-srg.jar%23310!/:?]
	at TRANSFORMER/minecraft@1.21.1/net.minecraft.client.renderer.block.model.BlockModel$Deserializer.getTextureMap(BlockModel.java:376) ~[client-1.21.1-20240808.144430-srg.jar%23310!/:?]
	at TRANSFORMER/minecraft@1.21.1/net.minecraft.client.renderer.block.model.BlockModel$Deserializer.deserialize(BlockModel.java:340) ~[client-1.21.1-20240808.144430-srg.jar%23310!/:?]
	at TRANSFORMER/neoforge@21.1.243/net.neoforged.neoforge.client.model.ExtendedBlockModelDeserializer.deserialize(ExtendedBlockModelDeserializer.java:51) ~[neoforge-21.1.243-universal.jar%23311!/:?]
	at TRANSFORMER/neoforge@21.1.243/net.neoforged.neoforge.client.model.ExtendedBlockModelDeserializer.deserialize(ExtendedBlockModelDeserializer.java:37) ~[neoforge-21.1.243-universal.jar%23311!/:?]
	at MC-BOOTSTRAP/com.google.gson@2.10.1/com.google.gson.internal.bind.TreeTypeAdapter.read(TreeTypeAdapter.java:76) ~[gson-2.10.1.jar%23109!/:?]
	at TRANSFORMER/minecraft@1.21.1/net.minecraft.util.GsonHelper.fromNullableJson(GsonHelper.java:525) ~[client-1.21.1-20240808.144430-srg.jar%23310!/:?]
	at TRANSFORMER/minecraft@1.21.1/net.minecraft.util.GsonHelper.fromJson(GsonHelper.java:532) ~[client-1.21.1-20240808.144430-srg.jar%23310!/:?]
	at TRANSFORMER/minecraft@1.21.1/net.minecraft.util.GsonHelper.fromJson(GsonHelper.java:582) ~[client-1.21.1-20240808.144430-srg.jar%23310!/:?]
	at TRANSFORMER/minecraft@1.21.1/net.minecraft.client.renderer.block.model.BlockModel.fromStream(BlockModel.java:83) ~[client-1.21.1-20240808.144430-srg.jar%23310!/:?]
	at TRANSFORMER/minecraft@1.21.1/net.minecraft.client.resources.model.ModelManager.lambda$loadBlockModels$8(ModelManager.java:144) ~[client-1.21.1-20240808.144430-srg.jar%23310!/:?]
	at java.base/java.util.concurrent.CompletableFuture$AsyncSupply.run(CompletableFuture.java:1768) [?:?]
	at java.base/java.util.concurrent.CompletableFuture$AsyncSupply.exec(CompletableFuture.java:1760) [?:?]
	at java.base/java.util.concurrent.ForkJoinTask.doExec(ForkJoinTask.java:387) [?:?]
	at java.base/java.util.concurrent.ForkJoinPool$WorkQueue.topLevelExec(ForkJoinPool.java:1312) [?:?]
	at java.base/java.util.concurrent.ForkJoinPool.scan(ForkJoinPool.java:1843) [?:?]
	at java.base/java.util.concurrent.ForkJoinPool.runWorker(ForkJoinPool.java:1808) [?:?]
	at java.base/java.util.concurrent.ForkJoinWorkerThread.run(ForkJoinWorkerThread.java:188) [?:?]
[26Jul2026 11:04:51.592] [Worker-Main-5/ERROR] [net.minecraft.server.packs.PathPackResources/]: Invalid path minecraft:textures/block/Sans-titre-1_e.png: Invalid segment 'Sans-titre-1_e.png' in path 'textures/block/Sans-titre-1_e.png'
[26Jul2026 11:04:51.593] [Worker-Main-5/ERROR] [net.minecraft.server.packs.PathPackResources/]: Invalid path minecraft:textures/block/Sans-titre-1_e.png: Invalid segment 'Sans-titre-1_e.png' in path 'textures/block/Sans-titre-1_e.png'
[26Jul2026 11:04:51.593] [Worker-Main-5/ERROR] [net.minecraft.server.packs.PathPackResources/]: Invalid path minecraft:textures/block/Sans-titre-1_e.png: Invalid segment 'Sans-titre-1_e.png' in path 'textures/block/Sans-titre-1_e.png'
[26Jul2026 11:04:51.593] [Worker-Main-5/ERROR] [net.minecraft.server.packs.PathPackResources/]: Invalid path minecraft:textures/block/Sans-titre-1_e.png: Invalid segment 'Sans-titre-1_e.png' in path 'textures/block/Sans-titre-1_e.png'
[26Jul2026 11:04:51.593] [Worker-Main-5/ERROR] [net.minecraft.server.packs.PathPackResources/]: Invalid path minecraft:textures/block/Sans-titre-1_e.png: Invalid segment 'Sans-titre-1_e.png' in path 'textures/block/Sans-titre-1_e.png'
[26Jul2026 11:04:51.593] [Worker-Main-5/ERROR] [net.minecraft.server.packs.PathPackResources/]: Invalid path minecraft:textures/block/Sans-titre-1_e.png: Invalid segment 'Sans-titre-1_e.png' in path 'textures/block/Sans-titre-1_e.png'
[26Jul2026 11:04:51.593] [Worker-Main-5/ERROR] [net.minecraft.server.packs.PathPackResources/]: Invalid path minecraft:textures/block/Sans-titre-1_e.png: Invalid segment 'Sans-titre-1_e.png' in path 'textures/block/Sans-titre-1_e.png'
[26Jul2026 11:04:51.593] [Worker-Main-5/ERROR] [net.minecraft.server.packs.PathPackResources/]: Invalid path minecraft:textures/block/Sans-titre-1_e.png: Invalid segment 'Sans-titre-1_e.png' in path 'textures/block/Sans-titre-1_e.png'
[26Jul2026 11:04:51.593] [Worker-Main-5/ERROR] [net.minecraft.server.packs.PathPackResources/]: Invalid path minecraft:textures/block/Sans-titre-1_e.png: Invalid segment 'Sans-titre-1_e.png' in path 'textures/block/Sans-titre-1_e.png'
[26Jul2026 11:04:51.593] [Worker-Main-5/ERROR] [net.minecraft.server.packs.PathPackResources/]: Invalid path minecraft:textures/block/Sans-titre-1_e.png: Invalid segment 'Sans-titre-1_e.png' in path 'textures/block/Sans-titre-1_e.png'
[26Jul2026 11:04:51.593] [Worker-Main-5/ERROR] [net.minecraft.server.packs.PathPackResources/]: Invalid path minecraft:textures/block/Sans-titre-1_e.png: Invalid segment 'Sans-titre-1_e.png' in path 'textures/block/Sans-titre-1_e.png'
[26Jul2026 11:04:51.593] [Worker-Main-5/ERROR] [net.minecraft.server.packs.PathPackResources/]: Invalid path minecraft:textures/block/Sans-titre-1_e.png: Invalid segment 'Sans-titre-1_e.png' in path 'textures/block/Sans-titre-1_e.png'
[26Jul2026 11:04:51.593] [Worker-Main-5/ERROR] [net.minecraft.server.packs.PathPackResources/]: Invalid path minecraft:textures/block/Sans-titre-1_e.png: Invalid segment 'Sans-titre-1_e.png' in path 'textures/block/Sans-titre-1_e.png'
[26Jul2026 11:04:51.593] [Worker-Main-5/ERROR] [net.minecraft.server.packs.PathPackResources/]: Invalid path minecraft:textures/block/Sans-titre-1_e.png: Invalid segment 'Sans-titre-1_e.png' in path 'textures/block/Sans-titre-1_e.png'
[26Jul2026 11:04:51.593] [Worker-Main-5/ERROR] [net.minecraft.server.packs.PathPackResources/]: Invalid path minecraft:textures/block/Sans-titre-1_e.png: Invalid segment 'Sans-titre-1_e.png' in path 'textures/block/Sans-titre-1_e.png'
[26Jul2026 11:04:51.593] [Worker-Main-5/ERROR] [net.minecraft.server.packs.PathPackResources/]: Invalid path minecraft:textures/block/Sans-titre-1_e.png: Invalid segment 'Sans-titre-1_e.png' in path 'textures/block/Sans-titre-1_e.png'
[26Jul2026 11:04:51.593] [Worker-Main-5/ERROR] [net.minecraft.server.packs.PathPackResources/]: Invalid path minecraft:textures/block/Sans-titre-1_e.png: Invalid segment 'Sans-titre-1_e.png' in path 'textures/block/Sans-titre-1_e.png'
[26Jul2026 11:04:51.593] [Worker-Main-5/ERROR] [net.minecraft.server.packs.PathPackResources/]: Invalid path minecraft:textures/block/Sans-titre-1_e.png: Invalid segment 'Sans-titre-1_e.png' in path 'textures/block/Sans-titre-1_e.png'
[26Jul2026 11:04:51.593] [Worker-Main-5/ERROR] [net.minecraft.server.packs.PathPackResources/]: Invalid path minecraft:textures/block/Sans-titre-1_e.png: Invalid segment 'Sans-titre-1_e.png' in path 'textures/block/Sans-titre-1_e.png'
[26Jul2026 11:04:51.593] [Worker-Main-5/ERROR] [net.minecraft.server.packs.PathPackResources/]: Invalid path minecraft:textures/block/Sans-titre-1_e.png: Invalid segment 'Sans-titre-1_e.png' in path 'textures/block/Sans-titre-1_e.png'
[26Jul2026 11:04:51.594] [Worker-Main-5/ERROR] [net.minecraft.server.packs.PathPackResources/]: Invalid path minecraft:textures/block/Sans-titre-1_e.png: Invalid segment 'Sans-titre-1_e.png' in path 'textures/block/Sans-titre-1_e.png'
[26Jul2026 11:04:51.596] [Worker-Main-5/ERROR] [net.minecraft.server.packs.PathPackResources/]: Invalid path minecraft:textures/block/Sans-titre-1_e.png: Invalid segment 'Sans-titre-1_e.png' in path 'textures/block/Sans-titre-1_e.png'
[26Jul2026 11:04:51.596] [Worker-Main-5/ERROR] [net.minecraft.server.packs.PathPackResources/]: Invalid path minecraft:textures/block/Sans-titre-1_e.png: Invalid segment 'Sans-titre-1_e.png' in path 'textures/block/Sans-titre-1_e.png'
[26Jul2026 11:04:51.596] [Worker-Main-5/ERROR] [net.minecraft.server.packs.PathPackResources/]: Invalid path minecraft:textures/block/Sans-titre-1_e.png: Invalid segment 'Sans-titre-1_e.png' in path 'textures/block/Sans-titre-1_e.png'
[26Jul2026 11:04:51.596] [Worker-Main-5/ERROR] [net.minecraft.server.packs.PathPackResources/]: Invalid path minecraft:textures/block/Sans-titre-1_e.png: Invalid segment 'Sans-titre-1_e.png' in path 'textures/block/Sans-titre-1_e.png'
[26Jul2026 11:04:51.597] [Worker-Main-5/ERROR] [net.minecraft.server.packs.VanillaPackResources/]: Invalid path minecraft:textures/block/Sans-titre-1_e.png: Invalid segment 'Sans-titre-1_e.png' in path 'textures/block/Sans-titre-1_e.png'
[26Jul2026 11:04:51.886] [Worker-Main-9/WARN] [net.minecraft.client.renderer.texture.SpriteLoader/]: Texture createrailgrinding:item/custom_diving_boots with size 18x18 limits mip level from 4 to 1
[26Jul2026 11:04:51.886] [Worker-Main-9/WARN] [net.minecraft.client.renderer.texture.SpriteLoader/]: Texture bountifulbaubles:item/endless_pearl with size 13x13 limits mip level from 1 to 0
[26Jul2026 11:04:52.159] [NeoForge Version Check/INFO] [net.neoforged.fml.VersionChecker/]: [searchables] Found status: BETA Current: 1.0.2 Target: 1.0.2
[26Jul2026 11:04:52.159] [NeoForge Version Check/INFO] [net.neoforged.fml.VersionChecker/]: [proplacer] Starting version check at https://raw.githubusercontent.com/Fuzss/modresources/main/update/proplacer.json
[26Jul2026 11:04:52.342] [Worker-Main-7/WARN] [net.minecraft.client.resources.model.BlockStateModelLoader/]: Exception loading blockstate definition: 'surfacesamples:blockstates/coal_ore_sample.json' missing model for variant: 'surfacesamples:coal_ore_sample#flavour=unknown,waterlogged=false'
[26Jul2026 11:04:52.342] [Worker-Main-7/WARN] [net.minecraft.client.resources.model.BlockStateModelLoader/]: Exception loading blockstate definition: 'surfacesamples:blockstates/coal_ore_sample.json' missing model for variant: 'surfacesamples:coal_ore_sample#flavour=snowy,waterlogged=true'
[26Jul2026 11:04:52.342] [Worker-Main-7/WARN] [net.minecraft.client.resources.model.BlockStateModelLoader/]: Exception loading blockstate definition: 'surfacesamples:blockstates/coal_ore_sample.json' missing model for variant: 'surfacesamples:coal_ore_sample#flavour=unknown,waterlogged=true'
[26Jul2026 11:04:52.342] [Worker-Main-7/WARN] [net.minecraft.client.resources.model.BlockStateModelLoader/]: Exception loading blockstate definition: 'surfacesamples:blockstates/coal_ore_sample.json' missing model for variant: 'surfacesamples:coal_ore_sample#flavour=snowy,waterlogged=false'
[26Jul2026 11:04:52.342] [Worker-Main-7/WARN] [net.minecraft.client.resources.model.BlockStateModelLoader/]: Exception loading blockstate definition: 'surfacesamples:blockstates/copper_ore_sample.json' missing model for variant: 'surfacesamples:copper_ore_sample#flavour=unknown,waterlogged=true'
[26Jul2026 11:04:52.343] [Worker-Main-7/WARN] [net.minecraft.client.resources.model.BlockStateModelLoader/]: Exception loading blockstate definition: 'surfacesamples:blockstates/copper_ore_sample.json' missing model for variant: 'surfacesamples:copper_ore_sample#flavour=snowy,waterlogged=false'
[26Jul2026 11:04:52.343] [Worker-Main-7/WARN] [net.minecraft.client.resources.model.BlockStateModelLoader/]: Exception loading blockstate definition: 'surfacesamples:blockstates/copper_ore_sample.json' missing model for variant: 'surfacesamples:copper_ore_sample#flavour=snowy,waterlogged=true'
[26Jul2026 11:04:52.343] [Worker-Main-7/WARN] [net.minecraft.client.resources.model.BlockStateModelLoader/]: Exception loading blockstate definition: 'surfacesamples:blockstates/copper_ore_sample.json' missing model for variant: 'surfacesamples:copper_ore_sample#flavour=unknown,waterlogged=false'
[26Jul2026 11:04:52.343] [Worker-Main-7/WARN] [net.minecraft.client.resources.model.BlockStateModelLoader/]: Exception loading blockstate definition: 'surfacesamples:blockstates/diamond_ore_sample.json' missing model for variant: 'surfacesamples:diamond_ore_sample#flavour=snowy,waterlogged=false'
[26Jul2026 11:04:52.343] [Worker-Main-7/WARN] [net.minecraft.client.resources.model.BlockStateModelLoader/]: Exception loading blockstate definition: 'surfacesamples:blockstates/diamond_ore_sample.json' missing model for variant: 'surfacesamples:diamond_ore_sample#flavour=unknown,waterlogged=true'
[26Jul2026 11:04:52.343] [Worker-Main-7/WARN] [net.minecraft.client.resources.model.BlockStateModelLoader/]: Exception loading blockstate definition: 'surfacesamples:blockstates/diamond_ore_sample.json' missing model for variant: 'surfacesamples:diamond_ore_sample#flavour=unknown,waterlogged=false'
[26Jul2026 11:04:52.343] [Worker-Main-7/WARN] [net.minecraft.client.resources.model.BlockStateModelLoader/]: Exception loading blockstate definition: 'surfacesamples:blockstates/diamond_ore_sample.json' missing model for variant: 'surfacesamples:diamond_ore_sample#flavour=snowy,waterlogged=true'
[26Jul2026 11:04:52.343] [Worker-Main-7/WARN] [net.minecraft.client.resources.model.BlockStateModelLoader/]: Exception loading blockstate definition: 'surfacesamples:blockstates/emerald_ore_sample.json' missing model for variant: 'surfacesamples:emerald_ore_sample#flavour=snowy,waterlogged=false'
[26Jul2026 11:04:52.343] [Worker-Main-7/WARN] [net.minecraft.client.resources.model.BlockStateModelLoader/]: Exception loading blockstate definition: 'surfacesamples:blockstates/emerald_ore_sample.json' missing model for variant: 'surfacesamples:emerald_ore_sample#flavour=unknown,waterlogged=true'
[26Jul2026 11:04:52.343] [Worker-Main-7/WARN] [net.minecraft.client.resources.model.BlockStateModelLoader/]: Exception loading blockstate definition: 'surfacesamples:blockstates/emerald_ore_sample.json' missing model for variant: 'surfacesamples:emerald_ore_sample#flavour=snowy,waterlogged=true'
[26Jul2026 11:04:52.343] [Worker-Main-7/WARN] [net.minecraft.client.resources.model.BlockStateModelLoader/]: Exception loading blockstate definition: 'surfacesamples:blockstates/emerald_ore_sample.json' missing model for variant: 'surfacesamples:emerald_ore_sample#flavour=unknown,waterlogged=false'
[26Jul2026 11:04:52.343] [Worker-Main-7/WARN] [net.minecraft.client.resources.model.BlockStateModelLoader/]: Exception loading blockstate definition: 'surfacesamples:blockstates/gold_ore_sample.json' missing model for variant: 'surfacesamples:gold_ore_sample#flavour=unknown,waterlogged=true'
[26Jul2026 11:04:52.343] [Worker-Main-7/WARN] [net.minecraft.client.resources.model.BlockStateModelLoader/]: Exception loading blockstate definition: 'surfacesamples:blockstates/gold_ore_sample.json' missing model for variant: 'surfacesamples:gold_ore_sample#flavour=unknown,waterlogged=false'
[26Jul2026 11:04:52.343] [Worker-Main-7/WARN] [net.minecraft.client.resources.model.BlockStateModelLoader/]: Exception loading blockstate definition: 'surfacesamples:blockstates/gold_ore_sample.json' missing model for variant: 'surfacesamples:gold_ore_sample#flavour=snowy,waterlogged=true'
[26Jul2026 11:04:52.343] [Worker-Main-7/WARN] [net.minecraft.client.resources.model.BlockStateModelLoader/]: Exception loading blockstate definition: 'surfacesamples:blockstates/gold_ore_sample.json' missing model for variant: 'surfacesamples:gold_ore_sample#flavour=snowy,waterlogged=false'
[26Jul2026 11:04:52.343] [Worker-Main-7/WARN] [net.minecraft.client.resources.model.BlockStateModelLoader/]: Exception loading blockstate definition: 'surfacesamples:blockstates/iron_ore_sample.json' missing model for variant: 'surfacesamples:iron_ore_sample#flavour=snowy,waterlogged=false'
[26Jul2026 11:04:52.344] [Worker-Main-7/WARN] [net.minecraft.client.resources.model.BlockStateModelLoader/]: Exception loading blockstate definition: 'surfacesamples:blockstates/iron_ore_sample.json' missing model for variant: 'surfacesamples:iron_ore_sample#flavour=unknown,waterlogged=true'
[26Jul2026 11:04:52.344] [Worker-Main-7/WARN] [net.minecraft.client.resources.model.BlockStateModelLoader/]: Exception loading blockstate definition: 'surfacesamples:blockstates/iron_ore_sample.json' missing model for variant: 'surfacesamples:iron_ore_sample#flavour=unknown,waterlogged=false'
[26Jul2026 11:04:52.344] [Worker-Main-7/WARN] [net.minecraft.client.resources.model.BlockStateModelLoader/]: Exception loading blockstate definition: 'surfacesamples:blockstates/iron_ore_sample.json' missing model for variant: 'surfacesamples:iron_ore_sample#flavour=snowy,waterlogged=true'
[26Jul2026 11:04:52.344] [Worker-Main-7/WARN] [net.minecraft.client.resources.model.BlockStateModelLoader/]: Exception loading blockstate definition: 'surfacesamples:blockstates/lapis_ore_sample.json' missing model for variant: 'surfacesamples:lapis_ore_sample#flavour=snowy,waterlogged=true'
[26Jul2026 11:04:52.344] [Worker-Main-7/WARN] [net.minecraft.client.resources.model.BlockStateModelLoader/]: Exception loading blockstate definition: 'surfacesamples:blockstates/lapis_ore_sample.json' missing model for variant: 'surfacesamples:lapis_ore_sample#flavour=snowy,waterlogged=false'
[26Jul2026 11:04:52.344] [Worker-Main-7/WARN] [net.minecraft.client.resources.model.BlockStateModelLoader/]: Exception loading blockstate definition: 'surfacesamples:blockstates/lapis_ore_sample.json' missing model for variant: 'surfacesamples:lapis_ore_sample#flavour=unknown,waterlogged=true'
[26Jul2026 11:04:52.344] [Worker-Main-7/WARN] [net.minecraft.client.resources.model.BlockStateModelLoader/]: Exception loading blockstate definition: 'surfacesamples:blockstates/lapis_ore_sample.json' missing model for variant: 'surfacesamples:lapis_ore_sample#flavour=unknown,waterlogged=false'
[26Jul2026 11:04:52.344] [Worker-Main-7/WARN] [net.minecraft.client.resources.model.BlockStateModelLoader/]: Exception loading blockstate definition: 'surfacesamples:blockstates/redstone_ore_sample.json' missing model for variant: 'surfacesamples:redstone_ore_sample#flavour=snowy,waterlogged=true'
[26Jul2026 11:04:52.344] [Worker-Main-7/WARN] [net.minecraft.client.resources.model.BlockStateModelLoader/]: Exception loading blockstate definition: 'surfacesamples:blockstates/redstone_ore_sample.json' missing model for variant: 'surfacesamples:redstone_ore_sample#flavour=unknown,waterlogged=true'
[26Jul2026 11:04:52.344] [Worker-Main-7/WARN] [net.minecraft.client.resources.model.BlockStateModelLoader/]: Exception loading blockstate definition: 'surfacesamples:blockstates/redstone_ore_sample.json' missing model for variant: 'surfacesamples:redstone_ore_sample#flavour=unknown,waterlogged=false'
[26Jul2026 11:04:52.344] [Worker-Main-7/WARN] [net.minecraft.client.resources.model.BlockStateModelLoader/]: Exception loading blockstate definition: 'surfacesamples:blockstates/redstone_ore_sample.json' missing model for variant: 'surfacesamples:redstone_ore_sample#flavour=snowy,waterlogged=false'
[26Jul2026 11:04:52.344] [Worker-Main-7/WARN] [net.minecraft.client.resources.model.BlockStateModelLoader/]: Exception loading blockstate definition: 'surfacesamples:blockstates/quartz_ore_sample.json' missing model for variant: 'surfacesamples:quartz_ore_sample#flavour=snowy,waterlogged=false'
[26Jul2026 11:04:52.344] [Worker-Main-7/WARN] [net.minecraft.client.resources.model.BlockStateModelLoader/]: Exception loading blockstate definition: 'surfacesamples:blockstates/quartz_ore_sample.json' missing model for variant: 'surfacesamples:quartz_ore_sample#flavour=snowy,waterlogged=true'
[26Jul2026 11:04:52.345] [Worker-Main-7/WARN] [net.minecraft.client.resources.model.BlockStateModelLoader/]: Exception loading blockstate definition: 'surfacesamples:blockstates/quartz_ore_sample.json' missing model for variant: 'surfacesamples:quartz_ore_sample#flavour=unknown,waterlogged=false'
[26Jul2026 11:04:52.345] [Worker-Main-7/WARN] [net.minecraft.client.resources.model.BlockStateModelLoader/]: Exception loading blockstate definition: 'surfacesamples:blockstates/quartz_ore_sample.json' missing model for variant: 'surfacesamples:quartz_ore_sample#flavour=unknown,waterlogged=true'
[26Jul2026 11:04:52.345] [Worker-Main-7/WARN] [net.minecraft.client.resources.model.BlockStateModelLoader/]: Exception loading blockstate definition: 'surfacesamples:blockstates/zinc_ore_sample.json' missing model for variant: 'surfacesamples:zinc_ore_sample#flavour=snowy,waterlogged=false'
[26Jul2026 11:04:52.345] [Worker-Main-7/WARN] [net.minecraft.client.resources.model.BlockStateModelLoader/]: Exception loading blockstate definition: 'surfacesamples:blockstates/zinc_ore_sample.json' missing model for variant: 'surfacesamples:zinc_ore_sample#flavour=unknown,waterlogged=true'
[26Jul2026 11:04:52.345] [Worker-Main-7/WARN] [net.minecraft.client.resources.model.BlockStateModelLoader/]: Exception loading blockstate definition: 'surfacesamples:blockstates/zinc_ore_sample.json' missing model for variant: 'surfacesamples:zinc_ore_sample#flavour=unknown,waterlogged=false'
[26Jul2026 11:04:52.345] [Worker-Main-7/WARN] [net.minecraft.client.resources.model.BlockStateModelLoader/]: Exception loading blockstate definition: 'surfacesamples:blockstates/zinc_ore_sample.json' missing model for variant: 'surfacesamples:zinc_ore_sample#flavour=snowy,waterlogged=true'
[26Jul2026 11:04:52.479] [NeoForge Version Check/INFO] [net.neoforged.fml.VersionChecker/]: [proplacer] Found status: UP_TO_DATE Current: 21.1.1 Target: null
[26Jul2026 11:04:52.479] [NeoForge Version Check/INFO] [net.neoforged.fml.VersionChecker/]: [mr_keep_someinventory] Starting version check at https://api.modrinth.com/updates/VHSdL301/forge_updates.json?neoforge=only
[26Jul2026 11:04:52.770] [NeoForge Version Check/INFO] [net.neoforged.fml.VersionChecker/]: [mr_keep_someinventory] Found status: AHEAD Current: 1-v2.0.1 Target: null
[26Jul2026 11:04:52.770] [NeoForge Version Check/INFO] [net.neoforged.fml.VersionChecker/]: [visualworkbench] Starting version check at https://raw.githubusercontent.com/Fuzss/modresources/main/update/visualworkbench.json
[26Jul2026 11:04:52.789] [NeoForge Version Check/INFO] [net.neoforged.fml.VersionChecker/]: [visualworkbench] Found status: UP_TO_DATE Current: 21.1.1 Target: null
[26Jul2026 11:04:52.789] [NeoForge Version Check/INFO] [net.neoforged.fml.VersionChecker/]: [voicechat] Starting version check at https://update.maxhenkel.de/neoforge/voicechat
[26Jul2026 11:04:53.061] [Worker-Main-7/WARN] [net.minecraft.client.resources.model.BlockStateModelLoader/]: Exception loading blockstate definition: 'createpropulsion:blockstates/tilt_adapter.json' missing model for variant: 'createpropulsion:tilt_adapter#aligned_x=true,axis=x,axis_along_first=true,facing=up,positive=true'
[26Jul2026 11:04:53.061] [Worker-Main-7/WARN] [net.minecraft.client.resources.model.BlockStateModelLoader/]: Exception loading blockstate definition: 'createpropulsion:blockstates/tilt_adapter.json' missing model for variant: 'createpropulsion:tilt_adapter#aligned_x=true,axis=z,axis_along_first=true,facing=west,positive=false'
[26Jul2026 11:04:53.061] [Worker-Main-7/WARN] [net.minecraft.client.resources.model.BlockStateModelLoader/]: Exception loading blockstate definition: 'createpropulsion:blockstates/tilt_adapter.json' missing model for variant: 'createpropulsion:tilt_adapter#aligned_x=false,axis=x,axis_along_first=true,facing=north,positive=true'
[26Jul2026 11:04:53.061] [Worker-Main-7/WARN] [net.minecraft.client.resources.model.BlockStateModelLoader/]: Exception loading blockstate definition: 'createpropulsion:blockstates/tilt_adapter.json' missing model for variant: 'createpropulsion:tilt_adapter#aligned_x=false,axis=x,axis_along_first=false,facing=down,positive=true'
[26Jul2026 11:04:53.061] [Worker-Main-7/WARN] [net.minecraft.client.resources.model.BlockStateModelLoader/]: Exception loading blockstate definition: 'createpropulsion:blockstates/tilt_adapter.json' missing model for variant: 'createpropulsion:tilt_adapter#aligned_x=true,axis=x,axis_along_first=false,facing=south,positive=true'
[26Jul2026 11:04:53.061] [Worker-Main-7/WARN] [net.minecraft.client.resources.model.BlockStateModelLoader/]: Exception loading blockstate definition: 'createpropulsion:blockstates/tilt_adapter.json' missing model for variant: 'createpropulsion:tilt_adapter#aligned_x=false,axis=x,axis_along_first=true,facing=up,positive=true'
[26Jul2026 11:04:53.061] [Worker-Main-7/WARN] [net.minecraft.client.resources.model.BlockStateModelLoader/]: Exception loading blockstate definition: 'createpropulsion:blockstates/tilt_adapter.json' missing model for variant: 'createpropulsion:tilt_adapter#aligned_x=true,axis=x,axis_along_first=true,facing=up,positive=false'
[26Jul2026 11:04:53.061] [Worker-Main-7/WARN] [net.minecraft.client.resources.model.BlockStateModelLoader/]: Exception loading blockstate definition: 'createpropulsion:blockstates/tilt_adapter.json' missing model for variant: 'createpropulsion:tilt_adapter#aligned_x=false,axis=z,axis_along_first=false,facing=east,positive=false'
[26Jul2026 11:04:53.061] [Worker-Main-7/WARN] [net.minecraft.client.resources.model.BlockStateModelLoader/]: Exception loading blockstate definition: 'createpropulsion:blockstates/tilt_adapter.json' missing model for variant: 'createpropulsion:tilt_adapter#aligned_x=true,axis=z,axis_along_first=false,facing=up,positive=false'
[26Jul2026 11:04:53.061] [Worker-Main-7/WARN] [net.minecraft.client.resources.model.BlockStateModelLoader/]: Exception loading blockstate definition: 'createpropulsion:blockstates/tilt_adapter.json' missing model for variant: 'createpropulsion:tilt_adapter#aligned_x=false,axis=y,axis_along_first=true,facing=north,positive=false'
[26Jul2026 11:04:53.061] [Worker-Main-7/WARN] [net.minecraft.client.resources.model.BlockStateModelLoader/]: Exception loading blockstate definition: 'createpropulsion:blockstates/tilt_adapter.json' missing model for variant: 'createpropulsion:tilt_adapter#aligned_x=true,axis=z,axis_along_first=false,facing=west,positive=true'
[26Jul2026 11:04:53.061] [Worker-Main-7/WARN] [net.minecraft.client.resources.model.BlockStateModelLoader/]: Exception loading blockstate definition: 'createpropulsion:blockstates/tilt_adapter.json' missing model for variant: 'createpropulsion:tilt_adapter#aligned_x=false,axis=y,axis_along_first=true,facing=east,positive=false'
[26Jul2026 11:04:53.061] [Worker-Main-7/WARN] [net.minecraft.client.resources.model.BlockStateModelLoader/]: Exception loading blockstate definition: 'createpropulsion:blockstates/tilt_adapter.json' missing model for variant: 'createpropulsion:tilt_adapter#aligned_x=false,axis=y,axis_along_first=true,facing=south,positive=true'
[26Jul2026 11:04:53.061] [Worker-Main-7/WARN] [net.minecraft.client.resources.model.BlockStateModelLoader/]: Exception loading blockstate definition: 'createpropulsion:blockstates/tilt_adapter.json' missing model for variant: 'createpropulsion:tilt_adapter#aligned_x=true,axis=x,axis_along_first=false,facing=north,positive=false'
[26Jul2026 11:04:53.061] [Worker-Main-7/WARN] [net.minecraft.client.resources.model.BlockStateModelLoader/]: Exception loading blockstate definition: 'createpropulsion:blockstates/tilt_adapter.json' missing model for variant: 'createpropulsion:tilt_adapter#aligned_x=true,axis=z,axis_along_first=true,facing=up,positive=false'
[26Jul2026 11:04:53.061] [Worker-Main-7/WARN] [net.minecraft.client.resources.model.BlockStateModelLoader/]: Exception loading blockstate definition: 'createpropulsion:blockstates/tilt_adapter.json' missing model for variant: 'createpropulsion:tilt_adapter#aligned_x=false,axis=z,axis_along_first=false,facing=east,positive=true'
[26Jul2026 11:04:53.061] [Worker-Main-7/WARN] [net.minecraft.client.resources.model.BlockStateModelLoader/]: Exception loading blockstate definition: 'createpropulsion:blockstates/tilt_adapter.json' missing model for variant: 'createpropulsion:tilt_adapter#aligned_x=false,axis=z,axis_along_first=true,facing=west,positive=false'
[26Jul2026 11:04:53.061] [Worker-Main-7/WARN] [net.minecraft.client.resources.model.BlockStateModelLoader/]: Exception loading blockstate definition: 'createpropulsion:blockstates/tilt_adapter.json' missing model for variant: 'createpropulsion:tilt_adapter#aligned_x=true,axis=x,axis_along_first=true,facing=north,positive=true'
[26Jul2026 11:04:53.061] [Worker-Main-7/WARN] [net.minecraft.client.resources.model.BlockStateModelLoader/]: Exception loading blockstate definition: 'createpropulsion:blockstates/tilt_adapter.json' missing model for variant: 'createpropulsion:tilt_adapter#aligned_x=false,axis=z,axis_along_first=false,facing=west,positive=false'
[26Jul2026 11:04:53.061] [Worker-Main-7/WARN] [net.minecraft.client.resources.model.BlockStateModelLoader/]: Exception loading blockstate definition: 'createpropulsion:blockstates/tilt_adapter.json' missing model for variant: 'createpropulsion:tilt_adapter#aligned_x=true,axis=y,axis_along_first=false,facing=east,positive=false'
[26Jul2026 11:04:53.061] [Worker-Main-7/WARN] [net.minecraft.client.resources.model.BlockStateModelLoader/]: Exception loading blockstate definition: 'createpropulsion:blockstates/tilt_adapter.json' missing model for variant: 'createpropulsion:tilt_adapter#aligned_x=true,axis=z,axis_along_first=false,facing=west,positive=false'
[26Jul2026 11:04:53.061] [Worker-Main-7/WARN] [net.minecraft.client.resources.model.BlockStateModelLoader/]: Exception loading blockstate definition: 'createpropulsion:blockstates/tilt_adapter.json' missing model for variant: 'createpropulsion:tilt_adapter#aligned_x=true,axis=x,axis_along_first=false,facing=down,positive=false'
[26Jul2026 11:04:53.061] [Worker-Main-7/WARN] [net.minecraft.client.resources.model.BlockStateModelLoader/]: Exception loading blockstate definition: 'createpropulsion:blockstates/tilt_adapter.json' missing model for variant: 'createpropulsion:tilt_adapter#aligned_x=false,axis=x,axis_along_first=true,facing=north,positive=false'
[26Jul2026 11:04:53.061] [Worker-Main-7/WARN] [net.minecraft.client.resources.model.BlockStateModelLoader/]: Exception loading blockstate definition: 'createpropulsion:blockstates/tilt_adapter.json' missing model for variant: 'createpropulsion:tilt_adapter#aligned_x=false,axis=y,axis_along_first=false,facing=south,positive=false'
[26Jul2026 11:04:53.061] [Worker-Main-7/WARN] [net.minecraft.client.resources.model.BlockStateModelLoader/]: Exception loading blockstate definition: 'createpropulsion:blockstates/tilt_adapter.json' missing model for variant: 'createpropulsion:tilt_adapter#aligned_x=true,axis=y,axis_along_first=false,facing=south,positive=true'
[26Jul2026 11:04:53.061] [Worker-Main-7/WARN] [net.minecraft.client.resources.model.BlockStateModelLoader/]: Exception loading blockstate definition: 'createpropulsion:blockstates/tilt_adapter.json' missing model for variant: 'createpropulsion:tilt_adapter#aligned_x=false,axis=z,axis_along_first=true,facing=east,positive=true'
[26Jul2026 11:04:53.061] [Worker-Main-7/WARN] [net.minecraft.client.resources.model.BlockStateModelLoader/]: Exception loading blockstate definition: 'createpropulsion:blockstates/tilt_adapter.json' missing model for variant: 'createpropulsion:tilt_adapter#aligned_x=true,axis=z,axis_along_first=false,facing=up,positive=true'
[26Jul2026 11:04:53.061] [Worker-Main-7/WARN] [net.minecraft.client.resources.model.BlockStateModelLoader/]: Exception loading blockstate definition: 'createpropulsion:blockstates/tilt_adapter.json' missing model for variant: 'createpropulsion:tilt_adapter#aligned_x=true,axis=y,axis_along_first=false,facing=east,positive=true'
[26Jul2026 11:04:53.061] [Worker-Main-7/WARN] [net.minecraft.client.resources.model.BlockStateModelLoader/]: Exception loading blockstate definition: 'createpropulsion:blockstates/tilt_adapter.json' missing model for variant: 'createpropulsion:tilt_adapter#aligned_x=true,axis=x,axis_along_first=false,facing=south,positive=false'
[26Jul2026 11:04:53.061] [Worker-Main-7/WARN] [net.minecraft.client.resources.model.BlockStateModelLoader/]: Exception loading blockstate definition: 'createpropulsion:blockstates/tilt_adapter.json' missing model for variant: 'createpropulsion:tilt_adapter#aligned_x=true,axis=x,axis_along_first=false,facing=up,positive=true'
[26Jul2026 11:04:53.061] [Worker-Main-7/WARN] [net.minecraft.client.resources.model.BlockStateModelLoader/]: Exception loading blockstate definition: 'createpropulsion:blockstates/tilt_adapter.json' missing model for variant: 'createpropulsion:tilt_adapter#aligned_x=true,axis=x,axis_along_first=true,facing=south,positive=true'
[26Jul2026 11:04:53.061] [Worker-Main-7/WARN] [net.minecraft.client.resources.model.BlockStateModelLoader/]: Exception loading blockstate definition: 'createpropulsion:blockstates/tilt_adapter.json' missing model for variant: 'createpropulsion:tilt_adapter#aligned_x=true,axis=z,axis_along_first=true,facing=west,positive=true'
[26Jul2026 11:04:53.061] [Worker-Main-7/WARN] [net.minecraft.client.resources.model.BlockStateModelLoader/]: Exception loading blockstate definition: 'createpropulsion:blockstates/tilt_adapter.json' missing model for variant: 'createpropulsion:tilt_adapter#aligned_x=false,axis=x,axis_along_first=false,facing=down,positive=false'
[26Jul2026 11:04:53.061] [Worker-Main-7/WARN] [net.minecraft.client.resources.model.BlockStateModelLoader/]: Exception loading blockstate definition: 'createpropulsion:blockstates/tilt_adapter.json' missing model for variant: 'createpropulsion:tilt_adapter#aligned_x=false,axis=z,axis_along_first=true,facing=up,positive=false'
[26Jul2026 11:04:53.061] [Worker-Main-7/WARN] [net.minecraft.client.resources.model.BlockStateModelLoader/]: Exception loading blockstate definition: 'createpropulsion:blockstates/tilt_adapter.json' missing model for variant: 'createpropulsion:tilt_adapter#aligned_x=false,axis=y,axis_along_first=false,facing=west,positive=true'
[26Jul2026 11:04:53.061] [Worker-Main-7/WARN] [net.minecraft.client.resources.model.BlockStateModelLoader/]: Exception loading blockstate definition: 'createpropulsion:blockstates/tilt_adapter.json' missing model for variant: 'createpropulsion:tilt_adapter#aligned_x=false,axis=y,axis_along_first=false,facing=east,positive=false'
[26Jul2026 11:04:53.061] [Worker-Main-7/WARN] [net.minecraft.client.resources.model.BlockStateModelLoader/]: Exception loading blockstate definition: 'createpropulsion:blockstates/tilt_adapter.json' missing model for variant: 'createpropulsion:tilt_adapter#aligned_x=false,axis=z,axis_along_first=false,facing=west,positive=true'
[26Jul2026 11:04:53.061] [Worker-Main-7/WARN] [net.minecraft.client.resources.model.BlockStateModelLoader/]: Exception loading blockstate definition: 'createpropulsion:blockstates/tilt_adapter.json' missing model for variant: 'createpropulsion:tilt_adapter#aligned_x=false,axis=y,axis_along_first=false,facing=south,positive=true'
[26Jul2026 11:04:53.061] [Worker-Main-7/WARN] [net.minecraft.client.resources.model.BlockStateModelLoader/]: Exception loading blockstate definition: 'createpropulsion:blockstates/tilt_adapter.json' missing model for variant: 'createpropulsion:tilt_adapter#aligned_x=false,axis=z,axis_along_first=true,facing=down,positive=true'
[26Jul2026 11:04:53.061] [Worker-Main-7/WARN] [net.minecraft.client.resources.model.BlockStateModelLoader/]: Exception loading blockstate definition: 'createpropulsion:blockstates/tilt_adapter.json' missing model for variant: 'createpropulsion:tilt_adapter#aligned_x=true,axis=x,axis_along_first=true,facing=north,positive=false'
[26Jul2026 11:04:53.061] [Worker-Main-7/WARN] [net.minecraft.client.resources.model.BlockStateModelLoader/]: Exception loading blockstate definition: 'createpropulsion:blockstates/tilt_adapter.json' missing model for variant: 'createpropulsion:tilt_adapter#aligned_x=false,axis=x,axis_along_first=false,facing=up,positive=true'
[26Jul2026 11:04:53.061] [Worker-Main-7/WARN] [net.minecraft.client.resources.model.BlockStateModelLoader/]: Exception loading blockstate definition: 'createpropulsion:blockstates/tilt_adapter.json' missing model for variant: 'createpropulsion:tilt_adapter#aligned_x=true,axis=x,axis_along_first=false,facing=down,positive=true'
[26Jul2026 11:04:53.061] [Worker-Main-7/WARN] [net.minecraft.client.resources.model.BlockStateModelLoader/]: Exception loading blockstate definition: 'createpropulsion:blockstates/tilt_adapter.json' missing model for variant: 'createpropulsion:tilt_adapter#aligned_x=false,axis=y,axis_along_first=true,facing=west,positive=false'
[26Jul2026 11:04:53.062] [Worker-Main-7/WARN] [net.minecraft.client.resources.model.BlockStateModelLoader/]: Exception loading blockstate definition: 'createpropulsion:blockstates/tilt_adapter.json' missing model for variant: 'createpropulsion:tilt_adapter#aligned_x=false,axis=x,axis_along_first=true,facing=down,positive=true'
[26Jul2026 11:04:53.062] [Worker-Main-7/WARN] [net.minecraft.client.resources.model.BlockStateModelLoader/]: Exception loading blockstate definition: 'createpropulsion:blockstates/tilt_adapter.json' missing model for variant: 'createpropulsion:tilt_adapter#aligned_x=false,axis=y,axis_along_first=false,facing=east,positive=true'
[26Jul2026 11:04:53.062] [Worker-Main-7/WARN] [net.minecraft.client.resources.model.BlockStateModelLoader/]: Exception loading blockstate definition: 'createpropulsion:blockstates/tilt_adapter.json' missing model for variant: 'createpropulsion:tilt_adapter#aligned_x=true,axis=y,axis_along_first=false,facing=west,positive=false'
[26Jul2026 11:04:53.062] [Worker-Main-7/WARN] [net.minecraft.client.resources.model.BlockStateModelLoader/]: Exception loading blockstate definition: 'createpropulsion:blockstates/tilt_adapter.json' missing model for variant: 'createpropulsion:tilt_adapter#aligned_x=true,axis=z,axis_along_first=true,facing=east,positive=true'
[26Jul2026 11:04:53.062] [Worker-Main-7/WARN] [net.minecraft.client.resources.model.BlockStateModelLoader/]: Exception loading blockstate definition: 'createpropulsion:blockstates/tilt_adapter.json' missing model for variant: 'createpropulsion:tilt_adapter#aligned_x=true,axis=x,axis_along_first=false,facing=up,positive=false'
[26Jul2026 11:04:53.062] [Worker-Main-7/WARN] [net.minecraft.client.resources.model.BlockStateModelLoader/]: Exception loading blockstate definition: 'createpropulsion:blockstates/tilt_adapter.json' missing model for variant: 'createpropulsion:tilt_adapter#aligned_x=false,axis=y,axis_along_first=false,facing=north,positive=true'
[26Jul2026 11:04:53.062] [Worker-Main-7/WARN] [net.minecraft.client.resources.model.BlockStateModelLoader/]: Exception loading blockstate definition: 'createpropulsion:blockstates/tilt_adapter.json' missing model for variant: 'createpropulsion:tilt_adapter#aligned_x=true,axis=x,axis_along_first=true,facing=south,positive=false'
[26Jul2026 11:04:53.062] [Worker-Main-7/WARN] [net.minecraft.client.resources.model.BlockStateModelLoader/]: Exception loading blockstate definition: 'createpropulsion:blockstates/tilt_adapter.json' missing model for variant: 'createpropulsion:tilt_adapter#aligned_x=true,axis=z,axis_along_first=false,facing=east,positive=false'
[26Jul2026 11:04:53.062] [Worker-Main-7/WARN] [net.minecraft.client.resources.model.BlockStateModelLoader/]: Exception loading blockstate definition: 'createpropulsion:blockstates/tilt_adapter.json' missing model for variant: 'createpropulsion:tilt_adapter#aligned_x=false,axis=z,axis_along_first=false,facing=up,positive=true'
[26Jul2026 11:04:53.062] [Worker-Main-7/WARN] [net.minecraft.client.resources.model.BlockStateModelLoader/]: Exception loading blockstate definition: 'createpropulsion:blockstates/tilt_adapter.json' missing model for variant: 'createpropulsion:tilt_adapter#aligned_x=false,axis=x,axis_along_first=true,facing=south,positive=true'
[26Jul2026 11:04:53.062] [Worker-Main-7/WARN] [net.minecraft.client.resources.model.BlockStateModelLoader/]: Exception loading blockstate definition: 'createpropulsion:blockstates/tilt_adapter.json' missing model for variant: 'createpropulsion:tilt_adapter#aligned_x=false,axis=z,axis_along_first=true,facing=down,positive=false'
[26Jul2026 11:04:53.062] [Worker-Main-7/WARN] [net.minecraft.client.resources.model.BlockStateModelLoader/]: Exception loading blockstate definition: 'createpropulsion:blockstates/tilt_adapter.json' missing model for variant: 'createpropulsion:tilt_adapter#aligned_x=true,axis=y,axis_along_first=true,facing=west,positive=false'
[26Jul2026 11:04:53.062] [Worker-Main-7/WARN] [net.minecraft.client.resources.model.BlockStateModelLoader/]: Exception loading blockstate definition: 'createpropulsion:blockstates/tilt_adapter.json' missing model for variant: 'createpropulsion:tilt_adapter#aligned_x=true,axis=x,axis_along_first=false,facing=north,positive=true'
[26Jul2026 11:04:53.062] [Worker-Main-7/WARN] [net.minecraft.client.resources.model.BlockStateModelLoader/]: Exception loading blockstate definition: 'createpropulsion:blockstates/tilt_adapter.json' missing model for variant: 'createpropulsion:tilt_adapter#aligned_x=true,axis=y,axis_along_first=false,facing=west,positive=true'
[26Jul2026 11:04:53.062] [Worker-Main-7/WARN] [net.minecraft.client.resources.model.BlockStateModelLoader/]: Exception loading blockstate definition: 'createpropulsion:blockstates/tilt_adapter.json' missing model for variant: 'createpropulsion:tilt_adapter#aligned_x=true,axis=x,axis_along_first=true,facing=down,positive=false'
[26Jul2026 11:04:53.062] [Worker-Main-7/WARN] [net.minecraft.client.resources.model.BlockStateModelLoader/]: Exception loading blockstate definition: 'createpropulsion:blockstates/tilt_adapter.json' missing model for variant: 'createpropulsion:tilt_adapter#aligned_x=false,axis=x,axis_along_first=false,facing=south,positive=false'
[26Jul2026 11:04:53.062] [Worker-Main-7/WARN] [net.minecraft.client.resources.model.BlockStateModelLoader/]: Exception loading blockstate definition: 'createpropulsion:blockstates/tilt_adapter.json' missing model for variant: 'createpropulsion:tilt_adapter#aligned_x=true,axis=y,axis_along_first=false,facing=north,positive=false'
[26Jul2026 11:04:53.062] [Worker-Main-7/WARN] [net.minecraft.client.resources.model.BlockStateModelLoader/]: Exception loading blockstate definition: 'createpropulsion:blockstates/tilt_adapter.json' missing model for variant: 'createpropulsion:tilt_adapter#aligned_x=false,axis=x,axis_along_first=true,facing=down,positive=false'
[26Jul2026 11:04:53.062] [Worker-Main-7/WARN] [net.minecraft.client.resources.model.BlockStateModelLoader/]: Exception loading blockstate definition: 'createpropulsion:blockstates/tilt_adapter.json' missing model for variant: 'createpropulsion:tilt_adapter#aligned_x=true,axis=z,axis_along_first=true,facing=down,positive=false'
[26Jul2026 11:04:53.062] [Worker-Main-7/WARN] [net.minecraft.client.resources.model.BlockStateModelLoader/]: Exception loading blockstate definition: 'createpropulsion:blockstates/tilt_adapter.json' missing model for variant: 'createpropulsion:tilt_adapter#aligned_x=false,axis=y,axis_along_first=true,facing=south,positive=false'
[26Jul2026 11:04:53.062] [Worker-Main-7/WARN] [net.minecraft.client.resources.model.BlockStateModelLoader/]: Exception loading blockstate definition: 'createpropulsion:blockstates/tilt_adapter.json' missing model for variant: 'createpropulsion:tilt_adapter#aligned_x=true,axis=x,axis_along_first=true,facing=down,positive=true'
[26Jul2026 11:04:53.062] [Worker-Main-7/WARN] [net.minecraft.client.resources.model.BlockStateModelLoader/]: Exception loading blockstate definition: 'createpropulsion:blockstates/tilt_adapter.json' missing model for variant: 'createpropulsion:tilt_adapter#aligned_x=false,axis=y,axis_along_first=true,facing=west,positive=true'
[26Jul2026 11:04:53.062] [Worker-Main-7/WARN] [net.minecraft.client.resources.model.BlockStateModelLoader/]: Exception loading blockstate definition: 'createpropulsion:blockstates/tilt_adapter.json' missing model for variant: 'createpropulsion:tilt_adapter#aligned_x=true,axis=y,axis_along_first=true,facing=north,positive=false'
[26Jul2026 11:04:53.062] [Worker-Main-7/WARN] [net.minecraft.client.resources.model.BlockStateModelLoader/]: Exception loading blockstate definition: 'createpropulsion:blockstates/tilt_adapter.json' missing model for variant: 'createpropulsion:tilt_adapter#aligned_x=false,axis=x,axis_along_first=false,facing=south,positive=true'
[26Jul2026 11:04:53.062] [Worker-Main-7/WARN] [net.minecraft.client.resources.model.BlockStateModelLoader/]: Exception loading blockstate definition: 'createpropulsion:blockstates/tilt_adapter.json' missing model for variant: 'createpropulsion:tilt_adapter#aligned_x=false,axis=x,axis_along_first=false,facing=up,positive=false'
[26Jul2026 11:04:53.062] [Worker-Main-7/WARN] [net.minecraft.client.resources.model.BlockStateModelLoader/]: Exception loading blockstate definition: 'createpropulsion:blockstates/tilt_adapter.json' missing model for variant: 'createpropulsion:tilt_adapter#aligned_x=true,axis=y,axis_along_first=true,facing=south,positive=false'
[26Jul2026 11:04:53.062] [Worker-Main-7/WARN] [net.minecraft.client.resources.model.BlockStateModelLoader/]: Exception loading blockstate definition: 'createpropulsion:blockstates/tilt_adapter.json' missing model for variant: 'createpropulsion:tilt_adapter#aligned_x=true,axis=z,axis_along_first=true,facing=up,positive=true'
[26Jul2026 11:04:53.062] [Worker-Main-7/WARN] [net.minecraft.client.resources.model.BlockStateModelLoader/]: Exception loading blockstate definition: 'createpropulsion:blockstates/tilt_adapter.json' missing model for variant: 'createpropulsion:tilt_adapter#aligned_x=true,axis=z,axis_along_first=false,facing=down,positive=false'
[26Jul2026 11:04:53.062] [Worker-Main-7/WARN] [net.minecraft.client.resources.model.BlockStateModelLoader/]: Exception loading blockstate definition: 'createpropulsion:blockstates/tilt_adapter.json' missing model for variant: 'createpropulsion:tilt_adapter#aligned_x=false,axis=z,axis_along_first=true,facing=up,positive=true'
[26Jul2026 11:04:53.062] [Worker-Main-7/WARN] [net.minecraft.client.resources.model.BlockStateModelLoader/]: Exception loading blockstate definition: 'createpropulsion:blockstates/tilt_adapter.json' missing model for variant: 'createpropulsion:tilt_adapter#aligned_x=true,axis=z,axis_along_first=false,facing=east,positive=true'
[26Jul2026 11:04:53.062] [Worker-Main-7/WARN] [net.minecraft.client.resources.model.BlockStateModelLoader/]: Exception loading blockstate definition: 'createpropulsion:blockstates/tilt_adapter.json' missing model for variant: 'createpropulsion:tilt_adapter#aligned_x=false,axis=y,axis_along_first=true,facing=east,positive=true'
[26Jul2026 11:04:53.062] [Worker-Main-7/WARN] [net.minecraft.client.resources.model.BlockStateModelLoader/]: Exception loading blockstate definition: 'createpropulsion:blockstates/tilt_adapter.json' missing model for variant: 'createpropulsion:tilt_adapter#aligned_x=true,axis=z,axis_along_first=true,facing=down,positive=true'
[26Jul2026 11:04:53.062] [Worker-Main-7/WARN] [net.minecraft.client.resources.model.BlockStateModelLoader/]: Exception loading blockstate definition: 'createpropulsion:blockstates/tilt_adapter.json' missing model for variant: 'createpropulsion:tilt_adapter#aligned_x=true,axis=y,axis_along_first=true,facing=east,positive=false'
[26Jul2026 11:04:53.062] [Worker-Main-7/WARN] [net.minecraft.client.resources.model.BlockStateModelLoader/]: Exception loading blockstate definition: 'createpropulsion:blockstates/tilt_adapter.json' missing model for variant: 'createpropulsion:tilt_adapter#aligned_x=true,axis=y,axis_along_first=false,facing=north,positive=true'
[26Jul2026 11:04:53.062] [Worker-Main-7/WARN] [net.minecraft.client.resources.model.BlockStateModelLoader/]: Exception loading blockstate definition: 'createpropulsion:blockstates/tilt_adapter.json' missing model for variant: 'createpropulsion:tilt_adapter#aligned_x=false,axis=y,axis_along_first=false,facing=north,positive=false'
[26Jul2026 11:04:53.062] [Worker-Main-7/WARN] [net.minecraft.client.resources.model.BlockStateModelLoader/]: Exception loading blockstate definition: 'createpropulsion:blockstates/tilt_adapter.json' missing model for variant: 'createpropulsion:tilt_adapter#aligned_x=false,axis=x,axis_along_first=false,facing=north,positive=true'
[26Jul2026 11:04:53.062] [Worker-Main-7/WARN] [net.minecraft.client.resources.model.BlockStateModelLoader/]: Exception loading blockstate definition: 'createpropulsion:blockstates/tilt_adapter.json' missing model for variant: 'createpropulsion:tilt_adapter#aligned_x=false,axis=z,axis_along_first=false,facing=down,positive=false'
[26Jul2026 11:04:53.062] [Worker-Main-7/WARN] [net.minecraft.client.resources.model.BlockStateModelLoader/]: Exception loading blockstate definition: 'createpropulsion:blockstates/tilt_adapter.json' missing model for variant: 'createpropulsion:tilt_adapter#aligned_x=true,axis=y,axis_along_first=false,facing=south,positive=false'
[26Jul2026 11:04:53.062] [Worker-Main-7/WARN] [net.minecraft.client.resources.model.BlockStateModelLoader/]: Exception loading blockstate definition: 'createpropulsion:blockstates/tilt_adapter.json' missing model for variant: 'createpropulsion:tilt_adapter#aligned_x=true,axis=z,axis_along_first=true,facing=east,positive=false'
[26Jul2026 11:04:53.062] [Worker-Main-7/WARN] [net.minecraft.client.resources.model.BlockStateModelLoader/]: Exception loading blockstate definition: 'createpropulsion:blockstates/tilt_adapter.json' missing model for variant: 'createpropulsion:tilt_adapter#aligned_x=false,axis=z,axis_along_first=false,facing=up,positive=false'
[26Jul2026 11:04:53.062] [Worker-Main-7/WARN] [net.minecraft.client.resources.model.BlockStateModelLoader/]: Exception loading blockstate definition: 'createpropulsion:blockstates/tilt_adapter.json' missing model for variant: 'createpropulsion:tilt_adapter#aligned_x=false,axis=z,axis_along_first=true,facing=east,positive=false'
[26Jul2026 11:04:53.062] [Worker-Main-7/WARN] [net.minecraft.client.resources.model.BlockStateModelLoader/]: Exception loading blockstate definition: 'createpropulsion:blockstates/tilt_adapter.json' missing model for variant: 'createpropulsion:tilt_adapter#aligned_x=true,axis=y,axis_along_first=true,facing=south,positive=true'
[26Jul2026 11:04:53.062] [Worker-Main-7/WARN] [net.minecraft.client.resources.model.BlockStateModelLoader/]: Exception loading blockstate definition: 'createpropulsion:blockstates/tilt_adapter.json' missing model for variant: 'createpropulsion:tilt_adapter#aligned_x=false,axis=x,axis_along_first=true,facing=south,positive=false'
[26Jul2026 11:04:53.062] [Worker-Main-7/WARN] [net.minecraft.client.resources.model.BlockStateModelLoader/]: Exception loading blockstate definition: 'createpropulsion:blockstates/tilt_adapter.json' missing model for variant: 'createpropulsion:tilt_adapter#aligned_x=false,axis=y,axis_along_first=false,facing=west,positive=false'
[26Jul2026 11:04:53.062] [Worker-Main-7/WARN] [net.minecraft.client.resources.model.BlockStateModelLoader/]: Exception loading blockstate definition: 'createpropulsion:blockstates/tilt_adapter.json' missing model for variant: 'createpropulsion:tilt_adapter#aligned_x=false,axis=z,axis_along_first=true,facing=west,positive=true'
[26Jul2026 11:04:53.062] [Worker-Main-7/WARN] [net.minecraft.client.resources.model.BlockStateModelLoader/]: Exception loading blockstate definition: 'createpropulsion:blockstates/tilt_adapter.json' missing model for variant: 'createpropulsion:tilt_adapter#aligned_x=true,axis=y,axis_along_first=true,facing=west,positive=true'
[26Jul2026 11:04:53.062] [Worker-Main-7/WARN] [net.minecraft.client.resources.model.BlockStateModelLoader/]: Exception loading blockstate definition: 'createpropulsion:blockstates/tilt_adapter.json' missing model for variant: 'createpropulsion:tilt_adapter#aligned_x=true,axis=y,axis_along_first=true,facing=north,positive=true'
[26Jul2026 11:04:53.062] [Worker-Main-7/WARN] [net.minecraft.client.resources.model.BlockStateModelLoader/]: Exception loading blockstate definition: 'createpropulsion:blockstates/tilt_adapter.json' missing model for variant: 'createpropulsion:tilt_adapter#aligned_x=true,axis=y,axis_along_first=true,facing=east,positive=true'
[26Jul2026 11:04:53.062] [Worker-Main-7/WARN] [net.minecraft.client.resources.model.BlockStateModelLoader/]: Exception loading blockstate definition: 'createpropulsion:blockstates/tilt_adapter.json' missing model for variant: 'createpropulsion:tilt_adapter#aligned_x=false,axis=z,axis_along_first=false,facing=down,positive=true'
[26Jul2026 11:04:53.062] [Worker-Main-7/WARN] [net.minecraft.client.resources.model.BlockStateModelLoader/]: Exception loading blockstate definition: 'createpropulsion:blockstates/tilt_adapter.json' missing model for variant: 'createpropulsion:tilt_adapter#aligned_x=false,axis=y,axis_along_first=true,facing=north,positive=true'
[26Jul2026 11:04:53.062] [Worker-Main-7/WARN] [net.minecraft.client.resources.model.BlockStateModelLoader/]: Exception loading blockstate definition: 'createpropulsion:blockstates/tilt_adapter.json' missing model for variant: 'createpropulsion:tilt_adapter#aligned_x=true,axis=z,axis_along_first=false,facing=down,positive=true'
[26Jul2026 11:04:53.062] [Worker-Main-7/WARN] [net.minecraft.client.resources.model.BlockStateModelLoader/]: Exception loading blockstate definition: 'createpropulsion:blockstates/tilt_adapter.json' missing model for variant: 'createpropulsion:tilt_adapter#aligned_x=false,axis=x,axis_along_first=true,facing=up,positive=false'
[26Jul2026 11:04:53.062] [Worker-Main-7/WARN] [net.minecraft.client.resources.model.BlockStateModelLoader/]: Exception loading blockstate definition: 'createpropulsion:blockstates/tilt_adapter.json' missing model for variant: 'createpropulsion:tilt_adapter#aligned_x=false,axis=x,axis_along_first=false,facing=north,positive=false'
[26Jul2026 11:04:53.063] [Worker-Main-7/WARN] [net.minecraft.client.resources.model.BlockStateModelLoader/]: Exception loading blockstate definition: 'createpropulsion:blockstates/advanced_tilt_adapter.json' missing model for variant: 'createpropulsion:advanced_tilt_adapter#aligned_x=false,axis=y,axis_along_first=true,facing=east,positive=false'
[26Jul2026 11:04:53.063] [Worker-Main-7/WARN] [net.minecraft.client.resources.model.BlockStateModelLoader/]: Exception loading blockstate definition: 'createpropulsion:blockstates/advanced_tilt_adapter.json' missing model for variant: 'createpropulsion:advanced_tilt_adapter#aligned_x=false,axis=z,axis_along_first=false,facing=east,positive=true'
[26Jul2026 11:04:53.063] [Worker-Main-7/WARN] [net.minecraft.client.resources.model.BlockStateModelLoader/]: Exception loading blockstate definition: 'createpropulsion:blockstates/advanced_tilt_adapter.json' missing model for variant: 'createpropulsion:advanced_tilt_adapter#aligned_x=true,axis=x,axis_along_first=false,facing=north,positive=false'
[26Jul2026 11:04:53.063] [Worker-Main-7/WARN] [net.minecraft.client.resources.model.BlockStateModelLoader/]: Exception loading blockstate definition: 'createpropulsion:blockstates/advanced_tilt_adapter.json' missing model for variant: 'createpropulsion:advanced_tilt_adapter#aligned_x=true,axis=x,axis_along_first=false,facing=down,positive=true'
[26Jul2026 11:04:53.063] [Worker-Main-7/WARN] [net.minecraft.client.resources.model.BlockStateModelLoader/]: Exception loading blockstate definition: 'createpropulsion:blockstates/advanced_tilt_adapter.json' missing model for variant: 'createpropulsion:advanced_tilt_adapter#aligned_x=false,axis=z,axis_along_first=true,facing=east,positive=true'
[26Jul2026 11:04:53.063] [Worker-Main-7/WARN] [net.minecraft.client.resources.model.BlockStateModelLoader/]: Exception loading blockstate definition: 'createpropulsion:blockstates/advanced_tilt_adapter.json' missing model for variant: 'createpropulsion:advanced_tilt_adapter#aligned_x=false,axis=z,axis_along_first=true,facing=down,positive=true'
[26Jul2026 11:04:53.063] [Worker-Main-7/WARN] [net.minecraft.client.resources.model.BlockStateModelLoader/]: Exception loading blockstate definition: 'createpropulsion:blockstates/advanced_tilt_adapter.json' missing model for variant: 'createpropulsion:advanced_tilt_adapter#aligned_x=false,axis=x,axis_along_first=true,facing=down,positive=true'
[26Jul2026 11:04:53.063] [Worker-Main-7/WARN] [net.minecraft.client.resources.model.BlockStateModelLoader/]: Exception loading blockstate definition: 'createpropulsion:blockstates/advanced_tilt_adapter.json' missing model for variant: 'createpropulsion:advanced_tilt_adapter#aligned_x=true,axis=z,axis_along_first=false,facing=up,positive=true'
[26Jul2026 11:04:53.063] [Worker-Main-7/WARN] [net.minecraft.client.resources.model.BlockStateModelLoader/]: Exception loading blockstate definition: 'createpropulsion:blockstates/advanced_tilt_adapter.json' missing model for variant: 'createpropulsion:advanced_tilt_adapter#aligned_x=true,axis=y,axis_along_first=false,facing=west,positive=false'
[26Jul2026 11:04:53.063] [Worker-Main-7/WARN] [net.minecraft.client.resources.model.BlockStateModelLoader/]: Exception loading blockstate definition: 'createpropulsion:blockstates/advanced_tilt_adapter.json' missing model for variant: 'createpropulsion:advanced_tilt_adapter#aligned_x=false,axis=z,axis_along_first=false,facing=down,positive=true'
[26Jul2026 11:04:53.063] [Worker-Main-7/WARN] [net.minecraft.client.resources.model.BlockStateModelLoader/]: Exception loading blockstate definition: 'createpropulsion:blockstates/advanced_tilt_adapter.json' missing model for variant: 'createpropulsion:advanced_tilt_adapter#aligned_x=true,axis=x,axis_along_first=false,facing=up,positive=true'
[26Jul2026 11:04:53.063] [Worker-Main-7/WARN] [net.minecraft.client.resources.model.BlockStateModelLoader/]: Exception loading blockstate definition: 'createpropulsion:blockstates/advanced_tilt_adapter.json' missing model for variant: 'createpropulsion:advanced_tilt_adapter#aligned_x=false,axis=z,axis_along_first=false,facing=west,positive=false'
[26Jul2026 11:04:53.063] [Worker-Main-7/WARN] [net.minecraft.client.resources.model.BlockStateModelLoader/]: Exception loading blockstate definition: 'createpropulsion:blockstates/advanced_tilt_adapter.json' missing model for variant: 'createpropulsion:advanced_tilt_adapter#aligned_x=true,axis=x,axis_along_first=true,facing=north,positive=true'
[26Jul2026 11:04:53.063] [Worker-Main-7/WARN] [net.minecraft.client.resources.model.BlockStateModelLoader/]: Exception loading blockstate definition: 'createpropulsion:blockstates/advanced_tilt_adapter.json' missing model for variant: 'createpropulsion:advanced_tilt_adapter#aligned_x=true,axis=z,axis_along_first=true,facing=west,positive=false'
[26Jul2026 11:04:53.063] [Worker-Main-7/WARN] [net.minecraft.client.resources.model.BlockStateModelLoader/]: Exception loading blockstate definition: 'createpropulsion:blockstates/advanced_tilt_adapter.json' missing model for variant: 'createpropulsion:advanced_tilt_adapter#aligned_x=true,axis=z,axis_along_first=false,facing=down,positive=true'
[26Jul2026 11:04:53.063] [Worker-Main-7/WARN] [net.minecraft.client.resources.model.BlockStateModelLoader/]: Exception loading blockstate definition: 'createpropulsion:blockstates/advanced_tilt_adapter.json' missing model for variant: 'createpropulsion:advanced_tilt_adapter#aligned_x=false,axis=x,axis_along_first=false,facing=down,positive=false'
[26Jul2026 11:04:53.063] [Worker-Main-7/WARN] [net.minecraft.client.resources.model.BlockStateModelLoader/]: Exception loading blockstate definition: 'createpropulsion:blockstates/advanced_tilt_adapter.json' missing model for variant: 'createpropulsion:advanced_tilt_adapter#aligned_x=false,axis=y,axis_along_first=true,facing=south,positive=true'
[26Jul2026 11:04:53.063] [Worker-Main-7/WARN] [net.minecraft.client.resources.model.BlockStateModelLoader/]: Exception loading blockstate definition: 'createpropulsion:blockstates/advanced_tilt_adapter.json' missing model for variant: 'createpropulsion:advanced_tilt_adapter#aligned_x=true,axis=z,axis_along_first=false,facing=up,positive=false'
[26Jul2026 11:04:53.063] [Worker-Main-7/WARN] [net.minecraft.client.resources.model.BlockStateModelLoader/]: Exception loading blockstate definition: 'createpropulsion:blockstates/advanced_tilt_adapter.json' missing model for variant: 'createpropulsion:advanced_tilt_adapter#aligned_x=false,axis=y,axis_along_first=false,facing=east,positive=false'
[26Jul2026 11:04:53.063] [Worker-Main-7/WARN] [net.minecraft.client.resources.model.BlockStateModelLoader/]: Exception loading blockstate definition: 'createpropulsion:blockstates/advanced_tilt_adapter.json' missing model for variant: 'createpropulsion:advanced_tilt_adapter#aligned_x=true,axis=y,axis_along_first=true,facing=east,positive=false'
[26Jul2026 11:04:53.063] [Worker-Main-7/WARN] [net.minecraft.client.resources.model.BlockStateModelLoader/]: Exception loading blockstate definition: 'createpropulsion:blockstates/advanced_tilt_adapter.json' missing model for variant: 'createpropulsion:advanced_tilt_adapter#aligned_x=true,axis=y,axis_along_first=false,facing=north,positive=true'
[26Jul2026 11:04:53.063] [Worker-Main-7/WARN] [net.minecraft.client.resources.model.BlockStateModelLoader/]: Exception loading blockstate definition: 'createpropulsion:blockstates/advanced_tilt_adapter.json' missing model for variant: 'createpropulsion:advanced_tilt_adapter#aligned_x=false,axis=y,axis_along_first=false,facing=west,positive=true'
[26Jul2026 11:04:53.063] [Worker-Main-7/WARN] [net.minecraft.client.resources.model.BlockStateModelLoader/]: Exception loading blockstate definition: 'createpropulsion:blockstates/advanced_tilt_adapter.json' missing model for variant: 'createpropulsion:advanced_tilt_adapter#aligned_x=true,axis=y,axis_along_first=true,facing=south,positive=true'
[26Jul2026 11:04:53.063] [Worker-Main-7/WARN] [net.minecraft.client.resources.model.BlockStateModelLoader/]: Exception loading blockstate definition: 'createpropulsion:blockstates/advanced_tilt_adapter.json' missing model for variant: 'createpropulsion:advanced_tilt_adapter#aligned_x=false,axis=y,axis_along_first=false,facing=south,positive=true'
[26Jul2026 11:04:53.063] [Worker-Main-7/WARN] [net.minecraft.client.resources.model.BlockStateModelLoader/]: Exception loading blockstate definition: 'createpropulsion:blockstates/advanced_tilt_adapter.json' missing model for variant: 'createpropulsion:advanced_tilt_adapter#aligned_x=true,axis=z,axis_along_first=true,facing=west,positive=true'
[26Jul2026 11:04:53.063] [Worker-Main-7/WARN] [net.minecraft.client.resources.model.BlockStateModelLoader/]: Exception loading blockstate definition: 'createpropulsion:blockstates/advanced_tilt_adapter.json' missing model for variant: 'createpropulsion:advanced_tilt_adapter#aligned_x=false,axis=y,axis_along_first=true,facing=north,positive=false'
[26Jul2026 11:04:53.063] [Worker-Main-7/WARN] [net.minecraft.client.resources.model.BlockStateModelLoader/]: Exception loading blockstate definition: 'createpropulsion:blockstates/advanced_tilt_adapter.json' missing model for variant: 'createpropulsion:advanced_tilt_adapter#aligned_x=true,axis=x,axis_along_first=false,facing=down,positive=false'
[26Jul2026 11:04:53.063] [Worker-Main-7/WARN] [net.minecraft.client.resources.model.BlockStateModelLoader/]: Exception loading blockstate definition: 'createpropulsion:blockstates/advanced_tilt_adapter.json' missing model for variant: 'createpropulsion:advanced_tilt_adapter#aligned_x=true,axis=x,axis_along_first=true,facing=north,positive=false'
[26Jul2026 11:04:53.063] [Worker-Main-7/WARN] [net.minecraft.client.resources.model.BlockStateModelLoader/]: Exception loading blockstate definition: 'createpropulsion:blockstates/advanced_tilt_adapter.json' missing model for variant: 'createpropulsion:advanced_tilt_adapter#aligned_x=true,axis=x,axis_along_first=false,facing=up,positive=false'
[26Jul2026 11:04:53.063] [Worker-Main-7/WARN] [net.minecraft.client.resources.model.BlockStateModelLoader/]: Exception loading blockstate definition: 'createpropulsion:blockstates/advanced_tilt_adapter.json' missing model for variant: 'createpropulsion:advanced_tilt_adapter#aligned_x=true,axis=x,axis_along_first=true,facing=down,positive=true'
[26Jul2026 11:04:53.063] [Worker-Main-7/WARN] [net.minecraft.client.resources.model.BlockStateModelLoader/]: Exception loading blockstate definition: 'createpropulsion:blockstates/advanced_tilt_adapter.json' missing model for variant: 'createpropulsion:advanced_tilt_adapter#aligned_x=true,axis=y,axis_along_first=false,facing=south,positive=true'
[26Jul2026 11:04:53.063] [Worker-Main-7/WARN] [net.minecraft.client.resources.model.BlockStateModelLoader/]: Exception loading blockstate definition: 'createpropulsion:blockstates/advanced_tilt_adapter.json' missing model for variant: 'createpropulsion:advanced_tilt_adapter#aligned_x=true,axis=z,axis_along_first=true,facing=down,positive=true'
[26Jul2026 11:04:53.063] [Worker-Main-7/WARN] [net.minecraft.client.resources.model.BlockStateModelLoader/]: Exception loading blockstate definition: 'createpropulsion:blockstates/advanced_tilt_adapter.json' missing model for variant: 'createpropulsion:advanced_tilt_adapter#aligned_x=false,axis=y,axis_along_first=true,facing=west,positive=false'
[26Jul2026 11:04:53.063] [Worker-Main-7/WARN] [net.minecraft.client.resources.model.BlockStateModelLoader/]: Exception loading blockstate definition: 'createpropulsion:blockstates/advanced_tilt_adapter.json' missing model for variant: 'createpropulsion:advanced_tilt_adapter#aligned_x=true,axis=y,axis_along_first=false,facing=east,positive=false'
[26Jul2026 11:04:53.063] [Worker-Main-7/WARN] [net.minecraft.client.resources.model.BlockStateModelLoader/]: Exception loading blockstate definition: 'createpropulsion:blockstates/advanced_tilt_adapter.json' missing model for variant: 'createpropulsion:advanced_tilt_adapter#aligned_x=true,axis=z,axis_along_first=true,facing=east,positive=true'
[26Jul2026 11:04:53.063] [Worker-Main-7/WARN] [net.minecraft.client.resources.model.BlockStateModelLoader/]: Exception loading blockstate definition: 'createpropulsion:blockstates/advanced_tilt_adapter.json' missing model for variant: 'createpropulsion:advanced_tilt_adapter#aligned_x=false,axis=y,axis_along_first=false,facing=north,positive=false'
[26Jul2026 11:04:53.063] [Worker-Main-7/WARN] [net.minecraft.client.resources.model.BlockStateModelLoader/]: Exception loading blockstate definition: 'createpropulsion:blockstates/advanced_tilt_adapter.json' missing model for variant: 'createpropulsion:advanced_tilt_adapter#aligned_x=false,axis=x,axis_along_first=false,facing=north,positive=true'
[26Jul2026 11:04:53.063] [Worker-Main-7/WARN] [net.minecraft.client.resources.model.BlockStateModelLoader/]: Exception loading blockstate definition: 'createpropulsion:blockstates/advanced_tilt_adapter.json' missing model for variant: 'createpropulsion:advanced_tilt_adapter#aligned_x=false,axis=z,axis_along_first=true,facing=west,positive=false'
[26Jul2026 11:04:53.063] [Worker-Main-7/WARN] [net.minecraft.client.resources.model.BlockStateModelLoader/]: Exception loading blockstate definition: 'createpropulsion:blockstates/advanced_tilt_adapter.json' missing model for variant: 'createpropulsion:advanced_tilt_adapter#aligned_x=true,axis=z,axis_along_first=true,facing=up,positive=false'
[26Jul2026 11:04:53.063] [Worker-Main-7/WARN] [net.minecraft.client.resources.model.BlockStateModelLoader/]: Exception loading blockstate definition: 'createpropulsion:blockstates/advanced_tilt_adapter.json' missing model for variant: 'createpropulsion:advanced_tilt_adapter#aligned_x=false,axis=x,axis_along_first=true,facing=north,positive=true'
[26Jul2026 11:04:53.063] [Worker-Main-7/WARN] [net.minecraft.client.resources.model.BlockStateModelLoader/]: Exception loading blockstate definition: 'createpropulsion:blockstates/advanced_tilt_adapter.json' missing model for variant: 'createpropulsion:advanced_tilt_adapter#aligned_x=false,axis=x,axis_along_first=false,facing=down,positive=true'
[26Jul2026 11:04:53.063] [Worker-Main-7/WARN] [net.minecraft.client.resources.model.BlockStateModelLoader/]: Exception loading blockstate definition: 'createpropulsion:blockstates/advanced_tilt_adapter.json' missing model for variant: 'createpropulsion:advanced_tilt_adapter#aligned_x=true,axis=x,axis_along_first=true,facing=up,positive=true'
[26Jul2026 11:04:53.063] [Worker-Main-7/WARN] [net.minecraft.client.resources.model.BlockStateModelLoader/]: Exception loading blockstate definition: 'createpropulsion:blockstates/advanced_tilt_adapter.json' missing model for variant: 'createpropulsion:advanced_tilt_adapter#aligned_x=true,axis=z,axis_along_first=false,facing=east,positive=true'
[26Jul2026 11:04:53.063] [Worker-Main-7/WARN] [net.minecraft.client.resources.model.BlockStateModelLoader/]: Exception loading blockstate definition: 'createpropulsion:blockstates/advanced_tilt_adapter.json' missing model for variant: 'createpropulsion:advanced_tilt_adapter#aligned_x=true,axis=y,axis_along_first=true,facing=west,positive=false'
[26Jul2026 11:04:53.063] [Worker-Main-7/WARN] [net.minecraft.client.resources.model.BlockStateModelLoader/]: Exception loading blockstate definition: 'createpropulsion:blockstates/advanced_tilt_adapter.json' missing model for variant: 'createpropulsion:advanced_tilt_adapter#aligned_x=false,axis=x,axis_along_first=true,facing=up,positive=true'
[26Jul2026 11:04:53.063] [Worker-Main-7/WARN] [net.minecraft.client.resources.model.BlockStateModelLoader/]: Exception loading blockstate definition: 'createpropulsion:blockstates/advanced_tilt_adapter.json' missing model for variant: 'createpropulsion:advanced_tilt_adapter#aligned_x=false,axis=y,axis_along_first=false,facing=south,positive=false'
[26Jul2026 11:04:53.063] [Worker-Main-7/WARN] [net.minecraft.client.resources.model.BlockStateModelLoader/]: Exception loading blockstate definition: 'createpropulsion:blockstates/advanced_tilt_adapter.json' missing model for variant: 'createpropulsion:advanced_tilt_adapter#aligned_x=false,axis=z,axis_along_first=true,facing=up,positive=false'
[26Jul2026 11:04:53.063] [Worker-Main-7/WARN] [net.minecraft.client.resources.model.BlockStateModelLoader/]: Exception loading blockstate definition: 'createpropulsion:blockstates/advanced_tilt_adapter.json' missing model for variant: 'createpropulsion:advanced_tilt_adapter#aligned_x=false,axis=x,axis_along_first=false,facing=south,positive=true'
[26Jul2026 11:04:53.063] [Worker-Main-7/WARN] [net.minecraft.client.resources.model.BlockStateModelLoader/]: Exception loading blockstate definition: 'createpropulsion:blockstates/advanced_tilt_adapter.json' missing model for variant: 'createpropulsion:advanced_tilt_adapter#aligned_x=false,axis=z,axis_along_first=false,facing=west,positive=true'
[26Jul2026 11:04:53.063] [Worker-Main-7/WARN] [net.minecraft.client.resources.model.BlockStateModelLoader/]: Exception loading blockstate definition: 'createpropulsion:blockstates/advanced_tilt_adapter.json' missing model for variant: 'createpropulsion:advanced_tilt_adapter#aligned_x=true,axis=x,axis_along_first=true,facing=south,positive=true'
[26Jul2026 11:04:53.063] [Worker-Main-7/WARN] [net.minecraft.client.resources.model.BlockStateModelLoader/]: Exception loading blockstate definition: 'createpropulsion:blockstates/advanced_tilt_adapter.json' missing model for variant: 'createpropulsion:advanced_tilt_adapter#aligned_x=false,axis=x,axis_along_first=true,facing=south,positive=true'
[26Jul2026 11:04:53.063] [Worker-Main-7/WARN] [net.minecraft.client.resources.model.BlockStateModelLoader/]: Exception loading blockstate definition: 'createpropulsion:blockstates/advanced_tilt_adapter.json' missing model for variant: 'createpropulsion:advanced_tilt_adapter#aligned_x=true,axis=z,axis_along_first=false,facing=west,positive=true'
[26Jul2026 11:04:53.063] [Worker-Main-7/WARN] [net.minecraft.client.resources.model.BlockStateModelLoader/]: Exception loading blockstate definition: 'createpropulsion:blockstates/advanced_tilt_adapter.json' missing model for variant: 'createpropulsion:advanced_tilt_adapter#aligned_x=false,axis=y,axis_along_first=true,facing=west,positive=true'
[26Jul2026 11:04:53.063] [Worker-Main-7/WARN] [net.minecraft.client.resources.model.BlockStateModelLoader/]: Exception loading blockstate definition: 'createpropulsion:blockstates/advanced_tilt_adapter.json' missing model for variant: 'createpropulsion:advanced_tilt_adapter#aligned_x=true,axis=z,axis_along_first=true,facing=down,positive=false'
[26Jul2026 11:04:53.063] [Worker-Main-7/WARN] [net.minecraft.client.resources.model.BlockStateModelLoader/]: Exception loading blockstate definition: 'createpropulsion:blockstates/advanced_tilt_adapter.json' missing model for variant: 'createpropulsion:advanced_tilt_adapter#aligned_x=false,axis=y,axis_along_first=true,facing=south,positive=false'
[26Jul2026 11:04:53.063] [Worker-Main-7/WARN] [net.minecraft.client.resources.model.BlockStateModelLoader/]: Exception loading blockstate definition: 'createpropulsion:blockstates/advanced_tilt_adapter.json' missing model for variant: 'createpropulsion:advanced_tilt_adapter#aligned_x=false,axis=x,axis_along_first=false,facing=up,positive=false'
[26Jul2026 11:04:53.064] [Worker-Main-7/WARN] [net.minecraft.client.resources.model.BlockStateModelLoader/]: Exception loading blockstate definition: 'createpropulsion:blockstates/advanced_tilt_adapter.json' missing model for variant: 'createpropulsion:advanced_tilt_adapter#aligned_x=false,axis=y,axis_along_first=true,facing=east,positive=true'
[26Jul2026 11:04:53.064] [Worker-Main-7/WARN] [net.minecraft.client.resources.model.BlockStateModelLoader/]: Exception loading blockstate definition: 'createpropulsion:blockstates/advanced_tilt_adapter.json' missing model for variant: 'createpropulsion:advanced_tilt_adapter#aligned_x=true,axis=z,axis_along_first=false,facing=east,positive=false'
[26Jul2026 11:04:53.064] [Worker-Main-7/WARN] [net.minecraft.client.resources.model.BlockStateModelLoader/]: Exception loading blockstate definition: 'createpropulsion:blockstates/advanced_tilt_adapter.json' missing model for variant: 'createpropulsion:advanced_tilt_adapter#aligned_x=false,axis=x,axis_along_first=false,facing=up,positive=true'
[26Jul2026 11:04:53.064] [Worker-Main-7/WARN] [net.minecraft.client.resources.model.BlockStateModelLoader/]: Exception loading blockstate definition: 'createpropulsion:blockstates/advanced_tilt_adapter.json' missing model for variant: 'createpropulsion:advanced_tilt_adapter#aligned_x=false,axis=z,axis_along_first=true,facing=east,positive=false'
[26Jul2026 11:04:53.064] [Worker-Main-7/WARN] [net.minecraft.client.resources.model.BlockStateModelLoader/]: Exception loading blockstate definition: 'createpropulsion:blockstates/advanced_tilt_adapter.json' missing model for variant: 'createpropulsion:advanced_tilt_adapter#aligned_x=true,axis=y,axis_along_first=true,facing=west,positive=true'
[26Jul2026 11:04:53.064] [Worker-Main-7/WARN] [net.minecraft.client.resources.model.BlockStateModelLoader/]: Exception loading blockstate definition: 'createpropulsion:blockstates/advanced_tilt_adapter.json' missing model for variant: 'createpropulsion:advanced_tilt_adapter#aligned_x=true,axis=y,axis_along_first=true,facing=north,positive=true'
[26Jul2026 11:04:53.064] [Worker-Main-7/WARN] [net.minecraft.client.resources.model.BlockStateModelLoader/]: Exception loading blockstate definition: 'createpropulsion:blockstates/advanced_tilt_adapter.json' missing model for variant: 'createpropulsion:advanced_tilt_adapter#aligned_x=false,axis=y,axis_along_first=false,facing=north,positive=true'
[26Jul2026 11:04:53.064] [Worker-Main-7/WARN] [net.minecraft.client.resources.model.BlockStateModelLoader/]: Exception loading blockstate definition: 'createpropulsion:blockstates/advanced_tilt_adapter.json' missing model for variant: 'createpropulsion:advanced_tilt_adapter#aligned_x=true,axis=y,axis_along_first=true,facing=north,positive=false'
[26Jul2026 11:04:53.064] [Worker-Main-7/WARN] [net.minecraft.client.resources.model.BlockStateModelLoader/]: Exception loading blockstate definition: 'createpropulsion:blockstates/advanced_tilt_adapter.json' missing model for variant: 'createpropulsion:advanced_tilt_adapter#aligned_x=true,axis=x,axis_along_first=true,facing=south,positive=false'
[26Jul2026 11:04:53.064] [Worker-Main-7/WARN] [net.minecraft.client.resources.model.BlockStateModelLoader/]: Exception loading blockstate definition: 'createpropulsion:blockstates/advanced_tilt_adapter.json' missing model for variant: 'createpropulsion:advanced_tilt_adapter#aligned_x=false,axis=y,axis_along_first=false,facing=east,positive=true'
[26Jul2026 11:04:53.064] [Worker-Main-7/WARN] [net.minecraft.client.resources.model.BlockStateModelLoader/]: Exception loading blockstate definition: 'createpropulsion:blockstates/advanced_tilt_adapter.json' missing model for variant: 'createpropulsion:advanced_tilt_adapter#aligned_x=true,axis=y,axis_along_first=false,facing=east,positive=true'
[26Jul2026 11:04:53.064] [Worker-Main-7/WARN] [net.minecraft.client.resources.model.BlockStateModelLoader/]: Exception loading blockstate definition: 'createpropulsion:blockstates/advanced_tilt_adapter.json' missing model for variant: 'createpropulsion:advanced_tilt_adapter#aligned_x=true,axis=x,axis_along_first=false,facing=south,positive=false'
[26Jul2026 11:04:53.064] [Worker-Main-7/WARN] [net.minecraft.client.resources.model.BlockStateModelLoader/]: Exception loading blockstate definition: 'createpropulsion:blockstates/advanced_tilt_adapter.json' missing model for variant: 'createpropulsion:advanced_tilt_adapter#aligned_x=false,axis=z,axis_along_first=false,facing=down,positive=false'
[26Jul2026 11:04:53.064] [Worker-Main-7/WARN] [net.minecraft.client.resources.model.BlockStateModelLoader/]: Exception loading blockstate definition: 'createpropulsion:blockstates/advanced_tilt_adapter.json' missing model for variant: 'createpropulsion:advanced_tilt_adapter#aligned_x=false,axis=x,axis_along_first=true,facing=up,positive=false'
[26Jul2026 11:04:53.064] [Worker-Main-7/WARN] [net.minecraft.client.resources.model.BlockStateModelLoader/]: Exception loading blockstate definition: 'createpropulsion:blockstates/advanced_tilt_adapter.json' missing model for variant: 'createpropulsion:advanced_tilt_adapter#aligned_x=false,axis=y,axis_along_first=true,facing=north,positive=true'
[26Jul2026 11:04:53.064] [Worker-Main-7/WARN] [net.minecraft.client.resources.model.BlockStateModelLoader/]: Exception loading blockstate definition: 'createpropulsion:blockstates/advanced_tilt_adapter.json' missing model for variant: 'createpropulsion:advanced_tilt_adapter#aligned_x=false,axis=z,axis_along_first=true,facing=down,positive=false'
[26Jul2026 11:04:53.064] [Worker-Main-7/WARN] [net.minecraft.client.resources.model.BlockStateModelLoader/]: Exception loading blockstate definition: 'createpropulsion:blockstates/advanced_tilt_adapter.json' missing model for variant: 'createpropulsion:advanced_tilt_adapter#aligned_x=true,axis=y,axis_along_first=false,facing=west,positive=true'
[26Jul2026 11:04:53.064] [Worker-Main-7/WARN] [net.minecraft.client.resources.model.BlockStateModelLoader/]: Exception loading blockstate definition: 'createpropulsion:blockstates/advanced_tilt_adapter.json' missing model for variant: 'createpropulsion:advanced_tilt_adapter#aligned_x=false,axis=x,axis_along_first=false,facing=south,positive=false'
[26Jul2026 11:04:53.064] [Worker-Main-7/WARN] [net.minecraft.client.resources.model.BlockStateModelLoader/]: Exception loading blockstate definition: 'createpropulsion:blockstates/advanced_tilt_adapter.json' missing model for variant: 'createpropulsion:advanced_tilt_adapter#aligned_x=false,axis=x,axis_along_first=true,facing=down,positive=false'
[26Jul2026 11:04:53.064] [Worker-Main-7/WARN] [net.minecraft.client.resources.model.BlockStateModelLoader/]: Exception loading blockstate definition: 'createpropulsion:blockstates/advanced_tilt_adapter.json' missing model for variant: 'createpropulsion:advanced_tilt_adapter#aligned_x=true,axis=x,axis_along_first=true,facing=down,positive=false'
[26Jul2026 11:04:53.064] [Worker-Main-7/WARN] [net.minecraft.client.resources.model.BlockStateModelLoader/]: Exception loading blockstate definition: 'createpropulsion:blockstates/advanced_tilt_adapter.json' missing model for variant: 'createpropulsion:advanced_tilt_adapter#aligned_x=false,axis=z,axis_along_first=true,facing=west,positive=true'
[26Jul2026 11:04:53.064] [Worker-Main-7/WARN] [net.minecraft.client.resources.model.BlockStateModelLoader/]: Exception loading blockstate definition: 'createpropulsion:blockstates/advanced_tilt_adapter.json' missing model for variant: 'createpropulsion:advanced_tilt_adapter#aligned_x=false,axis=x,axis_along_first=true,facing=south,positive=false'
[26Jul2026 11:04:53.064] [Worker-Main-7/WARN] [net.minecraft.client.resources.model.BlockStateModelLoader/]: Exception loading blockstate definition: 'createpropulsion:blockstates/advanced_tilt_adapter.json' missing model for variant: 'createpropulsion:advanced_tilt_adapter#aligned_x=false,axis=y,axis_along_first=false,facing=west,positive=false'
[26Jul2026 11:04:53.064] [Worker-Main-7/WARN] [net.minecraft.client.resources.model.BlockStateModelLoader/]: Exception loading blockstate definition: 'createpropulsion:blockstates/advanced_tilt_adapter.json' missing model for variant: 'createpropulsion:advanced_tilt_adapter#aligned_x=true,axis=z,axis_along_first=true,facing=up,positive=true'
[26Jul2026 11:04:53.064] [Worker-Main-7/WARN] [net.minecraft.client.resources.model.BlockStateModelLoader/]: Exception loading blockstate definition: 'createpropulsion:blockstates/advanced_tilt_adapter.json' missing model for variant: 'createpropulsion:advanced_tilt_adapter#aligned_x=true,axis=y,axis_along_first=true,facing=east,positive=true'
[26Jul2026 11:04:53.064] [Worker-Main-7/WARN] [net.minecraft.client.resources.model.BlockStateModelLoader/]: Exception loading blockstate definition: 'createpropulsion:blockstates/advanced_tilt_adapter.json' missing model for variant: 'createpropulsion:advanced_tilt_adapter#aligned_x=false,axis=x,axis_along_first=false,facing=north,positive=false'
[26Jul2026 11:04:53.064] [Worker-Main-7/WARN] [net.minecraft.client.resources.model.BlockStateModelLoader/]: Exception loading blockstate definition: 'createpropulsion:blockstates/advanced_tilt_adapter.json' missing model for variant: 'createpropulsion:advanced_tilt_adapter#aligned_x=false,axis=z,axis_along_first=true,facing=up,positive=true'
[26Jul2026 11:04:53.064] [Worker-Main-7/WARN] [net.minecraft.client.resources.model.BlockStateModelLoader/]: Exception loading blockstate definition: 'createpropulsion:blockstates/advanced_tilt_adapter.json' missing model for variant: 'createpropulsion:advanced_tilt_adapter#aligned_x=true,axis=y,axis_along_first=false,facing=south,positive=false'
[26Jul2026 11:04:53.064] [Worker-Main-7/WARN] [net.minecraft.client.resources.model.BlockStateModelLoader/]: Exception loading blockstate definition: 'createpropulsion:blockstates/advanced_tilt_adapter.json' missing model for variant: 'createpropulsion:advanced_tilt_adapter#aligned_x=false,axis=z,axis_along_first=false,facing=up,positive=true'
[26Jul2026 11:04:53.064] [Worker-Main-7/WARN] [net.minecraft.client.resources.model.BlockStateModelLoader/]: Exception loading blockstate definition: 'createpropulsion:blockstates/advanced_tilt_adapter.json' missing model for variant: 'createpropulsion:advanced_tilt_adapter#aligned_x=true,axis=x,axis_along_first=true,facing=up,positive=false'
[26Jul2026 11:04:53.064] [Worker-Main-7/WARN] [net.minecraft.client.resources.model.BlockStateModelLoader/]: Exception loading blockstate definition: 'createpropulsion:blockstates/advanced_tilt_adapter.json' missing model for variant: 'createpropulsion:advanced_tilt_adapter#aligned_x=true,axis=x,axis_along_first=false,facing=north,positive=true'
[26Jul2026 11:04:53.064] [Worker-Main-7/WARN] [net.minecraft.client.resources.model.BlockStateModelLoader/]: Exception loading blockstate definition: 'createpropulsion:blockstates/advanced_tilt_adapter.json' missing model for variant: 'createpropulsion:advanced_tilt_adapter#aligned_x=true,axis=x,axis_along_first=false,facing=south,positive=true'
[26Jul2026 11:04:53.064] [Worker-Main-7/WARN] [net.minecraft.client.resources.model.BlockStateModelLoader/]: Exception loading blockstate definition: 'createpropulsion:blockstates/advanced_tilt_adapter.json' missing model for variant: 'createpropulsion:advanced_tilt_adapter#aligned_x=true,axis=z,axis_along_first=false,facing=down,positive=false'
[26Jul2026 11:04:53.064] [Worker-Main-7/WARN] [net.minecraft.client.resources.model.BlockStateModelLoader/]: Exception loading blockstate definition: 'createpropulsion:blockstates/advanced_tilt_adapter.json' missing model for variant: 'createpropulsion:advanced_tilt_adapter#aligned_x=false,axis=z,axis_along_first=false,facing=east,positive=false'
[26Jul2026 11:04:53.064] [Worker-Main-7/WARN] [net.minecraft.client.resources.model.BlockStateModelLoader/]: Exception loading blockstate definition: 'createpropulsion:blockstates/advanced_tilt_adapter.json' missing model for variant: 'createpropulsion:advanced_tilt_adapter#aligned_x=true,axis=y,axis_along_first=true,facing=south,positive=false'
[26Jul2026 11:04:53.064] [Worker-Main-7/WARN] [net.minecraft.client.resources.model.BlockStateModelLoader/]: Exception loading blockstate definition: 'createpropulsion:blockstates/advanced_tilt_adapter.json' missing model for variant: 'createpropulsion:advanced_tilt_adapter#aligned_x=true,axis=z,axis_along_first=true,facing=east,positive=false'
[26Jul2026 11:04:53.064] [Worker-Main-7/WARN] [net.minecraft.client.resources.model.BlockStateModelLoader/]: Exception loading blockstate definition: 'createpropulsion:blockstates/advanced_tilt_adapter.json' missing model for variant: 'createpropulsion:advanced_tilt_adapter#aligned_x=false,axis=x,axis_along_first=true,facing=north,positive=false'
[26Jul2026 11:04:53.064] [Worker-Main-7/WARN] [net.minecraft.client.resources.model.BlockStateModelLoader/]: Exception loading blockstate definition: 'createpropulsion:blockstates/advanced_tilt_adapter.json' missing model for variant: 'createpropulsion:advanced_tilt_adapter#aligned_x=false,axis=z,axis_along_first=false,facing=up,positive=false'
[26Jul2026 11:04:53.064] [Worker-Main-7/WARN] [net.minecraft.client.resources.model.BlockStateModelLoader/]: Exception loading blockstate definition: 'createpropulsion:blockstates/advanced_tilt_adapter.json' missing model for variant: 'createpropulsion:advanced_tilt_adapter#aligned_x=true,axis=z,axis_along_first=false,facing=west,positive=false'
[26Jul2026 11:04:53.064] [Worker-Main-7/WARN] [net.minecraft.client.resources.model.BlockStateModelLoader/]: Exception loading blockstate definition: 'createpropulsion:blockstates/advanced_tilt_adapter.json' missing model for variant: 'createpropulsion:advanced_tilt_adapter#aligned_x=true,axis=y,axis_along_first=false,facing=north,positive=false'
[26Jul2026 11:04:53.084] [Worker-Main-7/WARN] [net.minecraft.client.resources.model.BlockStateModelLoader/]: Exception loading blockstate definition: 'createpropulsion:blockstates/coral.json' missing model for variant: 'createpropulsion:coral#level=5'
[26Jul2026 11:04:53.084] [Worker-Main-7/WARN] [net.minecraft.client.resources.model.BlockStateModelLoader/]: Exception loading blockstate definition: 'createpropulsion:blockstates/coral.json' missing model for variant: 'createpropulsion:coral#level=6'
[26Jul2026 11:04:53.084] [Worker-Main-7/WARN] [net.minecraft.client.resources.model.BlockStateModelLoader/]: Exception loading blockstate definition: 'createpropulsion:blockstates/coral.json' missing model for variant: 'createpropulsion:coral#level=3'
[26Jul2026 11:04:53.084] [Worker-Main-7/WARN] [net.minecraft.client.resources.model.BlockStateModelLoader/]: Exception loading blockstate definition: 'createpropulsion:blockstates/coral.json' missing model for variant: 'createpropulsion:coral#level=4'
[26Jul2026 11:04:53.084] [Worker-Main-7/WARN] [net.minecraft.client.resources.model.BlockStateModelLoader/]: Exception loading blockstate definition: 'createpropulsion:blockstates/coral.json' missing model for variant: 'createpropulsion:coral#level=1'
[26Jul2026 11:04:53.084] [Worker-Main-7/WARN] [net.minecraft.client.resources.model.BlockStateModelLoader/]: Exception loading blockstate definition: 'createpropulsion:blockstates/coral.json' missing model for variant: 'createpropulsion:coral#level=2'
[26Jul2026 11:04:53.084] [Worker-Main-7/WARN] [net.minecraft.client.resources.model.BlockStateModelLoader/]: Exception loading blockstate definition: 'createpropulsion:blockstates/coral.json' missing model for variant: 'createpropulsion:coral#level=0'
[26Jul2026 11:04:53.084] [Worker-Main-7/WARN] [net.minecraft.client.resources.model.BlockStateModelLoader/]: Exception loading blockstate definition: 'createpropulsion:blockstates/coral.json' missing model for variant: 'createpropulsion:coral#level=14'
[26Jul2026 11:04:53.084] [Worker-Main-7/WARN] [net.minecraft.client.resources.model.BlockStateModelLoader/]: Exception loading blockstate definition: 'createpropulsion:blockstates/coral.json' missing model for variant: 'createpropulsion:coral#level=15'
[26Jul2026 11:04:53.084] [Worker-Main-7/WARN] [net.minecraft.client.resources.model.BlockStateModelLoader/]: Exception loading blockstate definition: 'createpropulsion:blockstates/coral.json' missing model for variant: 'createpropulsion:coral#level=12'
[26Jul2026 11:04:53.084] [Worker-Main-7/WARN] [net.minecraft.client.resources.model.BlockStateModelLoader/]: Exception loading blockstate definition: 'createpropulsion:blockstates/coral.json' missing model for variant: 'createpropulsion:coral#level=13'
[26Jul2026 11:04:53.084] [Worker-Main-7/WARN] [net.minecraft.client.resources.model.BlockStateModelLoader/]: Exception loading blockstate definition: 'createpropulsion:blockstates/coral.json' missing model for variant: 'createpropulsion:coral#level=9'
[26Jul2026 11:04:53.084] [Worker-Main-7/WARN] [net.minecraft.client.resources.model.BlockStateModelLoader/]: Exception loading blockstate definition: 'createpropulsion:blockstates/coral.json' missing model for variant: 'createpropulsion:coral#level=10'
[26Jul2026 11:04:53.084] [Worker-Main-7/WARN] [net.minecraft.client.resources.model.BlockStateModelLoader/]: Exception loading blockstate definition: 'createpropulsion:blockstates/coral.json' missing model for variant: 'createpropulsion:coral#level=11'
[26Jul2026 11:04:53.084] [Worker-Main-7/WARN] [net.minecraft.client.resources.model.BlockStateModelLoader/]: Exception loading blockstate definition: 'createpropulsion:blockstates/coral.json' missing model for variant: 'createpropulsion:coral#level=7'
[26Jul2026 11:04:53.084] [Worker-Main-7/WARN] [net.minecraft.client.resources.model.BlockStateModelLoader/]: Exception loading blockstate definition: 'createpropulsion:blockstates/coral.json' missing model for variant: 'createpropulsion:coral#level=8'
[26Jul2026 11:04:53.084] [Worker-Main-7/WARN] [net.minecraft.client.resources.model.BlockStateModelLoader/]: Exception loading blockstate definition: 'createpropulsion:blockstates/oxidizer.json' missing model for variant: 'createpropulsion:oxidizer#level=1'
[26Jul2026 11:04:53.084] [Worker-Main-7/WARN] [net.minecraft.client.resources.model.BlockStateModelLoader/]: Exception loading blockstate definition: 'createpropulsion:blockstates/oxidizer.json' missing model for variant: 'createpropulsion:oxidizer#level=0'
[26Jul2026 11:04:53.084] [Worker-Main-7/WARN] [net.minecraft.client.resources.model.BlockStateModelLoader/]: Exception loading blockstate definition: 'createpropulsion:blockstates/oxidizer.json' missing model for variant: 'createpropulsion:oxidizer#level=3'
[26Jul2026 11:04:53.084] [Worker-Main-7/WARN] [net.minecraft.client.resources.model.BlockStateModelLoader/]: Exception loading blockstate definition: 'createpropulsion:blockstates/oxidizer.json' missing model for variant: 'createpropulsion:oxidizer#level=2'
[26Jul2026 11:04:53.084] [Worker-Main-7/WARN] [net.minecraft.client.resources.model.BlockStateModelLoader/]: Exception loading blockstate definition: 'createpropulsion:blockstates/oxidizer.json' missing model for variant: 'createpropulsion:oxidizer#level=5'
[26Jul2026 11:04:53.084] [Worker-Main-7/WARN] [net.minecraft.client.resources.model.BlockStateModelLoader/]: Exception loading blockstate definition: 'createpropulsion:blockstates/oxidizer.json' missing model for variant: 'createpropulsion:oxidizer#level=4'
[26Jul2026 11:04:53.084] [Worker-Main-7/WARN] [net.minecraft.client.resources.model.BlockStateModelLoader/]: Exception loading blockstate definition: 'createpropulsion:blockstates/oxidizer.json' missing model for variant: 'createpropulsion:oxidizer#level=7'
[26Jul2026 11:04:53.084] [Worker-Main-7/WARN] [net.minecraft.client.resources.model.BlockStateModelLoader/]: Exception loading blockstate definition: 'createpropulsion:blockstates/oxidizer.json' missing model for variant: 'createpropulsion:oxidizer#level=6'
[26Jul2026 11:04:53.084] [Worker-Main-7/WARN] [net.minecraft.client.resources.model.BlockStateModelLoader/]: Exception loading blockstate definition: 'createpropulsion:blockstates/oxidizer.json' missing model for variant: 'createpropulsion:oxidizer#level=9'
[26Jul2026 11:04:53.084] [Worker-Main-7/WARN] [net.minecraft.client.resources.model.BlockStateModelLoader/]: Exception loading blockstate definition: 'createpropulsion:blockstates/oxidizer.json' missing model for variant: 'createpropulsion:oxidizer#level=11'
[26Jul2026 11:04:53.085] [Worker-Main-7/WARN] [net.minecraft.client.resources.model.BlockStateModelLoader/]: Exception loading blockstate definition: 'createpropulsion:blockstates/oxidizer.json' missing model for variant: 'createpropulsion:oxidizer#level=8'
[26Jul2026 11:04:53.085] [Worker-Main-7/WARN] [net.minecraft.client.resources.model.BlockStateModelLoader/]: Exception loading blockstate definition: 'createpropulsion:blockstates/oxidizer.json' missing model for variant: 'createpropulsion:oxidizer#level=12'
[26Jul2026 11:04:53.085] [Worker-Main-7/WARN] [net.minecraft.client.resources.model.BlockStateModelLoader/]: Exception loading blockstate definition: 'createpropulsion:blockstates/oxidizer.json' missing model for variant: 'createpropulsion:oxidizer#level=10'
[26Jul2026 11:04:53.085] [Worker-Main-7/WARN] [net.minecraft.client.resources.model.BlockStateModelLoader/]: Exception loading blockstate definition: 'createpropulsion:blockstates/oxidizer.json' missing model for variant: 'createpropulsion:oxidizer#level=15'
[26Jul2026 11:04:53.085] [Worker-Main-7/WARN] [net.minecraft.client.resources.model.BlockStateModelLoader/]: Exception loading blockstate definition: 'createpropulsion:blockstates/oxidizer.json' missing model for variant: 'createpropulsion:oxidizer#level=13'
[26Jul2026 11:04:53.085] [Worker-Main-7/WARN] [net.minecraft.client.resources.model.BlockStateModelLoader/]: Exception loading blockstate definition: 'createpropulsion:blockstates/oxidizer.json' missing model for variant: 'createpropulsion:oxidizer#level=14'
[26Jul2026 11:04:53.087] [NeoForge Version Check/INFO] [net.neoforged.fml.VersionChecker/]: [voicechat] Found status: UP_TO_DATE Current: 1.21.1-2.6.21 Target: null
[26Jul2026 11:04:53.087] [NeoForge Version Check/INFO] [net.neoforged.fml.VersionChecker/]: [sound_physics_remastered] Starting version check at https://update.maxhenkel.de/neoforge/sound_physics_remastered
[26Jul2026 11:04:53.154] [Worker-Main-7/WARN] [net.minecraft.client.resources.model.ModelBakery/]: Unable to load model: 'minecraft:compass_31' referenced from: minecraft:compass_31: java.io.FileNotFoundException: minecraft:models/compass_31.json
[26Jul2026 11:04:53.155] [Worker-Main-7/WARN] [net.minecraft.client.resources.model.ModelBakery/]: Unable to load model: 'minecraft:compass_30' referenced from: minecraft:compass_30: java.io.FileNotFoundException: minecraft:models/compass_30.json
[26Jul2026 11:04:53.155] [Worker-Main-7/WARN] [net.minecraft.client.resources.model.ModelBakery/]: Unable to load model: 'minecraft:compass_11' referenced from: minecraft:compass_11: java.io.FileNotFoundException: minecraft:models/compass_11.json
[26Jul2026 11:04:53.155] [Worker-Main-7/WARN] [net.minecraft.client.resources.model.ModelBakery/]: Unable to load model: 'minecraft:compass_10' referenced from: minecraft:compass_10: java.io.FileNotFoundException: minecraft:models/compass_10.json
[26Jul2026 11:04:53.155] [Worker-Main-7/WARN] [net.minecraft.client.resources.model.ModelBakery/]: Unable to load model: 'minecraft:compass_09' referenced from: minecraft:compass_09: java.io.FileNotFoundException: minecraft:models/compass_09.json
[26Jul2026 11:04:53.155] [Worker-Main-7/WARN] [net.minecraft.client.resources.model.ModelBakery/]: Unable to load model: 'minecraft:compass' referenced from: minecraft:compass: java.io.FileNotFoundException: minecraft:models/compass.json
[26Jul2026 11:04:53.156] [Worker-Main-7/WARN] [net.minecraft.client.resources.model.ModelBakery/]: Unable to load model: 'minecraft:compass_01' referenced from: minecraft:compass_01: java.io.FileNotFoundException: minecraft:models/compass_01.json
[26Jul2026 11:04:53.156] [Worker-Main-7/WARN] [net.minecraft.client.resources.model.ModelBakery/]: Unable to load model: 'minecraft:compass_25' referenced from: minecraft:compass_25: java.io.FileNotFoundException: minecraft:models/compass_25.json
[26Jul2026 11:04:53.156] [Worker-Main-7/WARN] [net.minecraft.client.resources.model.ModelBakery/]: Unable to load model: 'minecraft:compass_00' referenced from: minecraft:compass_00: java.io.FileNotFoundException: minecraft:models/compass_00.json
[26Jul2026 11:04:53.156] [Worker-Main-7/WARN] [net.minecraft.client.resources.model.ModelBakery/]: Unable to load model: 'minecraft:compass_24' referenced from: minecraft:compass_24: java.io.FileNotFoundException: minecraft:models/compass_24.json
[26Jul2026 11:04:53.156] [Worker-Main-7/WARN] [net.minecraft.client.resources.model.ModelBakery/]: Unable to load model: 'minecraft:compass_03' referenced from: minecraft:compass_03: java.io.FileNotFoundException: minecraft:models/compass_03.json
[26Jul2026 11:04:53.156] [Worker-Main-7/WARN] [net.minecraft.client.resources.model.ModelBakery/]: Unable to load model: 'minecraft:compass_27' referenced from: minecraft:compass_27: java.io.FileNotFoundException: minecraft:models/compass_27.json
[26Jul2026 11:04:53.156] [Worker-Main-7/WARN] [net.minecraft.client.resources.model.ModelBakery/]: Unable to load model: 'minecraft:compass_28' referenced from: minecraft:compass_28: java.io.FileNotFoundException: minecraft:models/compass_28.json
[26Jul2026 11:04:53.156] [Worker-Main-7/WARN] [net.minecraft.client.resources.model.ModelBakery/]: Unable to load model: 'minecraft:compass_02' referenced from: minecraft:compass_02: java.io.FileNotFoundException: minecraft:models/compass_02.json
[26Jul2026 11:04:53.156] [Worker-Main-7/WARN] [net.minecraft.client.resources.model.ModelBakery/]: Unable to load model: 'minecraft:compass_26' referenced from: minecraft:compass_26: java.io.FileNotFoundException: minecraft:models/compass_26.json
[26Jul2026 11:04:53.156] [Worker-Main-7/WARN] [net.minecraft.client.resources.model.ModelBakery/]: Unable to load model: 'minecraft:compass_05' referenced from: minecraft:compass_05: java.io.FileNotFoundException: minecraft:models/compass_05.json
[26Jul2026 11:04:53.156] [Worker-Main-7/WARN] [net.minecraft.client.resources.model.ModelBakery/]: Unable to load model: 'minecraft:compass_06' referenced from: minecraft:compass_06: java.io.FileNotFoundException: minecraft:models/compass_06.json
[26Jul2026 11:04:53.156] [Worker-Main-7/WARN] [net.minecraft.client.resources.model.ModelBakery/]: Unable to load model: 'minecraft:compass_04' referenced from: minecraft:compass_04: java.io.FileNotFoundException: minecraft:models/compass_04.json
[26Jul2026 11:04:53.156] [Worker-Main-7/WARN] [net.minecraft.client.resources.model.ModelBakery/]: Unable to load model: 'minecraft:compass_29' referenced from: minecraft:compass_29: java.io.FileNotFoundException: minecraft:models/compass_29.json
[26Jul2026 11:04:53.156] [Worker-Main-7/WARN] [net.minecraft.client.resources.model.ModelBakery/]: Unable to load model: 'minecraft:compass_08' referenced from: minecraft:compass_08: java.io.FileNotFoundException: minecraft:models/compass_08.json
[26Jul2026 11:04:53.156] [Worker-Main-7/WARN] [net.minecraft.client.resources.model.ModelBakery/]: Unable to load model: 'minecraft:compass_07' referenced from: minecraft:compass_07: java.io.FileNotFoundException: minecraft:models/compass_07.json
[26Jul2026 11:04:53.157] [Worker-Main-7/WARN] [net.minecraft.client.resources.model.ModelBakery/]: Unable to load model: 'minecraft:compass_21' referenced from: minecraft:compass_21: java.io.FileNotFoundException: minecraft:models/compass_21.json
[26Jul2026 11:04:53.157] [Worker-Main-7/WARN] [net.minecraft.client.resources.model.ModelBakery/]: Unable to load model: 'minecraft:compass_20' referenced from: minecraft:compass_20: java.io.FileNotFoundException: minecraft:models/compass_20.json
[26Jul2026 11:04:53.157] [Worker-Main-7/WARN] [net.minecraft.client.resources.model.ModelBakery/]: Unable to load model: 'minecraft:compass_23' referenced from: minecraft:compass_23: java.io.FileNotFoundException: minecraft:models/compass_23.json
[26Jul2026 11:04:53.157] [Worker-Main-7/WARN] [net.minecraft.client.resources.model.ModelBakery/]: Unable to load model: 'minecraft:compass_22' referenced from: minecraft:compass_22: java.io.FileNotFoundException: minecraft:models/compass_22.json
[26Jul2026 11:04:53.158] [Worker-Main-7/WARN] [net.minecraft.client.resources.model.ModelBakery/]: Unable to load model: 'minecraft:compass_13' referenced from: minecraft:compass_13: java.io.FileNotFoundException: minecraft:models/compass_13.json
[26Jul2026 11:04:53.158] [Worker-Main-7/WARN] [net.minecraft.client.resources.model.ModelBakery/]: Unable to load model: 'minecraft:compass_12' referenced from: minecraft:compass_12: java.io.FileNotFoundException: minecraft:models/compass_12.json
[26Jul2026 11:04:53.158] [Worker-Main-7/WARN] [net.minecraft.client.resources.model.ModelBakery/]: Unable to load model: 'minecraft:compass_15' referenced from: minecraft:compass_15: java.io.FileNotFoundException: minecraft:models/compass_15.json
[26Jul2026 11:04:53.158] [Worker-Main-7/WARN] [net.minecraft.client.resources.model.ModelBakery/]: Unable to load model: 'minecraft:compass_14' referenced from: minecraft:compass_14: java.io.FileNotFoundException: minecraft:models/compass_14.json
[26Jul2026 11:04:53.158] [Worker-Main-7/WARN] [net.minecraft.client.resources.model.ModelBakery/]: Unable to load model: 'minecraft:compass_18' referenced from: minecraft:compass_18: java.io.FileNotFoundException: minecraft:models/compass_18.json
[26Jul2026 11:04:53.158] [Worker-Main-7/WARN] [net.minecraft.client.resources.model.ModelBakery/]: Unable to load model: 'minecraft:compass_17' referenced from: minecraft:compass_17: java.io.FileNotFoundException: minecraft:models/compass_17.json
[26Jul2026 11:04:53.158] [Worker-Main-7/WARN] [net.minecraft.client.resources.model.ModelBakery/]: Unable to load model: 'createpropulsion:partial/lodestone_tracker_overlay' referenced from: createpropulsion:partial/lodestone_tracker_overlay: java.io.FileNotFoundException: createpropulsion:models/partial/lodestone_tracker_overlay.json
[26Jul2026 11:04:53.158] [Worker-Main-7/WARN] [net.minecraft.client.resources.model.ModelBakery/]: Unable to load model: 'minecraft:compass_19' referenced from: minecraft:compass_19: java.io.FileNotFoundException: minecraft:models/compass_19.json
[26Jul2026 11:04:53.377] [NeoForge Version Check/INFO] [net.neoforged.fml.VersionChecker/]: [sound_physics_remastered] Found status: BETA Current: 1.21.1-1.5.1 Target: 1.21.1-1.5.1
[26Jul2026 11:04:53.377] [NeoForge Version Check/INFO] [net.neoforged.fml.VersionChecker/]: [adlods] Starting version check at https://neoforge.curseupdate.com/318833/adlods
[26Jul2026 11:04:53.403] [NeoForge Version Check/INFO] [net.neoforged.fml.VersionChecker/]: [adlods] Found status: UP_TO_DATE Current: 9.1.6.0 Target: null
[26Jul2026 11:04:53.403] [NeoForge Version Check/INFO] [net.neoforged.fml.VersionChecker/]: [puzzleslib] Starting version check at https://raw.githubusercontent.com/Fuzss/modresources/main/update/puzzleslib.json
[26Jul2026 11:04:53.430] [Render thread/INFO] [xaero.map.WorldMap/]: Loading Xaero's World Map - Stage 2/2
[26Jul2026 11:04:53.432] [Render thread/INFO] [xaero.map.WorldMap/]: New world map region cache hash code: 25832689
[26Jul2026 11:04:53.694] [NeoForge Version Check/INFO] [net.neoforged.fml.VersionChecker/]: [puzzleslib] Found status: UP_TO_DATE Current: 21.1.52 Target: null
[26Jul2026 11:04:53.694] [NeoForge Version Check/INFO] [net.neoforged.fml.VersionChecker/]: [controlling] Starting version check at https://updates.blamejared.com/get?n=controlling&gv=1.21.1&ml=neoforge
[26Jul2026 11:04:53.732] [NeoForge Version Check/INFO] [net.neoforged.fml.VersionChecker/]: [controlling] Found status: BETA Current: 19.0.5 Target: 19.0.5
[26Jul2026 11:04:53.733] [NeoForge Version Check/INFO] [net.neoforged.fml.VersionChecker/]: [create_connected] Starting version check at https://raw.githubusercontent.com/hlysine/create_connected/main/update.json
[26Jul2026 11:04:53.751] [NeoForge Version Check/INFO] [net.neoforged.fml.VersionChecker/]: [create_connected] Found status: UP_TO_DATE Current: 1.3.2-mc1.21.1 Target: null
[26Jul2026 11:04:53.751] [NeoForge Version Check/INFO] [net.neoforged.fml.VersionChecker/]: [mr_rmes_campfireleather] Starting version check at https://api.modrinth.com/updates/6vL2LZV7/forge_updates.json?neoforge=only
[26Jul2026 11:04:54.001] [NeoForge Version Check/INFO] [net.neoforged.fml.VersionChecker/]: [mr_rmes_campfireleather] Found status: OUTDATED Current: 1.1.6 Target: 1.1.6+mod
[26Jul2026 11:04:54.001] [NeoForge Version Check/INFO] [net.neoforged.fml.VersionChecker/]: [copycats] Starting version check at https://raw.githubusercontent.com/copycats-plus/copycats/multiloader/update.json
[26Jul2026 11:04:54.026] [NeoForge Version Check/INFO] [net.neoforged.fml.VersionChecker/]: [copycats] Found status: AHEAD Current: 3.0.4+mc.1.21.1-neoforge Target: null
[26Jul2026 11:04:54.026] [NeoForge Version Check/INFO] [net.neoforged.fml.VersionChecker/]: [create] Starting version check at https://api.modrinth.com/updates/create/forge_updates.json?neoforge=only
[26Jul2026 11:04:54.315] [NeoForge Version Check/INFO] [net.neoforged.fml.VersionChecker/]: [create] Found status: OUTDATED Current: 6.0.10 Target: 6.0.10+mc1.21.1
[26Jul2026 11:04:54.315] [NeoForge Version Check/INFO] [net.neoforged.fml.VersionChecker/]: [sliceanddice] Starting version check at https://api.modrinth.com/updates/slice-and-dice/forge_updates.json?neoforge=only
[26Jul2026 11:04:54.622] [NeoForge Version Check/INFO] [net.neoforged.fml.VersionChecker/]: [sliceanddice] Found status: AHEAD Current: 4.3.2 Target: null
[26Jul2026 11:04:54.623] [NeoForge Version Check/INFO] [net.neoforged.fml.VersionChecker/]: [clumps] Starting version check at https://updates.blamejared.com/get?n=clumps&gv=1.21.1&ml=neoforge
[26Jul2026 11:04:54.625] [Render thread/INFO] [xaero.map.WorldMap/]: Registered player tracker system: map_synced
[26Jul2026 11:04:54.627] [Render thread/INFO] [xaero.map.WorldMap/]: Xaero's WorldMap Mod: Xaero's minimap found!
[26Jul2026 11:04:54.629] [Render thread/INFO] [xaero.map.WorldMap/]: Registered player tracker system: minimap_synced
[26Jul2026 11:04:54.629] [Render thread/INFO] [xaero.map.WorldMap/]: No Optifine!
[26Jul2026 11:04:54.629] [Render thread/INFO] [xaero.map.WorldMap/]: Xaero's World Map: No Vivecraft!
[26Jul2026 11:04:54.630] [Render thread/INFO] [xaero.map.WorldMap/]: Xaero's World Map: Iris found!
[26Jul2026 11:04:54.655] [Render thread/WARN] [net.neoforged.fml.DeferredWorkQueue/LOADING]: Mod 'xaeroworldmap' took 1.225 s to run a deferred task.
[26Jul2026 11:04:54.659] [Render thread/INFO] [xaero.minimap.XaeroMinimap/]: Loading Xaero's Minimap - Stage 2/2
[26Jul2026 11:04:54.663] [NeoForge Version Check/INFO] [net.neoforged.fml.VersionChecker/]: [clumps] Found status: BETA Current: 19.0.0.1 Target: 19.0.0.1
[26Jul2026 11:04:54.664] [NeoForge Version Check/INFO] [net.neoforged.fml.VersionChecker/]: [mr_better_babies] Starting version check at https://api.modrinth.com/updates/W9qgAZfz/forge_updates.json?neoforge=only
[26Jul2026 11:04:54.842] [NeoForge Version Check/INFO] [net.neoforged.fml.VersionChecker/]: [mr_better_babies] Found status: BETA_OUTDATED Current: 0.7.13 Target: 0.7.13+mod
[26Jul2026 11:04:54.843] [NeoForge Version Check/INFO] [net.neoforged.fml.VersionChecker/]: [iceberg] Starting version check at https://mc-update-check.anthonyhilyard.com/520110
[26Jul2026 11:04:55.104] [Worker-Main-7/WARN] [net.minecraft.client.resources.model.ModelManager/]: Missing textures in model create_connected:fan_soul_stripping_catalyst#inventory:
    minecraft:textures/atlas/blocks.png:createnetherindustry:block/soul_stripping_block
[26Jul2026 11:04:55.104] [Worker-Main-7/WARN] [net.minecraft.client.resources.model.ModelManager/]: Missing textures in model create_connected:fan_enriched_catalyst#:
    minecraft:textures/atlas/blocks.png:createnuclear:block/enriched_soul_soil
    minecraft:textures/atlas/blocks.png:createnuclear:block/enriching/campfire/enriching_flame
[26Jul2026 11:04:55.104] [Worker-Main-7/WARN] [net.minecraft.client.resources.model.ModelManager/]: Missing textures in model create_connected:fan_ending_catalyst_dragons_breath#inventory:
    minecraft:textures/atlas/blocks.png:create_dragons_plus:fluid/dragon_breath_flow
[26Jul2026 11:04:55.104] [Worker-Main-7/WARN] [net.minecraft.client.resources.model.ModelManager/]: Missing textures in model supplementaries:stick_tomatoes#age=0,axis_x=false,axis_z=false,ropelogged=false:
    minecraft:textures/atlas/blocks.png:farmersdelight:block/tomatoes_vine_stage0
    minecraft:textures/atlas/blocks.png:farmersdelight:block/tomatoes_vine_stage1
    minecraft:textures/atlas/blocks.png:farmersdelight:block/tomatoes_vine_stage2
    minecraft:textures/atlas/blocks.png:farmersdelight:block/tomatoes_vine_stage3
[26Jul2026 11:04:55.104] [Worker-Main-7/WARN] [net.minecraft.client.resources.model.ModelManager/]: Missing textures in model create_connected:fan_glooming_catalyst#:
    minecraft:textures/atlas/blocks.png:twilightforest:block/deadrock
    minecraft:textures/atlas/blocks.png:create_shimmer:block/ominous_campfire_fire
[26Jul2026 11:04:55.104] [Worker-Main-7/WARN] [net.minecraft.client.resources.model.ModelManager/]: Missing textures in model bountiful:decree#inventory:
    minecraft:textures/atlas/blocks.png:bountiful:item/decree
[26Jul2026 11:04:55.104] [Worker-Main-7/WARN] [net.minecraft.client.resources.model.ModelManager/]: Missing textures in model create_connected:fan_ending_catalyst_dragons_breath#:
    minecraft:textures/atlas/blocks.png:create_dragons_plus:fluid/dragon_breath_flow
[26Jul2026 11:04:55.104] [Worker-Main-7/WARN] [net.minecraft.client.resources.model.ModelManager/]: Missing textures in model create_connected:fan_transmutation_catalyst#:
    minecraft:textures/atlas/blocks.png:create_shimmer:fluid/shimmer_flow
[26Jul2026 11:04:55.104] [Worker-Main-7/WARN] [net.minecraft.client.resources.model.ModelManager/]: Missing textures in model railways:block/bogey/radial/frame#standalone:
    minecraft:textures/atlas/blocks.png:railways:block/bogeys/standard/radial_body
[26Jul2026 11:04:55.104] [Worker-Main-7/WARN] [net.minecraft.client.resources.model.ModelManager/]: Missing textures in model create_connected:fan_enriched_catalyst#inventory:
    minecraft:textures/atlas/blocks.png:createnuclear:block/enriched_soul_soil
    minecraft:textures/atlas/blocks.png:createnuclear:block/enriching/campfire/enriching_flame
[26Jul2026 11:04:55.104] [Worker-Main-7/WARN] [net.minecraft.client.resources.model.ModelManager/]: Missing textures in model create_connected:fan_glooming_catalyst#inventory:
    minecraft:textures/atlas/blocks.png:twilightforest:block/deadrock
    minecraft:textures/atlas/blocks.png:create_shimmer:block/ominous_campfire_fire
[26Jul2026 11:04:55.104] [Worker-Main-7/WARN] [net.minecraft.client.resources.model.ModelManager/]: Missing textures in model supplementaries:rope_tomatoes#age=1,east=true,knot=false,north=false,ropelogged=false,south=true,west=false:
    minecraft:textures/atlas/blocks.png:farmersdelight:block/tomatoes_vine_stage0
    minecraft:textures/atlas/blocks.png:farmersdelight:block/tomatoes_vine_stage1
    minecraft:textures/atlas/blocks.png:farmersdelight:block/tomatoes_vine_stage2
    minecraft:textures/atlas/blocks.png:farmersdelight:block/tomatoes_vine_stage3
[26Jul2026 11:04:55.104] [Worker-Main-7/WARN] [net.minecraft.client.resources.model.ModelManager/]: Missing textures in model create_connected:fan_soul_stripping_catalyst#:
    minecraft:textures/atlas/blocks.png:createnetherindustry:block/soul_stripping_block
[26Jul2026 11:04:55.104] [Worker-Main-7/WARN] [net.minecraft.client.resources.model.ModelManager/]: Missing textures in model create_connected:fan_transmutation_catalyst#inventory:
    minecraft:textures/atlas/blocks.png:create_shimmer:fluid/shimmer_flow
[26Jul2026 11:04:55.272] [Worker-Main-7/INFO] [Puzzles Lib/]: Modifying unbaked models took 166ms
[26Jul2026 11:04:55.547] [Render thread/INFO] [xaero.hud.minimap.MinimapLogs/]: Registered player tracker system: minimap_synced
[26Jul2026 11:04:55.560] [Render thread/INFO] [KubeJS/]: Started the local web server at http://localhost:61423
[26Jul2026 11:04:55.561] [Render thread/INFO] [xaero.lib.XaeroLib/]: Loading XaeroLib common 2/2!
[26Jul2026 11:04:55.561] [Render thread/INFO] [xaero.lib.XaeroLib/]: Loading XaeroLib client 2/2!
[26Jul2026 11:04:56.155] [NeoForge Version Check/INFO] [net.neoforged.fml.VersionChecker/]: [iceberg] Found status: UP_TO_DATE Current: 1.3.2 Target: null
[26Jul2026 11:04:56.155] [NeoForge Version Check/INFO] [net.neoforged.fml.VersionChecker/]: [highlighter] Starting version check at https://mc-update-check.anthonyhilyard.com/521590
[26Jul2026 11:04:56.460] [NeoForge Version Check/INFO] [net.neoforged.fml.VersionChecker/]: [highlighter] Found status: UP_TO_DATE Current: 1.1.11 Target: null
[26Jul2026 11:04:56.564] [Render thread/INFO] [Veil/]: Loaded 0 shader modifications
[26Jul2026 11:04:56.617] [Render thread/INFO] [Veil/]: Loaded 30 shaders from: pinwheel/shaders/program
[26Jul2026 11:04:58.566] [Worker-Main-10/INFO] [com.mrh0.createaddition.CreateAddition/]: Create Crafts & Additions Initialized!
[26Jul2026 11:04:58.634] [Worker-Main-6/INFO] [PonderIndex/]: Registering Ponder Scenes took 67.77 ms
[26Jul2026 11:04:58.637] [Worker-Main-6/INFO] [PonderIndex/]: Registering Ponder Tags took 3.318 ms
[26Jul2026 11:05:00.583] [Render thread/INFO] [Kambrik/]: Registering network payloads..
[26Jul2026 11:05:00.583] [Render thread/INFO] [Kambrik/]: Registering ServerMsg: bountiful:select_bounty
[26Jul2026 11:05:00.584] [Render thread/INFO] [Kambrik/]: Registering ServerMsg: bountiful:server_player_status
[26Jul2026 11:05:00.584] [Render thread/INFO] [Kambrik/]: Registering ClientMsg: kambrik:test_msg
[26Jul2026 11:05:00.584] [Render thread/INFO] [Kambrik/]: Registering ClientMsg: bountiful:clipboard_copy
[26Jul2026 11:05:00.584] [Render thread/INFO] [Kambrik/]: Registering ClientMsg: bountiful:bounty_complete
[26Jul2026 11:05:00.584] [Render thread/INFO] [Kambrik/]: Registering ClientMsg: bountiful:update_bounty_criteria
[26Jul2026 11:05:00.584] [Render thread/INFO] [Kambrik/]: Registering ClientMsg: bountiful:client_player_status
[26Jul2026 11:05:00.636] [Render thread/INFO] [Railways/]: Registering Railways network payloads...
[26Jul2026 11:05:00.636] [Render thread/INFO] [Railways/]: Railways network payloads registered successfully
[26Jul2026 11:05:02.573] [Render thread/WARN] [net.minecraft.client.sounds.SoundEngine/]: Missing sound for event: minecraft:item.goat_horn.play
[26Jul2026 11:05:02.573] [Render thread/WARN] [net.minecraft.client.sounds.SoundEngine/]: Missing sound for event: minecraft:entity.goat.screaming.horn_break
[26Jul2026 11:05:02.573] [Render thread/WARN] [net.minecraft.client.sounds.SoundEngine/]: Missing sound for event: supplementaries:entity.plunderer.cannon_use
[26Jul2026 11:05:02.573] [Render thread/WARN] [net.minecraft.client.sounds.SoundEngine/]: Missing sound for event: bountifulbaubles:unlock
[26Jul2026 11:05:02.607] [Render thread/INFO] [com.mojang.blaze3d.audio.Library/]: OpenAL initialized on device G321 LIGHTSPEED Analog Stereo
[26Jul2026 11:05:02.607] [Render thread/INFO] [Sound Physics - General/]: Initializing Sound Physics
[26Jul2026 11:05:02.607] [Render thread/INFO] [Sound Physics - General/]: EFX Extension recognized
[26Jul2026 11:05:02.607] [Render thread/INFO] [Sound Physics - General/]: Max auxiliary sends: 4
[26Jul2026 11:05:02.609] [Render thread/INFO] [Sound Physics - General/]: Aux slot 1 created
[26Jul2026 11:05:02.609] [Render thread/INFO] [Sound Physics - General/]: Aux slot 2 created
[26Jul2026 11:05:02.609] [Render thread/INFO] [Sound Physics - General/]: Aux slot 3 created
[26Jul2026 11:05:02.609] [Render thread/INFO] [Sound Physics - General/]: Aux slot 4 created
[26Jul2026 11:05:02.613] [Render thread/INFO] [Sound Physics - General/]: EFX ready
[26Jul2026 11:05:02.614] [Render thread/INFO] [net.minecraft.client.sounds.SoundEngine/SOUNDS]: Sound engine started
[26Jul2026 11:05:02.703] [Render thread/INFO] [com.teamabnormals.blueprint.core.Blueprint/]: Endimation Loader has loaded 1 endimations
[26Jul2026 11:05:02.703] [Render thread/INFO] [net.minecraft.client.renderer.texture.TextureAtlas/]: Created: 4096x4096x4 minecraft:textures/atlas/blocks.png-atlas
[26Jul2026 11:05:02.911] [Render thread/INFO] [net.minecraft.client.renderer.texture.TextureAtlas/]: Created: 512x256x4 minecraft:textures/atlas/signs.png-atlas
[26Jul2026 11:05:02.914] [Render thread/INFO] [net.minecraft.client.renderer.texture.TextureAtlas/]: Created: 512x512x4 minecraft:textures/atlas/shield_patterns.png-atlas
[26Jul2026 11:05:02.917] [Render thread/INFO] [net.minecraft.client.renderer.texture.TextureAtlas/]: Created: 512x512x4 minecraft:textures/atlas/banner_patterns.png-atlas
[26Jul2026 11:05:02.920] [Render thread/INFO] [net.minecraft.client.renderer.texture.TextureAtlas/]: Created: 2048x2048x4 minecraft:textures/atlas/armor_trims.png-atlas
[26Jul2026 11:05:02.938] [Render thread/INFO] [net.minecraft.client.renderer.texture.TextureAtlas/]: Created: 256x256x4 minecraft:textures/atlas/chest.png-atlas
[26Jul2026 11:05:02.939] [Render thread/INFO] [net.minecraft.client.renderer.texture.TextureAtlas/]: Created: 128x64x4 minecraft:textures/atlas/decorated_pot.png-atlas
[26Jul2026 11:05:02.941] [Render thread/INFO] [net.minecraft.client.renderer.texture.TextureAtlas/]: Created: 512x256x4 minecraft:textures/atlas/shulker_boxes.png-atlas
[26Jul2026 11:05:02.942] [Render thread/INFO] [net.minecraft.client.renderer.texture.TextureAtlas/]: Created: 512x256x4 minecraft:textures/atlas/beds.png-atlas
[26Jul2026 11:05:03.342] [Render thread/INFO] [Entity Texture Features/]: [ETF]: emissive suffixes loaded: [_e]
[26Jul2026 11:05:04.302] [Render thread/INFO] [net.minecraft.client.renderer.texture.TextureAtlas/]: Created: 2048x1024x0 minecraft:textures/atlas/particles.png-atlas
[26Jul2026 11:05:04.312] [Render thread/INFO] [net.minecraft.client.renderer.texture.TextureAtlas/]: Created: 512x256x0 minecraft:textures/atlas/paintings.png-atlas
[26Jul2026 11:05:04.314] [Render thread/INFO] [net.minecraft.client.renderer.texture.TextureAtlas/]: Created: 256x128x0 minecraft:textures/atlas/mob_effects.png-atlas
[26Jul2026 11:05:04.316] [Render thread/INFO] [net.minecraft.client.renderer.texture.TextureAtlas/]: Created: 256x256x0 minecraft:textures/atlas/map_decorations.png-atlas
[26Jul2026 11:05:04.318] [Render thread/INFO] [net.minecraft.client.renderer.texture.TextureAtlas/]: Created: 1024x1024x0 minecraft:textures/atlas/gui.png-atlas
[26Jul2026 11:05:04.395] [Render thread/WARN] [net.minecraft.client.renderer.ShaderInstance/]: Shader rendertype_entity_translucent_emissive could not find sampler named Sampler2 in the specified shader program.
[26Jul2026 11:05:04.548] [Render thread/WARN] [net.minecraft.client.renderer.ShaderInstance/]: Shader moonlight:text_alpha_color could not find uniform named FogShape in the specified shader program.
[26Jul2026 11:05:04.573] [Render thread/ERROR] [net.minecraft.Util/]: Invalid path in pack: testcoop:player_animations/dap _hold.json, ignoring
[26Jul2026 11:05:04.585] [Render thread/INFO] [dev.kosmx.playerAnim.minecraftApi.codec.AnimationCodecs/]: Failed to apply emotecraft
java.io.IOException: com.google.gson.JsonSyntaxException: java.lang.IllegalStateException: Not a JSON Object: 1
	at TRANSFORMER/playeranimator@2.0.1+1.21.1/dev.kosmx.playerAnim.minecraftApi.codec.AbstractGsonCodec.decode(AbstractGsonCodec.java:27) ~[playeranimator-658587-6024462.jar%23658!/:?]
	at TRANSFORMER/playeranimator@2.0.1+1.21.1/dev.kosmx.playerAnim.minecraftApi.codec.AnimationCodecs.deserialize(AnimationCodecs.java:76) ~[playeranimator-658587-6024462.jar%23658!/:?]
	at TRANSFORMER/playeranimator@2.0.1+1.21.1/dev.kosmx.playerAnim.minecraftApi.PlayerAnimationRegistry.resourceLoaderCallback(PlayerAnimationRegistry.java:108) ~[playeranimator-658587-6024462.jar%23658!/:?]
	at TRANSFORMER/minecraft@1.21.1/net.minecraft.server.packs.resources.ResourceManagerReloadListener.lambda$reload$0(ResourceManagerReloadListener.java:15) ~[client-1.21.1-20240808.144430-srg.jar%23310!/:?]
	at java.base/java.util.concurrent.CompletableFuture$UniRun.tryFire(CompletableFuture.java:787) ~[?:?]
	at java.base/java.util.concurrent.CompletableFuture$Completion.run(CompletableFuture.java:482) ~[?:?]
	at TRANSFORMER/minecraft@1.21.1/net.minecraft.server.packs.resources.SimpleReloadInstance.lambda$new$3(SimpleReloadInstance.java:69) ~[client-1.21.1-20240808.144430-srg.jar%23310!/:?]
	at TRANSFORMER/minecraft@1.21.1/net.minecraft.util.thread.BlockableEventLoop.doRunTask(BlockableEventLoop.java:148) ~[client-1.21.1-20240808.144430-srg.jar%23310!/:?]
	at TRANSFORMER/minecraft@1.21.1/net.minecraft.util.thread.ReentrantBlockableEventLoop.doRunTask(ReentrantBlockableEventLoop.java:23) ~[client-1.21.1-20240808.144430-srg.jar%23310!/:?]
	at TRANSFORMER/minecraft@1.21.1/net.minecraft.util.thread.BlockableEventLoop.pollTask(BlockableEventLoop.java:122) ~[client-1.21.1-20240808.144430-srg.jar%23310!/:?]
	at TRANSFORMER/minecraft@1.21.1/net.minecraft.util.thread.BlockableEventLoop.runAllTasks(BlockableEventLoop.java:111) ~[client-1.21.1-20240808.144430-srg.jar%23310!/:?]
	at TRANSFORMER/minecraft@1.21.1/net.minecraft.client.Minecraft.runTick(Minecraft.java:1155) ~[client-1.21.1-20240808.144430-srg.jar%23310!/:?]
	at TRANSFORMER/minecraft@1.21.1/net.minecraft.client.Minecraft.run(Minecraft.java:807) ~[client-1.21.1-20240808.144430-srg.jar%23310!/:?]
	at TRANSFORMER/minecraft@1.21.1/net.minecraft.client.main.Main.main(Main.java:230) ~[client-1.21.1-20240808.144430-srg.jar%23310!/:?]
	at java.base/jdk.internal.reflect.DirectMethodHandleAccessor.invoke(DirectMethodHandleAccessor.java:103) ~[?:?]
	at java.base/java.lang.reflect.Method.invoke(Method.java:580) ~[?:?]
	at MC-BOOTSTRAP/fml_loader@4.0.43/net.neoforged.fml.loading.targets.CommonLaunchHandler.runTarget(CommonLaunchHandler.java:136) ~[loader-4.0.43.jar%23149!/:4.0]
	at MC-BOOTSTRAP/fml_loader@4.0.43/net.neoforged.fml.loading.targets.CommonLaunchHandler.clientService(CommonLaunchHandler.java:124) ~[loader-4.0.43.jar%23149!/:4.0]
	at MC-BOOTSTRAP/fml_loader@4.0.43/net.neoforged.fml.loading.targets.CommonClientLaunchHandler.runService(CommonClientLaunchHandler.java:32) ~[loader-4.0.43.jar%23149!/:4.0]
	at MC-BOOTSTRAP/fml_loader@4.0.43/net.neoforged.fml.loading.targets.CommonLaunchHandler.lambda$launchService$4(CommonLaunchHandler.java:118) ~[loader-4.0.43.jar%23149!/:4.0]
	at MC-BOOTSTRAP/cpw.mods.modlauncher@11.0.5/cpw.mods.modlauncher.LaunchServiceHandlerDecorator.launch(LaunchServiceHandlerDecorator.java:30) [modlauncher-11.0.5.jar%23154!/:?]
	at MC-BOOTSTRAP/cpw.mods.modlauncher@11.0.5/cpw.mods.modlauncher.LaunchServiceHandler.launch(LaunchServiceHandler.java:53) [modlauncher-11.0.5.jar%23154!/:?]
	at MC-BOOTSTRAP/cpw.mods.modlauncher@11.0.5/cpw.mods.modlauncher.LaunchServiceHandler.launch(LaunchServiceHandler.java:71) [modlauncher-11.0.5.jar%23154!/:?]
	at MC-BOOTSTRAP/cpw.mods.modlauncher@11.0.5/cpw.mods.modlauncher.Launcher.run(Launcher.java:103) [modlauncher-11.0.5.jar%23154!/:?]
	at MC-BOOTSTRAP/cpw.mods.modlauncher@11.0.5/cpw.mods.modlauncher.Launcher.main(Launcher.java:74) [modlauncher-11.0.5.jar%23154!/:?]
	at MC-BOOTSTRAP/cpw.mods.modlauncher@11.0.5/cpw.mods.modlauncher.BootstrapLaunchConsumer.accept(BootstrapLaunchConsumer.java:26) [modlauncher-11.0.5.jar%23154!/:?]
	at MC-BOOTSTRAP/cpw.mods.modlauncher@11.0.5/cpw.mods.modlauncher.BootstrapLaunchConsumer.accept(BootstrapLaunchConsumer.java:23) [modlauncher-11.0.5.jar%23154!/:?]
	at cpw.mods.bootstraplauncher@2.0.2/cpw.mods.bootstraplauncher.BootstrapLauncher.run(BootstrapLauncher.java:210) [bootstraplauncher-2.0.2.jar:?]
	at cpw.mods.bootstraplauncher@2.0.2/cpw.mods.bootstraplauncher.BootstrapLauncher.main(BootstrapLauncher.java:69) [bootstraplauncher-2.0.2.jar:?]
	at java.base/jdk.internal.reflect.DirectMethodHandleAccessor.invoke(DirectMethodHandleAccessor.java:103) ~[?:?]
	at java.base/java.lang.reflect.Method.invoke(Method.java:580) ~[?:?]
	at io.github.zekerzhayard.forgewrapper.installer.Main.main(Main.java:67) [ForgeWrapper-prism-2025-12-07.jar:prism-2025-12-07]
	at org.prismlauncher.launcher.impl.StandardLauncher.launch(StandardLauncher.java:115) [NewLaunch.jar:?]
	at org.prismlauncher.EntryPoint.listen(EntryPoint.java:129) [NewLaunch.jar:?]
	at org.prismlauncher.EntryPoint.main(EntryPoint.java:70) [NewLaunch.jar:?]
Caused by: com.google.gson.JsonSyntaxException: java.lang.IllegalStateException: Not a JSON Object: 1
	at MC-BOOTSTRAP/com.google.gson@2.10.1/com.google.gson.Gson.fromJson(Gson.java:1238) ~[gson-2.10.1.jar%23109!/:?]
	at MC-BOOTSTRAP/com.google.gson@2.10.1/com.google.gson.Gson.fromJson(Gson.java:1137) ~[gson-2.10.1.jar%23109!/:?]
	at MC-BOOTSTRAP/com.google.gson@2.10.1/com.google.gson.Gson.fromJson(Gson.java:1107) ~[gson-2.10.1.jar%23109!/:?]
	at TRANSFORMER/playeranimator@2.0.1+1.21.1/dev.kosmx.playerAnim.minecraftApi.codec.AbstractGsonCodec.decode(AbstractGsonCodec.java:25) ~[playeranimator-658587-6024462.jar%23658!/:?]
	... 34 more
Caused by: java.lang.IllegalStateException: Not a JSON Object: 1
	at MC-BOOTSTRAP/com.google.gson@2.10.1/com.google.gson.JsonElement.getAsJsonObject(JsonElement.java:101) ~[gson-2.10.1.jar%23109!/:?]
	at TRANSFORMER/playeranimator@2.0.1+1.21.1/dev.kosmx.playerAnim.core.data.gson.GeckoLibSerializer.readBone(GeckoLibSerializer.java:193) ~[playeranimator-658587-6024462.jar%23658!/:?]
	at TRANSFORMER/playeranimator@2.0.1+1.21.1/dev.kosmx.playerAnim.core.data.gson.GeckoLibSerializer.keyframeSerializer(GeckoLibSerializer.java:104) ~[playeranimator-658587-6024462.jar%23658!/:?]
	at TRANSFORMER/playeranimator@2.0.1+1.21.1/dev.kosmx.playerAnim.core.data.gson.GeckoLibSerializer.lambda$readAnimations$0(GeckoLibSerializer.java:84) ~[playeranimator-658587-6024462.jar%23658!/:?]
	at java.base/java.lang.Iterable.forEach(Iterable.java:75) ~[?:?]
	at TRANSFORMER/playeranimator@2.0.1+1.21.1/dev.kosmx.playerAnim.core.data.gson.GeckoLibSerializer.readAnimations(GeckoLibSerializer.java:65) ~[playeranimator-658587-6024462.jar%23658!/:?]
	at TRANSFORMER/playeranimator@2.0.1+1.21.1/dev.kosmx.playerAnim.core.data.gson.GeckoLibSerializer.deserialize(GeckoLibSerializer.java:57) ~[playeranimator-658587-6024462.jar%23658!/:?]
	at TRANSFORMER/playeranimator@2.0.1+1.21.1/dev.kosmx.playerAnim.core.data.gson.AnimationJson.deserialize(AnimationJson.java:53) ~[playeranimator-658587-6024462.jar%23658!/:?]
	at TRANSFORMER/playeranimator@2.0.1+1.21.1/dev.kosmx.playerAnim.core.data.gson.AnimationJson.deserialize(AnimationJson.java:16) ~[playeranimator-658587-6024462.jar%23658!/:?]
	at MC-BOOTSTRAP/com.google.gson@2.10.1/com.google.gson.internal.bind.TreeTypeAdapter.read(TreeTypeAdapter.java:76) ~[gson-2.10.1.jar%23109!/:?]
	at MC-BOOTSTRAP/com.google.gson@2.10.1/com.google.gson.Gson.fromJson(Gson.java:1227) ~[gson-2.10.1.jar%23109!/:?]
	at MC-BOOTSTRAP/com.google.gson@2.10.1/com.google.gson.Gson.fromJson(Gson.java:1137) ~[gson-2.10.1.jar%23109!/:?]
	at MC-BOOTSTRAP/com.google.gson@2.10.1/com.google.gson.Gson.fromJson(Gson.java:1107) ~[gson-2.10.1.jar%23109!/:?]
	at TRANSFORMER/playeranimator@2.0.1+1.21.1/dev.kosmx.playerAnim.minecraftApi.codec.AbstractGsonCodec.decode(AbstractGsonCodec.java:25) ~[playeranimator-658587-6024462.jar%23658!/:?]
	... 34 more
[26Jul2026 11:05:04.586] [Render thread/INFO] [dev.kosmx.playerAnim.minecraftApi.codec.AnimationCodecs/]: Failed to apply gecko_legacy
java.io.IOException: com.google.gson.JsonSyntaxException: java.lang.IllegalStateException: Not a JSON Object: 1
	at TRANSFORMER/playeranimator@2.0.1+1.21.1/dev.kosmx.playerAnim.minecraftApi.codec.AbstractGsonCodec.decode(AbstractGsonCodec.java:27) ~[playeranimator-658587-6024462.jar%23658!/:?]
	at TRANSFORMER/playeranimator@2.0.1+1.21.1/dev.kosmx.playerAnim.minecraftApi.codec.AnimationCodecs.deserialize(AnimationCodecs.java:76) ~[playeranimator-658587-6024462.jar%23658!/:?]
	at TRANSFORMER/playeranimator@2.0.1+1.21.1/dev.kosmx.playerAnim.minecraftApi.PlayerAnimationRegistry.resourceLoaderCallback(PlayerAnimationRegistry.java:108) ~[playeranimator-658587-6024462.jar%23658!/:?]
	at TRANSFORMER/minecraft@1.21.1/net.minecraft.server.packs.resources.ResourceManagerReloadListener.lambda$reload$0(ResourceManagerReloadListener.java:15) ~[client-1.21.1-20240808.144430-srg.jar%23310!/:?]
	at java.base/java.util.concurrent.CompletableFuture$UniRun.tryFire(CompletableFuture.java:787) ~[?:?]
	at java.base/java.util.concurrent.CompletableFuture$Completion.run(CompletableFuture.java:482) ~[?:?]
	at TRANSFORMER/minecraft@1.21.1/net.minecraft.server.packs.resources.SimpleReloadInstance.lambda$new$3(SimpleReloadInstance.java:69) ~[client-1.21.1-20240808.144430-srg.jar%23310!/:?]
	at TRANSFORMER/minecraft@1.21.1/net.minecraft.util.thread.BlockableEventLoop.doRunTask(BlockableEventLoop.java:148) ~[client-1.21.1-20240808.144430-srg.jar%23310!/:?]
	at TRANSFORMER/minecraft@1.21.1/net.minecraft.util.thread.ReentrantBlockableEventLoop.doRunTask(ReentrantBlockableEventLoop.java:23) ~[client-1.21.1-20240808.144430-srg.jar%23310!/:?]
	at TRANSFORMER/minecraft@1.21.1/net.minecraft.util.thread.BlockableEventLoop.pollTask(BlockableEventLoop.java:122) ~[client-1.21.1-20240808.144430-srg.jar%23310!/:?]
	at TRANSFORMER/minecraft@1.21.1/net.minecraft.util.thread.BlockableEventLoop.runAllTasks(BlockableEventLoop.java:111) ~[client-1.21.1-20240808.144430-srg.jar%23310!/:?]
	at TRANSFORMER/minecraft@1.21.1/net.minecraft.client.Minecraft.runTick(Minecraft.java:1155) ~[client-1.21.1-20240808.144430-srg.jar%23310!/:?]
	at TRANSFORMER/minecraft@1.21.1/net.minecraft.client.Minecraft.run(Minecraft.java:807) ~[client-1.21.1-20240808.144430-srg.jar%23310!/:?]
	at TRANSFORMER/minecraft@1.21.1/net.minecraft.client.main.Main.main(Main.java:230) ~[client-1.21.1-20240808.144430-srg.jar%23310!/:?]
	at java.base/jdk.internal.reflect.DirectMethodHandleAccessor.invoke(DirectMethodHandleAccessor.java:103) ~[?:?]
	at java.base/java.lang.reflect.Method.invoke(Method.java:580) ~[?:?]
	at MC-BOOTSTRAP/fml_loader@4.0.43/net.neoforged.fml.loading.targets.CommonLaunchHandler.runTarget(CommonLaunchHandler.java:136) ~[loader-4.0.43.jar%23149!/:4.0]
	at MC-BOOTSTRAP/fml_loader@4.0.43/net.neoforged.fml.loading.targets.CommonLaunchHandler.clientService(CommonLaunchHandler.java:124) ~[loader-4.0.43.jar%23149!/:4.0]
	at MC-BOOTSTRAP/fml_loader@4.0.43/net.neoforged.fml.loading.targets.CommonClientLaunchHandler.runService(CommonClientLaunchHandler.java:32) ~[loader-4.0.43.jar%23149!/:4.0]
	at MC-BOOTSTRAP/fml_loader@4.0.43/net.neoforged.fml.loading.targets.CommonLaunchHandler.lambda$launchService$4(CommonLaunchHandler.java:118) ~[loader-4.0.43.jar%23149!/:4.0]
	at MC-BOOTSTRAP/cpw.mods.modlauncher@11.0.5/cpw.mods.modlauncher.LaunchServiceHandlerDecorator.launch(LaunchServiceHandlerDecorator.java:30) [modlauncher-11.0.5.jar%23154!/:?]
	at MC-BOOTSTRAP/cpw.mods.modlauncher@11.0.5/cpw.mods.modlauncher.LaunchServiceHandler.launch(LaunchServiceHandler.java:53) [modlauncher-11.0.5.jar%23154!/:?]
	at MC-BOOTSTRAP/cpw.mods.modlauncher@11.0.5/cpw.mods.modlauncher.LaunchServiceHandler.launch(LaunchServiceHandler.java:71) [modlauncher-11.0.5.jar%23154!/:?]
	at MC-BOOTSTRAP/cpw.mods.modlauncher@11.0.5/cpw.mods.modlauncher.Launcher.run(Launcher.java:103) [modlauncher-11.0.5.jar%23154!/:?]
	at MC-BOOTSTRAP/cpw.mods.modlauncher@11.0.5/cpw.mods.modlauncher.Launcher.main(Launcher.java:74) [modlauncher-11.0.5.jar%23154!/:?]
	at MC-BOOTSTRAP/cpw.mods.modlauncher@11.0.5/cpw.mods.modlauncher.BootstrapLaunchConsumer.accept(BootstrapLaunchConsumer.java:26) [modlauncher-11.0.5.jar%23154!/:?]
	at MC-BOOTSTRAP/cpw.mods.modlauncher@11.0.5/cpw.mods.modlauncher.BootstrapLaunchConsumer.accept(BootstrapLaunchConsumer.java:23) [modlauncher-11.0.5.jar%23154!/:?]
	at cpw.mods.bootstraplauncher@2.0.2/cpw.mods.bootstraplauncher.BootstrapLauncher.run(BootstrapLauncher.java:210) [bootstraplauncher-2.0.2.jar:?]
	at cpw.mods.bootstraplauncher@2.0.2/cpw.mods.bootstraplauncher.BootstrapLauncher.main(BootstrapLauncher.java:69) [bootstraplauncher-2.0.2.jar:?]
	at java.base/jdk.internal.reflect.DirectMethodHandleAccessor.invoke(DirectMethodHandleAccessor.java:103) ~[?:?]
	at java.base/java.lang.reflect.Method.invoke(Method.java:580) ~[?:?]
	at io.github.zekerzhayard.forgewrapper.installer.Main.main(Main.java:67) [ForgeWrapper-prism-2025-12-07.jar:prism-2025-12-07]
	at org.prismlauncher.launcher.impl.StandardLauncher.launch(StandardLauncher.java:115) [NewLaunch.jar:?]
	at org.prismlauncher.EntryPoint.listen(EntryPoint.java:129) [NewLaunch.jar:?]
	at org.prismlauncher.EntryPoint.main(EntryPoint.java:70) [NewLaunch.jar:?]
Caused by: com.google.gson.JsonSyntaxException: java.lang.IllegalStateException: Not a JSON Object: 1
	at MC-BOOTSTRAP/com.google.gson@2.10.1/com.google.gson.Gson.fromJson(Gson.java:1238) ~[gson-2.10.1.jar%23109!/:?]
	at MC-BOOTSTRAP/com.google.gson@2.10.1/com.google.gson.Gson.fromJson(Gson.java:1137) ~[gson-2.10.1.jar%23109!/:?]
	at MC-BOOTSTRAP/com.google.gson@2.10.1/com.google.gson.Gson.fromJson(Gson.java:1107) ~[gson-2.10.1.jar%23109!/:?]
	at TRANSFORMER/playeranimator@2.0.1+1.21.1/dev.kosmx.playerAnim.minecraftApi.codec.AbstractGsonCodec.decode(AbstractGsonCodec.java:25) ~[playeranimator-658587-6024462.jar%23658!/:?]
	... 34 more
Caused by: java.lang.IllegalStateException: Not a JSON Object: 1
	at MC-BOOTSTRAP/com.google.gson@2.10.1/com.google.gson.JsonElement.getAsJsonObject(JsonElement.java:101) ~[gson-2.10.1.jar%23109!/:?]
	at TRANSFORMER/playeranimator@2.0.1+1.21.1/dev.kosmx.playerAnim.core.data.gson.GeckoLibSerializer.readBone(GeckoLibSerializer.java:193) ~[playeranimator-658587-6024462.jar%23658!/:?]
	at TRANSFORMER/playeranimator@2.0.1+1.21.1/dev.kosmx.playerAnim.core.data.gson.GeckoLibSerializer.keyframeSerializer(GeckoLibSerializer.java:104) ~[playeranimator-658587-6024462.jar%23658!/:?]
	at TRANSFORMER/playeranimator@2.0.1+1.21.1/dev.kosmx.playerAnim.core.data.gson.GeckoLibSerializer.lambda$readAnimations$0(GeckoLibSerializer.java:84) ~[playeranimator-658587-6024462.jar%23658!/:?]
	at java.base/java.lang.Iterable.forEach(Iterable.java:75) ~[?:?]
	at TRANSFORMER/playeranimator@2.0.1+1.21.1/dev.kosmx.playerAnim.core.data.gson.GeckoLibSerializer.readAnimations(GeckoLibSerializer.java:65) ~[playeranimator-658587-6024462.jar%23658!/:?]
	at TRANSFORMER/playeranimator@2.0.1+1.21.1/dev.kosmx.playerAnim.core.data.gson.GeckoLibSerializer.deserialize(GeckoLibSerializer.java:57) ~[playeranimator-658587-6024462.jar%23658!/:?]
	at TRANSFORMER/playeranimator@2.0.1+1.21.1/dev.kosmx.playerAnim.core.data.gson.GeckoLibSerializer.deserialize(GeckoLibSerializer.java:52) ~[playeranimator-658587-6024462.jar%23658!/:?]
	at TRANSFORMER/playeranimator@2.0.1+1.21.1/dev.kosmx.playerAnim.core.data.gson.GeckoLibSerializer.deserialize(GeckoLibSerializer.java:23) ~[playeranimator-658587-6024462.jar%23658!/:?]
	at MC-BOOTSTRAP/com.google.gson@2.10.1/com.google.gson.internal.bind.TreeTypeAdapter.read(TreeTypeAdapter.java:76) ~[gson-2.10.1.jar%23109!/:?]
	at MC-BOOTSTRAP/com.google.gson@2.10.1/com.google.gson.Gson.fromJson(Gson.java:1227) ~[gson-2.10.1.jar%23109!/:?]
	at MC-BOOTSTRAP/com.google.gson@2.10.1/com.google.gson.Gson.fromJson(Gson.java:1137) ~[gson-2.10.1.jar%23109!/:?]
	at MC-BOOTSTRAP/com.google.gson@2.10.1/com.google.gson.Gson.fromJson(Gson.java:1107) ~[gson-2.10.1.jar%23109!/:?]
	at TRANSFORMER/playeranimator@2.0.1+1.21.1/dev.kosmx.playerAnim.minecraftApi.codec.AbstractGsonCodec.decode(AbstractGsonCodec.java:25) ~[playeranimator-658587-6024462.jar%23658!/:?]
	... 34 more
[26Jul2026 11:05:04.588] [Render thread/INFO] [dev.kosmx.playerAnim.minecraftApi.codec.AnimationCodecs/]: Failed to apply emotecraft
java.io.IOException: com.google.gson.JsonSyntaxException: java.lang.IllegalStateException: Not a JSON Object: 1
	at TRANSFORMER/playeranimator@2.0.1+1.21.1/dev.kosmx.playerAnim.minecraftApi.codec.AbstractGsonCodec.decode(AbstractGsonCodec.java:27) ~[playeranimator-658587-6024462.jar%23658!/:?]
	at TRANSFORMER/playeranimator@2.0.1+1.21.1/dev.kosmx.playerAnim.minecraftApi.codec.AnimationCodecs.deserialize(AnimationCodecs.java:76) ~[playeranimator-658587-6024462.jar%23658!/:?]
	at TRANSFORMER/playeranimator@2.0.1+1.21.1/dev.kosmx.playerAnim.minecraftApi.PlayerAnimationRegistry.resourceLoaderCallback(PlayerAnimationRegistry.java:108) ~[playeranimator-658587-6024462.jar%23658!/:?]
	at TRANSFORMER/minecraft@1.21.1/net.minecraft.server.packs.resources.ResourceManagerReloadListener.lambda$reload$0(ResourceManagerReloadListener.java:15) ~[client-1.21.1-20240808.144430-srg.jar%23310!/:?]
	at java.base/java.util.concurrent.CompletableFuture$UniRun.tryFire(CompletableFuture.java:787) ~[?:?]
	at java.base/java.util.concurrent.CompletableFuture$Completion.run(CompletableFuture.java:482) ~[?:?]
	at TRANSFORMER/minecraft@1.21.1/net.minecraft.server.packs.resources.SimpleReloadInstance.lambda$new$3(SimpleReloadInstance.java:69) ~[client-1.21.1-20240808.144430-srg.jar%23310!/:?]
	at TRANSFORMER/minecraft@1.21.1/net.minecraft.util.thread.BlockableEventLoop.doRunTask(BlockableEventLoop.java:148) ~[client-1.21.1-20240808.144430-srg.jar%23310!/:?]
	at TRANSFORMER/minecraft@1.21.1/net.minecraft.util.thread.ReentrantBlockableEventLoop.doRunTask(ReentrantBlockableEventLoop.java:23) ~[client-1.21.1-20240808.144430-srg.jar%23310!/:?]
	at TRANSFORMER/minecraft@1.21.1/net.minecraft.util.thread.BlockableEventLoop.pollTask(BlockableEventLoop.java:122) ~[client-1.21.1-20240808.144430-srg.jar%23310!/:?]
	at TRANSFORMER/minecraft@1.21.1/net.minecraft.util.thread.BlockableEventLoop.runAllTasks(BlockableEventLoop.java:111) ~[client-1.21.1-20240808.144430-srg.jar%23310!/:?]
	at TRANSFORMER/minecraft@1.21.1/net.minecraft.client.Minecraft.runTick(Minecraft.java:1155) ~[client-1.21.1-20240808.144430-srg.jar%23310!/:?]
	at TRANSFORMER/minecraft@1.21.1/net.minecraft.client.Minecraft.run(Minecraft.java:807) ~[client-1.21.1-20240808.144430-srg.jar%23310!/:?]
	at TRANSFORMER/minecraft@1.21.1/net.minecraft.client.main.Main.main(Main.java:230) ~[client-1.21.1-20240808.144430-srg.jar%23310!/:?]
	at java.base/jdk.internal.reflect.DirectMethodHandleAccessor.invoke(DirectMethodHandleAccessor.java:103) ~[?:?]
	at java.base/java.lang.reflect.Method.invoke(Method.java:580) ~[?:?]
	at MC-BOOTSTRAP/fml_loader@4.0.43/net.neoforged.fml.loading.targets.CommonLaunchHandler.runTarget(CommonLaunchHandler.java:136) ~[loader-4.0.43.jar%23149!/:4.0]
	at MC-BOOTSTRAP/fml_loader@4.0.43/net.neoforged.fml.loading.targets.CommonLaunchHandler.clientService(CommonLaunchHandler.java:124) ~[loader-4.0.43.jar%23149!/:4.0]
	at MC-BOOTSTRAP/fml_loader@4.0.43/net.neoforged.fml.loading.targets.CommonClientLaunchHandler.runService(CommonClientLaunchHandler.java:32) ~[loader-4.0.43.jar%23149!/:4.0]
	at MC-BOOTSTRAP/fml_loader@4.0.43/net.neoforged.fml.loading.targets.CommonLaunchHandler.lambda$launchService$4(CommonLaunchHandler.java:118) ~[loader-4.0.43.jar%23149!/:4.0]
	at MC-BOOTSTRAP/cpw.mods.modlauncher@11.0.5/cpw.mods.modlauncher.LaunchServiceHandlerDecorator.launch(LaunchServiceHandlerDecorator.java:30) [modlauncher-11.0.5.jar%23154!/:?]
	at MC-BOOTSTRAP/cpw.mods.modlauncher@11.0.5/cpw.mods.modlauncher.LaunchServiceHandler.launch(LaunchServiceHandler.java:53) [modlauncher-11.0.5.jar%23154!/:?]
	at MC-BOOTSTRAP/cpw.mods.modlauncher@11.0.5/cpw.mods.modlauncher.LaunchServiceHandler.launch(LaunchServiceHandler.java:71) [modlauncher-11.0.5.jar%23154!/:?]
	at MC-BOOTSTRAP/cpw.mods.modlauncher@11.0.5/cpw.mods.modlauncher.Launcher.run(Launcher.java:103) [modlauncher-11.0.5.jar%23154!/:?]
	at MC-BOOTSTRAP/cpw.mods.modlauncher@11.0.5/cpw.mods.modlauncher.Launcher.main(Launcher.java:74) [modlauncher-11.0.5.jar%23154!/:?]
	at MC-BOOTSTRAP/cpw.mods.modlauncher@11.0.5/cpw.mods.modlauncher.BootstrapLaunchConsumer.accept(BootstrapLaunchConsumer.java:26) [modlauncher-11.0.5.jar%23154!/:?]
	at MC-BOOTSTRAP/cpw.mods.modlauncher@11.0.5/cpw.mods.modlauncher.BootstrapLaunchConsumer.accept(BootstrapLaunchConsumer.java:23) [modlauncher-11.0.5.jar%23154!/:?]
	at cpw.mods.bootstraplauncher@2.0.2/cpw.mods.bootstraplauncher.BootstrapLauncher.run(BootstrapLauncher.java:210) [bootstraplauncher-2.0.2.jar:?]
	at cpw.mods.bootstraplauncher@2.0.2/cpw.mods.bootstraplauncher.BootstrapLauncher.main(BootstrapLauncher.java:69) [bootstraplauncher-2.0.2.jar:?]
	at java.base/jdk.internal.reflect.DirectMethodHandleAccessor.invoke(DirectMethodHandleAccessor.java:103) ~[?:?]
	at java.base/java.lang.reflect.Method.invoke(Method.java:580) ~[?:?]
	at io.github.zekerzhayard.forgewrapper.installer.Main.main(Main.java:67) [ForgeWrapper-prism-2025-12-07.jar:prism-2025-12-07]
	at org.prismlauncher.launcher.impl.StandardLauncher.launch(StandardLauncher.java:115) [NewLaunch.jar:?]
	at org.prismlauncher.EntryPoint.listen(EntryPoint.java:129) [NewLaunch.jar:?]
	at org.prismlauncher.EntryPoint.main(EntryPoint.java:70) [NewLaunch.jar:?]
Caused by: com.google.gson.JsonSyntaxException: java.lang.IllegalStateException: Not a JSON Object: 1
	at MC-BOOTSTRAP/com.google.gson@2.10.1/com.google.gson.Gson.fromJson(Gson.java:1238) ~[gson-2.10.1.jar%23109!/:?]
	at MC-BOOTSTRAP/com.google.gson@2.10.1/com.google.gson.Gson.fromJson(Gson.java:1137) ~[gson-2.10.1.jar%23109!/:?]
	at MC-BOOTSTRAP/com.google.gson@2.10.1/com.google.gson.Gson.fromJson(Gson.java:1107) ~[gson-2.10.1.jar%23109!/:?]
	at TRANSFORMER/playeranimator@2.0.1+1.21.1/dev.kosmx.playerAnim.minecraftApi.codec.AbstractGsonCodec.decode(AbstractGsonCodec.java:25) ~[playeranimator-658587-6024462.jar%23658!/:?]
	... 34 more
Caused by: java.lang.IllegalStateException: Not a JSON Object: 1
	at MC-BOOTSTRAP/com.google.gson@2.10.1/com.google.gson.JsonElement.getAsJsonObject(JsonElement.java:101) ~[gson-2.10.1.jar%23109!/:?]
	at TRANSFORMER/playeranimator@2.0.1+1.21.1/dev.kosmx.playerAnim.core.data.gson.GeckoLibSerializer.readBone(GeckoLibSerializer.java:193) ~[playeranimator-658587-6024462.jar%23658!/:?]
	at TRANSFORMER/playeranimator@2.0.1+1.21.1/dev.kosmx.playerAnim.core.data.gson.GeckoLibSerializer.keyframeSerializer(GeckoLibSerializer.java:104) ~[playeranimator-658587-6024462.jar%23658!/:?]
	at TRANSFORMER/playeranimator@2.0.1+1.21.1/dev.kosmx.playerAnim.core.data.gson.GeckoLibSerializer.lambda$readAnimations$0(GeckoLibSerializer.java:84) ~[playeranimator-658587-6024462.jar%23658!/:?]
	at java.base/java.lang.Iterable.forEach(Iterable.java:75) ~[?:?]
	at TRANSFORMER/playeranimator@2.0.1+1.21.1/dev.kosmx.playerAnim.core.data.gson.GeckoLibSerializer.readAnimations(GeckoLibSerializer.java:65) ~[playeranimator-658587-6024462.jar%23658!/:?]
	at TRANSFORMER/playeranimator@2.0.1+1.21.1/dev.kosmx.playerAnim.core.data.gson.GeckoLibSerializer.deserialize(GeckoLibSerializer.java:57) ~[playeranimator-658587-6024462.jar%23658!/:?]
	at TRANSFORMER/playeranimator@2.0.1+1.21.1/dev.kosmx.playerAnim.core.data.gson.AnimationJson.deserialize(AnimationJson.java:53) ~[playeranimator-658587-6024462.jar%23658!/:?]
	at TRANSFORMER/playeranimator@2.0.1+1.21.1/dev.kosmx.playerAnim.core.data.gson.AnimationJson.deserialize(AnimationJson.java:16) ~[playeranimator-658587-6024462.jar%23658!/:?]
	at MC-BOOTSTRAP/com.google.gson@2.10.1/com.google.gson.internal.bind.TreeTypeAdapter.read(TreeTypeAdapter.java:76) ~[gson-2.10.1.jar%23109!/:?]
	at MC-BOOTSTRAP/com.google.gson@2.10.1/com.google.gson.Gson.fromJson(Gson.java:1227) ~[gson-2.10.1.jar%23109!/:?]
	at MC-BOOTSTRAP/com.google.gson@2.10.1/com.google.gson.Gson.fromJson(Gson.java:1137) ~[gson-2.10.1.jar%23109!/:?]
	at MC-BOOTSTRAP/com.google.gson@2.10.1/com.google.gson.Gson.fromJson(Gson.java:1107) ~[gson-2.10.1.jar%23109!/:?]
	at TRANSFORMER/playeranimator@2.0.1+1.21.1/dev.kosmx.playerAnim.minecraftApi.codec.AbstractGsonCodec.decode(AbstractGsonCodec.java:25) ~[playeranimator-658587-6024462.jar%23658!/:?]
	... 34 more
[26Jul2026 11:05:04.589] [Render thread/INFO] [dev.kosmx.playerAnim.minecraftApi.codec.AnimationCodecs/]: Failed to apply gecko_legacy
java.io.IOException: com.google.gson.JsonSyntaxException: java.lang.IllegalStateException: Not a JSON Object: 1
	at TRANSFORMER/playeranimator@2.0.1+1.21.1/dev.kosmx.playerAnim.minecraftApi.codec.AbstractGsonCodec.decode(AbstractGsonCodec.java:27) ~[playeranimator-658587-6024462.jar%23658!/:?]
	at TRANSFORMER/playeranimator@2.0.1+1.21.1/dev.kosmx.playerAnim.minecraftApi.codec.AnimationCodecs.deserialize(AnimationCodecs.java:76) ~[playeranimator-658587-6024462.jar%23658!/:?]
	at TRANSFORMER/playeranimator@2.0.1+1.21.1/dev.kosmx.playerAnim.minecraftApi.PlayerAnimationRegistry.resourceLoaderCallback(PlayerAnimationRegistry.java:108) ~[playeranimator-658587-6024462.jar%23658!/:?]
	at TRANSFORMER/minecraft@1.21.1/net.minecraft.server.packs.resources.ResourceManagerReloadListener.lambda$reload$0(ResourceManagerReloadListener.java:15) ~[client-1.21.1-20240808.144430-srg.jar%23310!/:?]
	at java.base/java.util.concurrent.CompletableFuture$UniRun.tryFire(CompletableFuture.java:787) ~[?:?]
	at java.base/java.util.concurrent.CompletableFuture$Completion.run(CompletableFuture.java:482) ~[?:?]
	at TRANSFORMER/minecraft@1.21.1/net.minecraft.server.packs.resources.SimpleReloadInstance.lambda$new$3(SimpleReloadInstance.java:69) ~[client-1.21.1-20240808.144430-srg.jar%23310!/:?]
	at TRANSFORMER/minecraft@1.21.1/net.minecraft.util.thread.BlockableEventLoop.doRunTask(BlockableEventLoop.java:148) ~[client-1.21.1-20240808.144430-srg.jar%23310!/:?]
	at TRANSFORMER/minecraft@1.21.1/net.minecraft.util.thread.ReentrantBlockableEventLoop.doRunTask(ReentrantBlockableEventLoop.java:23) ~[client-1.21.1-20240808.144430-srg.jar%23310!/:?]
	at TRANSFORMER/minecraft@1.21.1/net.minecraft.util.thread.BlockableEventLoop.pollTask(BlockableEventLoop.java:122) ~[client-1.21.1-20240808.144430-srg.jar%23310!/:?]
	at TRANSFORMER/minecraft@1.21.1/net.minecraft.util.thread.BlockableEventLoop.runAllTasks(BlockableEventLoop.java:111) ~[client-1.21.1-20240808.144430-srg.jar%23310!/:?]
	at TRANSFORMER/minecraft@1.21.1/net.minecraft.client.Minecraft.runTick(Minecraft.java:1155) ~[client-1.21.1-20240808.144430-srg.jar%23310!/:?]
	at TRANSFORMER/minecraft@1.21.1/net.minecraft.client.Minecraft.run(Minecraft.java:807) ~[client-1.21.1-20240808.144430-srg.jar%23310!/:?]
	at TRANSFORMER/minecraft@1.21.1/net.minecraft.client.main.Main.main(Main.java:230) ~[client-1.21.1-20240808.144430-srg.jar%23310!/:?]
	at java.base/jdk.internal.reflect.DirectMethodHandleAccessor.invoke(DirectMethodHandleAccessor.java:103) ~[?:?]
	at java.base/java.lang.reflect.Method.invoke(Method.java:580) ~[?:?]
	at MC-BOOTSTRAP/fml_loader@4.0.43/net.neoforged.fml.loading.targets.CommonLaunchHandler.runTarget(CommonLaunchHandler.java:136) ~[loader-4.0.43.jar%23149!/:4.0]
	at MC-BOOTSTRAP/fml_loader@4.0.43/net.neoforged.fml.loading.targets.CommonLaunchHandler.clientService(CommonLaunchHandler.java:124) ~[loader-4.0.43.jar%23149!/:4.0]
	at MC-BOOTSTRAP/fml_loader@4.0.43/net.neoforged.fml.loading.targets.CommonClientLaunchHandler.runService(CommonClientLaunchHandler.java:32) ~[loader-4.0.43.jar%23149!/:4.0]
	at MC-BOOTSTRAP/fml_loader@4.0.43/net.neoforged.fml.loading.targets.CommonLaunchHandler.lambda$launchService$4(CommonLaunchHandler.java:118) ~[loader-4.0.43.jar%23149!/:4.0]
	at MC-BOOTSTRAP/cpw.mods.modlauncher@11.0.5/cpw.mods.modlauncher.LaunchServiceHandlerDecorator.launch(LaunchServiceHandlerDecorator.java:30) [modlauncher-11.0.5.jar%23154!/:?]
	at MC-BOOTSTRAP/cpw.mods.modlauncher@11.0.5/cpw.mods.modlauncher.LaunchServiceHandler.launch(LaunchServiceHandler.java:53) [modlauncher-11.0.5.jar%23154!/:?]
	at MC-BOOTSTRAP/cpw.mods.modlauncher@11.0.5/cpw.mods.modlauncher.LaunchServiceHandler.launch(LaunchServiceHandler.java:71) [modlauncher-11.0.5.jar%23154!/:?]
	at MC-BOOTSTRAP/cpw.mods.modlauncher@11.0.5/cpw.mods.modlauncher.Launcher.run(Launcher.java:103) [modlauncher-11.0.5.jar%23154!/:?]
	at MC-BOOTSTRAP/cpw.mods.modlauncher@11.0.5/cpw.mods.modlauncher.Launcher.main(Launcher.java:74) [modlauncher-11.0.5.jar%23154!/:?]
	at MC-BOOTSTRAP/cpw.mods.modlauncher@11.0.5/cpw.mods.modlauncher.BootstrapLaunchConsumer.accept(BootstrapLaunchConsumer.java:26) [modlauncher-11.0.5.jar%23154!/:?]
	at MC-BOOTSTRAP/cpw.mods.modlauncher@11.0.5/cpw.mods.modlauncher.BootstrapLaunchConsumer.accept(BootstrapLaunchConsumer.java:23) [modlauncher-11.0.5.jar%23154!/:?]
	at cpw.mods.bootstraplauncher@2.0.2/cpw.mods.bootstraplauncher.BootstrapLauncher.run(BootstrapLauncher.java:210) [bootstraplauncher-2.0.2.jar:?]
	at cpw.mods.bootstraplauncher@2.0.2/cpw.mods.bootstraplauncher.BootstrapLauncher.main(BootstrapLauncher.java:69) [bootstraplauncher-2.0.2.jar:?]
	at java.base/jdk.internal.reflect.DirectMethodHandleAccessor.invoke(DirectMethodHandleAccessor.java:103) ~[?:?]
	at java.base/java.lang.reflect.Method.invoke(Method.java:580) ~[?:?]
	at io.github.zekerzhayard.forgewrapper.installer.Main.main(Main.java:67) [ForgeWrapper-prism-2025-12-07.jar:prism-2025-12-07]
	at org.prismlauncher.launcher.impl.StandardLauncher.launch(StandardLauncher.java:115) [NewLaunch.jar:?]
	at org.prismlauncher.EntryPoint.listen(EntryPoint.java:129) [NewLaunch.jar:?]
	at org.prismlauncher.EntryPoint.main(EntryPoint.java:70) [NewLaunch.jar:?]
Caused by: com.google.gson.JsonSyntaxException: java.lang.IllegalStateException: Not a JSON Object: 1
	at MC-BOOTSTRAP/com.google.gson@2.10.1/com.google.gson.Gson.fromJson(Gson.java:1238) ~[gson-2.10.1.jar%23109!/:?]
	at MC-BOOTSTRAP/com.google.gson@2.10.1/com.google.gson.Gson.fromJson(Gson.java:1137) ~[gson-2.10.1.jar%23109!/:?]
	at MC-BOOTSTRAP/com.google.gson@2.10.1/com.google.gson.Gson.fromJson(Gson.java:1107) ~[gson-2.10.1.jar%23109!/:?]
	at TRANSFORMER/playeranimator@2.0.1+1.21.1/dev.kosmx.playerAnim.minecraftApi.codec.AbstractGsonCodec.decode(AbstractGsonCodec.java:25) ~[playeranimator-658587-6024462.jar%23658!/:?]
	... 34 more
Caused by: java.lang.IllegalStateException: Not a JSON Object: 1
	at MC-BOOTSTRAP/com.google.gson@2.10.1/com.google.gson.JsonElement.getAsJsonObject(JsonElement.java:101) ~[gson-2.10.1.jar%23109!/:?]
	at TRANSFORMER/playeranimator@2.0.1+1.21.1/dev.kosmx.playerAnim.core.data.gson.GeckoLibSerializer.readBone(GeckoLibSerializer.java:193) ~[playeranimator-658587-6024462.jar%23658!/:?]
	at TRANSFORMER/playeranimator@2.0.1+1.21.1/dev.kosmx.playerAnim.core.data.gson.GeckoLibSerializer.keyframeSerializer(GeckoLibSerializer.java:104) ~[playeranimator-658587-6024462.jar%23658!/:?]
	at TRANSFORMER/playeranimator@2.0.1+1.21.1/dev.kosmx.playerAnim.core.data.gson.GeckoLibSerializer.lambda$readAnimations$0(GeckoLibSerializer.java:84) ~[playeranimator-658587-6024462.jar%23658!/:?]
	at java.base/java.lang.Iterable.forEach(Iterable.java:75) ~[?:?]
	at TRANSFORMER/playeranimator@2.0.1+1.21.1/dev.kosmx.playerAnim.core.data.gson.GeckoLibSerializer.readAnimations(GeckoLibSerializer.java:65) ~[playeranimator-658587-6024462.jar%23658!/:?]
	at TRANSFORMER/playeranimator@2.0.1+1.21.1/dev.kosmx.playerAnim.core.data.gson.GeckoLibSerializer.deserialize(GeckoLibSerializer.java:57) ~[playeranimator-658587-6024462.jar%23658!/:?]
	at TRANSFORMER/playeranimator@2.0.1+1.21.1/dev.kosmx.playerAnim.core.data.gson.GeckoLibSerializer.deserialize(GeckoLibSerializer.java:52) ~[playeranimator-658587-6024462.jar%23658!/:?]
	at TRANSFORMER/playeranimator@2.0.1+1.21.1/dev.kosmx.playerAnim.core.data.gson.GeckoLibSerializer.deserialize(GeckoLibSerializer.java:23) ~[playeranimator-658587-6024462.jar%23658!/:?]
	at MC-BOOTSTRAP/com.google.gson@2.10.1/com.google.gson.internal.bind.TreeTypeAdapter.read(TreeTypeAdapter.java:76) ~[gson-2.10.1.jar%23109!/:?]
	at MC-BOOTSTRAP/com.google.gson@2.10.1/com.google.gson.Gson.fromJson(Gson.java:1227) ~[gson-2.10.1.jar%23109!/:?]
	at MC-BOOTSTRAP/com.google.gson@2.10.1/com.google.gson.Gson.fromJson(Gson.java:1137) ~[gson-2.10.1.jar%23109!/:?]
	at MC-BOOTSTRAP/com.google.gson@2.10.1/com.google.gson.Gson.fromJson(Gson.java:1107) ~[gson-2.10.1.jar%23109!/:?]
	at TRANSFORMER/playeranimator@2.0.1+1.21.1/dev.kosmx.playerAnim.minecraftApi.codec.AbstractGsonCodec.decode(AbstractGsonCodec.java:25) ~[playeranimator-658587-6024462.jar%23658!/:?]
	... 34 more
[26Jul2026 11:05:04.600] [Render thread/INFO] [dev.kosmx.playerAnim.minecraftApi.codec.AnimationCodecs/]: Failed to apply emotecraft
java.io.IOException: com.google.gson.JsonParseException: Could not recognise GeckoLib animation: lay_down
	at TRANSFORMER/playeranimator@2.0.1+1.21.1/dev.kosmx.playerAnim.minecraftApi.codec.AbstractGsonCodec.decode(AbstractGsonCodec.java:27) ~[playeranimator-658587-6024462.jar%23658!/:?]
	at TRANSFORMER/playeranimator@2.0.1+1.21.1/dev.kosmx.playerAnim.minecraftApi.codec.AnimationCodecs.deserialize(AnimationCodecs.java:76) ~[playeranimator-658587-6024462.jar%23658!/:?]
	at TRANSFORMER/playeranimator@2.0.1+1.21.1/dev.kosmx.playerAnim.minecraftApi.PlayerAnimationRegistry.resourceLoaderCallback(PlayerAnimationRegistry.java:108) ~[playeranimator-658587-6024462.jar%23658!/:?]
	at TRANSFORMER/minecraft@1.21.1/net.minecraft.server.packs.resources.ResourceManagerReloadListener.lambda$reload$0(ResourceManagerReloadListener.java:15) ~[client-1.21.1-20240808.144430-srg.jar%23310!/:?]
	at java.base/java.util.concurrent.CompletableFuture$UniRun.tryFire(CompletableFuture.java:787) ~[?:?]
	at java.base/java.util.concurrent.CompletableFuture$Completion.run(CompletableFuture.java:482) ~[?:?]
	at TRANSFORMER/minecraft@1.21.1/net.minecraft.server.packs.resources.SimpleReloadInstance.lambda$new$3(SimpleReloadInstance.java:69) ~[client-1.21.1-20240808.144430-srg.jar%23310!/:?]
	at TRANSFORMER/minecraft@1.21.1/net.minecraft.util.thread.BlockableEventLoop.doRunTask(BlockableEventLoop.java:148) ~[client-1.21.1-20240808.144430-srg.jar%23310!/:?]
	at TRANSFORMER/minecraft@1.21.1/net.minecraft.util.thread.ReentrantBlockableEventLoop.doRunTask(ReentrantBlockableEventLoop.java:23) ~[client-1.21.1-20240808.144430-srg.jar%23310!/:?]
	at TRANSFORMER/minecraft@1.21.1/net.minecraft.util.thread.BlockableEventLoop.pollTask(BlockableEventLoop.java:122) ~[client-1.21.1-20240808.144430-srg.jar%23310!/:?]
	at TRANSFORMER/minecraft@1.21.1/net.minecraft.util.thread.BlockableEventLoop.runAllTasks(BlockableEventLoop.java:111) ~[client-1.21.1-20240808.144430-srg.jar%23310!/:?]
	at TRANSFORMER/minecraft@1.21.1/net.minecraft.client.Minecraft.runTick(Minecraft.java:1155) ~[client-1.21.1-20240808.144430-srg.jar%23310!/:?]
	at TRANSFORMER/minecraft@1.21.1/net.minecraft.client.Minecraft.run(Minecraft.java:807) ~[client-1.21.1-20240808.144430-srg.jar%23310!/:?]
	at TRANSFORMER/minecraft@1.21.1/net.minecraft.client.main.Main.main(Main.java:230) ~[client-1.21.1-20240808.144430-srg.jar%23310!/:?]
	at java.base/jdk.internal.reflect.DirectMethodHandleAccessor.invoke(DirectMethodHandleAccessor.java:103) ~[?:?]
	at java.base/java.lang.reflect.Method.invoke(Method.java:580) ~[?:?]
	at MC-BOOTSTRAP/fml_loader@4.0.43/net.neoforged.fml.loading.targets.CommonLaunchHandler.runTarget(CommonLaunchHandler.java:136) ~[loader-4.0.43.jar%23149!/:4.0]
	at MC-BOOTSTRAP/fml_loader@4.0.43/net.neoforged.fml.loading.targets.CommonLaunchHandler.clientService(CommonLaunchHandler.java:124) ~[loader-4.0.43.jar%23149!/:4.0]
	at MC-BOOTSTRAP/fml_loader@4.0.43/net.neoforged.fml.loading.targets.CommonClientLaunchHandler.runService(CommonClientLaunchHandler.java:32) ~[loader-4.0.43.jar%23149!/:4.0]
	at MC-BOOTSTRAP/fml_loader@4.0.43/net.neoforged.fml.loading.targets.CommonLaunchHandler.lambda$launchService$4(CommonLaunchHandler.java:118) ~[loader-4.0.43.jar%23149!/:4.0]
	at MC-BOOTSTRAP/cpw.mods.modlauncher@11.0.5/cpw.mods.modlauncher.LaunchServiceHandlerDecorator.launch(LaunchServiceHandlerDecorator.java:30) [modlauncher-11.0.5.jar%23154!/:?]
	at MC-BOOTSTRAP/cpw.mods.modlauncher@11.0.5/cpw.mods.modlauncher.LaunchServiceHandler.launch(LaunchServiceHandler.java:53) [modlauncher-11.0.5.jar%23154!/:?]
	at MC-BOOTSTRAP/cpw.mods.modlauncher@11.0.5/cpw.mods.modlauncher.LaunchServiceHandler.launch(LaunchServiceHandler.java:71) [modlauncher-11.0.5.jar%23154!/:?]
	at MC-BOOTSTRAP/cpw.mods.modlauncher@11.0.5/cpw.mods.modlauncher.Launcher.run(Launcher.java:103) [modlauncher-11.0.5.jar%23154!/:?]
	at MC-BOOTSTRAP/cpw.mods.modlauncher@11.0.5/cpw.mods.modlauncher.Launcher.main(Launcher.java:74) [modlauncher-11.0.5.jar%23154!/:?]
	at MC-BOOTSTRAP/cpw.mods.modlauncher@11.0.5/cpw.mods.modlauncher.BootstrapLaunchConsumer.accept(BootstrapLaunchConsumer.java:26) [modlauncher-11.0.5.jar%23154!/:?]
	at MC-BOOTSTRAP/cpw.mods.modlauncher@11.0.5/cpw.mods.modlauncher.BootstrapLaunchConsumer.accept(BootstrapLaunchConsumer.java:23) [modlauncher-11.0.5.jar%23154!/:?]
	at cpw.mods.bootstraplauncher@2.0.2/cpw.mods.bootstraplauncher.BootstrapLauncher.run(BootstrapLauncher.java:210) [bootstraplauncher-2.0.2.jar:?]
	at cpw.mods.bootstraplauncher@2.0.2/cpw.mods.bootstraplauncher.BootstrapLauncher.main(BootstrapLauncher.java:69) [bootstraplauncher-2.0.2.jar:?]
	at java.base/jdk.internal.reflect.DirectMethodHandleAccessor.invoke(DirectMethodHandleAccessor.java:103) ~[?:?]
	at java.base/java.lang.reflect.Method.invoke(Method.java:580) ~[?:?]
	at io.github.zekerzhayard.forgewrapper.installer.Main.main(Main.java:67) [ForgeWrapper-prism-2025-12-07.jar:prism-2025-12-07]
	at org.prismlauncher.launcher.impl.StandardLauncher.launch(StandardLauncher.java:115) [NewLaunch.jar:?]
	at org.prismlauncher.EntryPoint.listen(EntryPoint.java:129) [NewLaunch.jar:?]
	at org.prismlauncher.EntryPoint.main(EntryPoint.java:70) [NewLaunch.jar:?]
Caused by: com.google.gson.JsonParseException: Could not recognise GeckoLib animation: lay_down
	at TRANSFORMER/playeranimator@2.0.1+1.21.1/dev.kosmx.playerAnim.core.data.gson.GeckoLibSerializer.lambda$readAnimations$0(GeckoLibSerializer.java:93) ~[playeranimator-658587-6024462.jar%23658!/:?]
	at java.base/java.lang.Iterable.forEach(Iterable.java:75) ~[?:?]
	at TRANSFORMER/playeranimator@2.0.1+1.21.1/dev.kosmx.playerAnim.core.data.gson.GeckoLibSerializer.readAnimations(GeckoLibSerializer.java:65) ~[playeranimator-658587-6024462.jar%23658!/:?]
	at TRANSFORMER/playeranimator@2.0.1+1.21.1/dev.kosmx.playerAnim.core.data.gson.GeckoLibSerializer.deserialize(GeckoLibSerializer.java:57) ~[playeranimator-658587-6024462.jar%23658!/:?]
	at TRANSFORMER/playeranimator@2.0.1+1.21.1/dev.kosmx.playerAnim.core.data.gson.AnimationJson.deserialize(AnimationJson.java:53) ~[playeranimator-658587-6024462.jar%23658!/:?]
	at TRANSFORMER/playeranimator@2.0.1+1.21.1/dev.kosmx.playerAnim.core.data.gson.AnimationJson.deserialize(AnimationJson.java:16) ~[playeranimator-658587-6024462.jar%23658!/:?]
	at MC-BOOTSTRAP/com.google.gson@2.10.1/com.google.gson.internal.bind.TreeTypeAdapter.read(TreeTypeAdapter.java:76) ~[gson-2.10.1.jar%23109!/:?]
	at MC-BOOTSTRAP/com.google.gson@2.10.1/com.google.gson.Gson.fromJson(Gson.java:1227) ~[gson-2.10.1.jar%23109!/:?]
	at MC-BOOTSTRAP/com.google.gson@2.10.1/com.google.gson.Gson.fromJson(Gson.java:1137) ~[gson-2.10.1.jar%23109!/:?]
	at MC-BOOTSTRAP/com.google.gson@2.10.1/com.google.gson.Gson.fromJson(Gson.java:1107) ~[gson-2.10.1.jar%23109!/:?]
	at TRANSFORMER/playeranimator@2.0.1+1.21.1/dev.kosmx.playerAnim.minecraftApi.codec.AbstractGsonCodec.decode(AbstractGsonCodec.java:25) ~[playeranimator-658587-6024462.jar%23658!/:?]
	... 34 more
[26Jul2026 11:05:04.602] [Render thread/INFO] [dev.kosmx.playerAnim.minecraftApi.codec.AnimationCodecs/]: Failed to apply gecko_legacy
java.io.IOException: com.google.gson.JsonParseException: Could not recognise GeckoLib animation: lay_down
	at TRANSFORMER/playeranimator@2.0.1+1.21.1/dev.kosmx.playerAnim.minecraftApi.codec.AbstractGsonCodec.decode(AbstractGsonCodec.java:27) ~[playeranimator-658587-6024462.jar%23658!/:?]
	at TRANSFORMER/playeranimator@2.0.1+1.21.1/dev.kosmx.playerAnim.minecraftApi.codec.AnimationCodecs.deserialize(AnimationCodecs.java:76) ~[playeranimator-658587-6024462.jar%23658!/:?]
	at TRANSFORMER/playeranimator@2.0.1+1.21.1/dev.kosmx.playerAnim.minecraftApi.PlayerAnimationRegistry.resourceLoaderCallback(PlayerAnimationRegistry.java:108) ~[playeranimator-658587-6024462.jar%23658!/:?]
	at TRANSFORMER/minecraft@1.21.1/net.minecraft.server.packs.resources.ResourceManagerReloadListener.lambda$reload$0(ResourceManagerReloadListener.java:15) ~[client-1.21.1-20240808.144430-srg.jar%23310!/:?]
	at java.base/java.util.concurrent.CompletableFuture$UniRun.tryFire(CompletableFuture.java:787) ~[?:?]
	at java.base/java.util.concurrent.CompletableFuture$Completion.run(CompletableFuture.java:482) ~[?:?]
	at TRANSFORMER/minecraft@1.21.1/net.minecraft.server.packs.resources.SimpleReloadInstance.lambda$new$3(SimpleReloadInstance.java:69) ~[client-1.21.1-20240808.144430-srg.jar%23310!/:?]
	at TRANSFORMER/minecraft@1.21.1/net.minecraft.util.thread.BlockableEventLoop.doRunTask(BlockableEventLoop.java:148) ~[client-1.21.1-20240808.144430-srg.jar%23310!/:?]
	at TRANSFORMER/minecraft@1.21.1/net.minecraft.util.thread.ReentrantBlockableEventLoop.doRunTask(ReentrantBlockableEventLoop.java:23) ~[client-1.21.1-20240808.144430-srg.jar%23310!/:?]
	at TRANSFORMER/minecraft@1.21.1/net.minecraft.util.thread.BlockableEventLoop.pollTask(BlockableEventLoop.java:122) ~[client-1.21.1-20240808.144430-srg.jar%23310!/:?]
	at TRANSFORMER/minecraft@1.21.1/net.minecraft.util.thread.BlockableEventLoop.runAllTasks(BlockableEventLoop.java:111) ~[client-1.21.1-20240808.144430-srg.jar%23310!/:?]
	at TRANSFORMER/minecraft@1.21.1/net.minecraft.client.Minecraft.runTick(Minecraft.java:1155) ~[client-1.21.1-20240808.144430-srg.jar%23310!/:?]
	at TRANSFORMER/minecraft@1.21.1/net.minecraft.client.Minecraft.run(Minecraft.java:807) ~[client-1.21.1-20240808.144430-srg.jar%23310!/:?]
	at TRANSFORMER/minecraft@1.21.1/net.minecraft.client.main.Main.main(Main.java:230) ~[client-1.21.1-20240808.144430-srg.jar%23310!/:?]
	at java.base/jdk.internal.reflect.DirectMethodHandleAccessor.invoke(DirectMethodHandleAccessor.java:103) ~[?:?]
	at java.base/java.lang.reflect.Method.invoke(Method.java:580) ~[?:?]
	at MC-BOOTSTRAP/fml_loader@4.0.43/net.neoforged.fml.loading.targets.CommonLaunchHandler.runTarget(CommonLaunchHandler.java:136) ~[loader-4.0.43.jar%23149!/:4.0]
	at MC-BOOTSTRAP/fml_loader@4.0.43/net.neoforged.fml.loading.targets.CommonLaunchHandler.clientService(CommonLaunchHandler.java:124) ~[loader-4.0.43.jar%23149!/:4.0]
	at MC-BOOTSTRAP/fml_loader@4.0.43/net.neoforged.fml.loading.targets.CommonClientLaunchHandler.runService(CommonClientLaunchHandler.java:32) ~[loader-4.0.43.jar%23149!/:4.0]
	at MC-BOOTSTRAP/fml_loader@4.0.43/net.neoforged.fml.loading.targets.CommonLaunchHandler.lambda$launchService$4(CommonLaunchHandler.java:118) ~[loader-4.0.43.jar%23149!/:4.0]
	at MC-BOOTSTRAP/cpw.mods.modlauncher@11.0.5/cpw.mods.modlauncher.LaunchServiceHandlerDecorator.launch(LaunchServiceHandlerDecorator.java:30) [modlauncher-11.0.5.jar%23154!/:?]
	at MC-BOOTSTRAP/cpw.mods.modlauncher@11.0.5/cpw.mods.modlauncher.LaunchServiceHandler.launch(LaunchServiceHandler.java:53) [modlauncher-11.0.5.jar%23154!/:?]
	at MC-BOOTSTRAP/cpw.mods.modlauncher@11.0.5/cpw.mods.modlauncher.LaunchServiceHandler.launch(LaunchServiceHandler.java:71) [modlauncher-11.0.5.jar%23154!/:?]
	at MC-BOOTSTRAP/cpw.mods.modlauncher@11.0.5/cpw.mods.modlauncher.Launcher.run(Launcher.java:103) [modlauncher-11.0.5.jar%23154!/:?]
	at MC-BOOTSTRAP/cpw.mods.modlauncher@11.0.5/cpw.mods.modlauncher.Launcher.main(Launcher.java:74) [modlauncher-11.0.5.jar%23154!/:?]
	at MC-BOOTSTRAP/cpw.mods.modlauncher@11.0.5/cpw.mods.modlauncher.BootstrapLaunchConsumer.accept(BootstrapLaunchConsumer.java:26) [modlauncher-11.0.5.jar%23154!/:?]
	at MC-BOOTSTRAP/cpw.mods.modlauncher@11.0.5/cpw.mods.modlauncher.BootstrapLaunchConsumer.accept(BootstrapLaunchConsumer.java:23) [modlauncher-11.0.5.jar%23154!/:?]
	at cpw.mods.bootstraplauncher@2.0.2/cpw.mods.bootstraplauncher.BootstrapLauncher.run(BootstrapLauncher.java:210) [bootstraplauncher-2.0.2.jar:?]
	at cpw.mods.bootstraplauncher@2.0.2/cpw.mods.bootstraplauncher.BootstrapLauncher.main(BootstrapLauncher.java:69) [bootstraplauncher-2.0.2.jar:?]
	at java.base/jdk.internal.reflect.DirectMethodHandleAccessor.invoke(DirectMethodHandleAccessor.java:103) ~[?:?]
	at java.base/java.lang.reflect.Method.invoke(Method.java:580) ~[?:?]
	at io.github.zekerzhayard.forgewrapper.installer.Main.main(Main.java:67) [ForgeWrapper-prism-2025-12-07.jar:prism-2025-12-07]
	at org.prismlauncher.launcher.impl.StandardLauncher.launch(StandardLauncher.java:115) [NewLaunch.jar:?]
	at org.prismlauncher.EntryPoint.listen(EntryPoint.java:129) [NewLaunch.jar:?]
	at org.prismlauncher.EntryPoint.main(EntryPoint.java:70) [NewLaunch.jar:?]
Caused by: com.google.gson.JsonParseException: Could not recognise GeckoLib animation: lay_down
	at TRANSFORMER/playeranimator@2.0.1+1.21.1/dev.kosmx.playerAnim.core.data.gson.GeckoLibSerializer.lambda$readAnimations$0(GeckoLibSerializer.java:93) ~[playeranimator-658587-6024462.jar%23658!/:?]
	at java.base/java.lang.Iterable.forEach(Iterable.java:75) ~[?:?]
	at TRANSFORMER/playeranimator@2.0.1+1.21.1/dev.kosmx.playerAnim.core.data.gson.GeckoLibSerializer.readAnimations(GeckoLibSerializer.java:65) ~[playeranimator-658587-6024462.jar%23658!/:?]
	at TRANSFORMER/playeranimator@2.0.1+1.21.1/dev.kosmx.playerAnim.core.data.gson.GeckoLibSerializer.deserialize(GeckoLibSerializer.java:57) ~[playeranimator-658587-6024462.jar%23658!/:?]
	at TRANSFORMER/playeranimator@2.0.1+1.21.1/dev.kosmx.playerAnim.core.data.gson.GeckoLibSerializer.deserialize(GeckoLibSerializer.java:52) ~[playeranimator-658587-6024462.jar%23658!/:?]
	at TRANSFORMER/playeranimator@2.0.1+1.21.1/dev.kosmx.playerAnim.core.data.gson.GeckoLibSerializer.deserialize(GeckoLibSerializer.java:23) ~[playeranimator-658587-6024462.jar%23658!/:?]
	at MC-BOOTSTRAP/com.google.gson@2.10.1/com.google.gson.internal.bind.TreeTypeAdapter.read(TreeTypeAdapter.java:76) ~[gson-2.10.1.jar%23109!/:?]
	at MC-BOOTSTRAP/com.google.gson@2.10.1/com.google.gson.Gson.fromJson(Gson.java:1227) ~[gson-2.10.1.jar%23109!/:?]
	at MC-BOOTSTRAP/com.google.gson@2.10.1/com.google.gson.Gson.fromJson(Gson.java:1137) ~[gson-2.10.1.jar%23109!/:?]
	at MC-BOOTSTRAP/com.google.gson@2.10.1/com.google.gson.Gson.fromJson(Gson.java:1107) ~[gson-2.10.1.jar%23109!/:?]
	at TRANSFORMER/playeranimator@2.0.1+1.21.1/dev.kosmx.playerAnim.minecraftApi.codec.AbstractGsonCodec.decode(AbstractGsonCodec.java:25) ~[playeranimator-658587-6024462.jar%23658!/:?]
	... 34 more
[26Jul2026 11:05:04.608] [Render thread/WARN] [dev.kosmx.playerAnim.minecraftApi.PlayerAnimationRegistry/]: [WARNING FOR MOD DEVS] Animation player_animation/match.animation.json is in wrong directory: "player_animation", please place it in "player_animations".
[26Jul2026 11:05:04.609] [Render thread/INFO] [net.neoforged.neoforge.client.entity.animation.json.AnimationLoader/]: Loaded 0 entity animations
[26Jul2026 11:05:04.609] [Render thread/INFO] [Veil/]: Loaded 3 framebuffers
[26Jul2026 11:05:04.617] [Render thread/INFO] [Veil/]: Loaded 6 post pipelines
[26Jul2026 11:05:04.620] [Render thread/INFO] [Veil/]: Loaded 4 render types
[26Jul2026 11:05:04.620] [Render thread/INFO] [Veil/]: Enabled bloom pipeline
[26Jul2026 11:05:04.621] [Render thread/INFO] [Veil/]: Loaded 0 quasar particles
[26Jul2026 11:05:04.621] [Render thread/INFO] [Veil/]: Loaded 0 templates
[26Jul2026 11:05:04.621] [Render thread/INFO] [Veil/]: Loaded 0 modules
[26Jul2026 11:05:04.643] [Render thread/INFO] [flywheel/backend/shaders/]: Loaded 77 shader sources in 14.689 ms
[26Jul2026 11:05:04.664] [Render thread/INFO] [net.minecraft.client.renderer.texture.TextureAtlas/]: Created: 256x256x0 jei:textures/atlas/gui.png-atlas
[26Jul2026 11:05:04.723] [Render thread/INFO] [xaero.lib.XaeroLib/]: Successfully reloaded the XaeroLib shaders!
[26Jul2026 11:05:04.727] [Render thread/INFO] [com.simibubi.create.Create/]: Loaded 59 train hat configurations.
[26Jul2026 11:05:04.727] [Render thread/INFO] [com.teamabnormals.blueprint.core.Blueprint/]: Blueprint Splash Manager has loaded 0 splashes
[26Jul2026 11:05:04.744] [Render thread/INFO] [net.minecraft.server.LoggedPrintStream/]: [STDERR]: [CoopMod] cooptest_entity_white shader failed: Invalid shaders/core/cooptest_entity_white.json: File not found
[26Jul2026 11:05:04.744] [Render thread/INFO] [net.minecraft.server.LoggedPrintStream/]: [STDERR]: [CoopMod] cooptest_entity_black shader failed: Invalid shaders/core/cooptest_entity_black.json: File not found
[26Jul2026 11:05:04.761] [Render thread/INFO] [Entity Texture Features/]: [ETF]: reloading ETF data.
[26Jul2026 11:05:04.763] [Render thread/INFO] [Entity Texture Features/]: [ETF]: emissive suffixes loaded: [_e]
[26Jul2026 11:05:04.779] [Render thread/INFO] [snownee.kiwi.Kiwi/]: Canceling Microsoft telemetry
[26Jul2026 11:05:04.785] [Render thread/ERROR] [fzzy_config/]: Mod terralith uses outdated modproperties format. See https://github.com/fzzyhmstrs/fconfig/blob/master/wiki/config-design/Troubleshooting.mdx for proper 1.21.1+ syntax
[26Jul2026 11:05:04.807] [Render thread/INFO] [Iris/]: Creating pipeline for dimension minecraft:overworld
[26Jul2026 11:05:09.833] [Thread-14/INFO] [immersive_melodies.Common/]: MIDI Device: Real Time Sequencer - Software sequencer
[26Jul2026 11:05:11.674] [Render thread/INFO] [com.simibubi.create.Create/]: Created 249 recipes which will be injected into the game
[26Jul2026 11:05:11.678] [Render thread/INFO] [com.simibubi.create.Create/]: Created 24 tags which will be injected into the game
[26Jul2026 11:05:11.725] [Render thread/INFO] [KubeJS Server/]: Loaded script server_scripts:campfire.js in 0.002 s
[26Jul2026 11:05:11.727] [Render thread/INFO] [KubeJS Server/]: Loaded script server_scripts:flour.js in 0.002 s
[26Jul2026 11:05:11.728] [Render thread/INFO] [KubeJS Server/]: Loaded script server_scripts:unlit_stove.js in 0.001 s
[26Jul2026 11:05:11.738] [Render thread/INFO] [KubeJS Server/]: Loaded 3/3 KubeJS server scripts in 0.022 s with 0 errors and 0 warnings
[26Jul2026 11:05:11.740] [Render thread/WARN] [net.minecraft.server.packs.PathPackResources/]: Non [a-z0-9_.-] character in namespace .DS_Store in pack , ignoring
[26Jul2026 11:05:11.743] [Render thread/WARN] [net.minecraft.server.packs.PathPackResources/]: Non [a-z0-9_.-] character in namespace .DS_Store in pack , ignoring
[26Jul2026 11:05:11.745] [Render thread/INFO] [com.teamabnormals.blueprint.core.Blueprint/]: Successfully loaded 0 data remolders!
[26Jul2026 11:05:11.747] [Render thread/INFO] [Moonlight/]: Resource cache state for SERVER_DATA: needs regeneration
[26Jul2026 11:05:11.747] [Render thread/INFO] [Moonlight/]: Deleting directory: /home/axii/.local/share/PrismLauncher/instances/dode/minecraft/dynamic-data-pack-cache/supplementaries-generated_pack
[26Jul2026 11:05:11.748] [Render thread/INFO] [Moonlight/]: Cleared cache pack resources at /home/axii/.local/share/PrismLauncher/instances/dode/minecraft/dynamic-data-pack-cache/supplementaries-generated_pack in 484.5 μs
[26Jul2026 11:05:11.748] [Render thread/INFO] [Moonlight/]: Starting runtime resource generation for pack type SERVER_DATA with generators [supplementaries:generated_pack]
[26Jul2026 11:05:11.749] [Render thread/WARN] [net.minecraft.server.packs.PathPackResources/]: Non [a-z0-9_.-] character in namespace .DS_Store in pack , ignoring
[26Jul2026 11:05:11.751] [Render thread/WARN] [net.minecraft.server.packs.PathPackResources/]: Non [a-z0-9_.-] character in namespace .DS_Store in pack , ignoring
[26Jul2026 11:05:11.752] [Render thread/INFO] [Moonlight/]: Regenerating Dynamic SERVER_DATA Resources Provider [supplementaries:generated_pack], requested by strategy CACHED_FOLDER
[26Jul2026 11:05:11.762] [pool-18-thread-2/WARN] [Supplementaries/]: Could not find Sign for wood burnt:blazing. Does this block even exist? It should! Skipping way sign recipe generation
[26Jul2026 11:05:11.763] [pool-18-thread-2/WARN] [Supplementaries/]: Could not find Sign for wood burnt:burnt. Does this block even exist? It should! Skipping way sign recipe generation
[26Jul2026 11:05:11.763] [pool-18-thread-2/WARN] [Supplementaries/]: Could not find Sign for wood burnt:burnt_bamboo. Does this block even exist? It should! Skipping way sign recipe generation
[26Jul2026 11:05:11.764] [pool-18-thread-2/WARN] [Supplementaries/]: Could not find Sign for wood burnt:ember. Does this block even exist? It should! Skipping way sign recipe generation
[26Jul2026 11:05:11.764] [pool-18-thread-2/WARN] [Supplementaries/]: Could not find Sign for wood burnt:smoldering. Does this block even exist? It should! Skipping way sign recipe generation
[26Jul2026 11:05:11.764] [pool-18-thread-2/WARN] [Supplementaries/]: Could not find Sign for wood burnt:smoldering_bamboo. Does this block even exist? It should! Skipping way sign recipe generation
[26Jul2026 11:05:11.764] [pool-18-thread-2/WARN] [Supplementaries/]: Could not find Sign for wood burnt:sooty_acacia. Does this block even exist? It should! Skipping way sign recipe generation
[26Jul2026 11:05:11.764] [pool-18-thread-2/WARN] [Supplementaries/]: Could not find Sign for wood burnt:sooty_birch. Does this block even exist? It should! Skipping way sign recipe generation
[26Jul2026 11:05:11.764] [pool-18-thread-2/WARN] [Supplementaries/]: Could not find Sign for wood burnt:sooty_cherry. Does this block even exist? It should! Skipping way sign recipe generation
[26Jul2026 11:05:11.764] [pool-18-thread-2/WARN] [Supplementaries/]: Could not find Sign for wood burnt:sooty_dark_oak. Does this block even exist? It should! Skipping way sign recipe generation
[26Jul2026 11:05:11.764] [pool-18-thread-2/WARN] [Supplementaries/]: Could not find Sign for wood burnt:sooty_jungle. Does this block even exist? It should! Skipping way sign recipe generation
[26Jul2026 11:05:11.764] [pool-18-thread-2/WARN] [Supplementaries/]: Could not find Sign for wood burnt:sooty_mangrove. Does this block even exist? It should! Skipping way sign recipe generation
[26Jul2026 11:05:11.764] [pool-18-thread-2/WARN] [Supplementaries/]: Could not find Sign for wood burnt:sooty_oak. Does this block even exist? It should! Skipping way sign recipe generation
[26Jul2026 11:05:11.764] [pool-18-thread-2/WARN] [Supplementaries/]: Could not find Sign for wood burnt:sooty_spruce. Does this block even exist? It should! Skipping way sign recipe generation
[26Jul2026 11:05:11.765] [pool-18-thread-2/INFO] [Supplementaries/]: Generated 10 sign post recipes
[26Jul2026 11:05:11.772] [Render thread/INFO] [Moonlight/]: Generated runtime SERVER_DATA for pack supplementaries:generated_pack in 19.47 ms
[26Jul2026 11:05:11.773] [Render thread/INFO] [Moonlight/]: Populated search tree for pack at /home/axii/.local/share/PrismLauncher/instances/dode/minecraft/dynamic-data-pack-cache/supplementaries-generated_pack in 739.8 μs
[26Jul2026 11:05:11.773] [Render thread/INFO] [Moonlight/]: Finished runtime resources generation for 1 packs in a total of 25.08 ms 
[26Jul2026 11:05:12.476] [Worker-Main-6/ERROR] [net.minecraft.world.level.storage.loot.LootDataType/]: Couldn't parse element ResourceKey[minecraft:root / minecraft:loot_table]:railways:blocks/track_tfc_acacia - Unknown registry key in ResourceKey[minecraft:root / minecraft:item]: railways:track_tfc_acacia
[26Jul2026 11:05:12.480] [Worker-Main-6/ERROR] [net.minecraft.world.level.storage.loot.LootDataType/]: Couldn't parse element ResourceKey[minecraft:root / minecraft:loot_table]:railways:blocks/track_byg_rainbow_eucalyptus_wide - Unknown registry key in ResourceKey[minecraft:root / minecraft:item]: railways:track_byg_rainbow_eucalyptus_wide
[26Jul2026 11:05:12.481] [Worker-Main-6/ERROR] [net.minecraft.world.level.storage.loot.LootDataType/]: Couldn't parse element ResourceKey[minecraft:root / minecraft:loot_table]:railways:blocks/track_twilightforest_darkwood - Unknown registry key in ResourceKey[minecraft:root / minecraft:item]: railways:track_twilightforest_darkwood
[26Jul2026 11:05:12.481] [Worker-Main-6/ERROR] [net.minecraft.world.level.storage.loot.LootDataType/]: Couldn't parse element ResourceKey[minecraft:root / minecraft:loot_table]:railways:blocks/track_blue_skies_starlit - Unknown registry key in ResourceKey[minecraft:root / minecraft:item]: railways:track_blue_skies_starlit
[26Jul2026 11:05:12.481] [Worker-Main-6/ERROR] [net.minecraft.world.level.storage.loot.LootDataType/]: Couldn't parse element ResourceKey[minecraft:root / minecraft:loot_table]:railways:blocks/track_byg_embur - Unknown registry key in ResourceKey[minecraft:root / minecraft:item]: railways:track_byg_embur
[26Jul2026 11:05:12.482] [Worker-Main-6/ERROR] [net.minecraft.world.level.storage.loot.LootDataType/]: Couldn't parse element ResourceKey[minecraft:root / minecraft:loot_table]:railways:blocks/track_quark_ancient_wide - Unknown registry key in ResourceKey[minecraft:root / minecraft:item]: railways:track_quark_ancient_wide
[26Jul2026 11:05:12.483] [Worker-Main-6/ERROR] [net.minecraft.world.level.storage.loot.LootDataType/]: Couldn't parse element ResourceKey[minecraft:root / minecraft:loot_table]:railways:blocks/track_byg_nightshade_narrow - Unknown registry key in ResourceKey[minecraft:root / minecraft:item]: railways:track_byg_nightshade_narrow
[26Jul2026 11:05:12.484] [Worker-Main-6/ERROR] [net.minecraft.world.level.storage.loot.LootDataType/]: Couldn't parse element ResourceKey[minecraft:root / minecraft:loot_table]:create_connected:blocks/dye_depot_amber_fan_dyeing_catalyst - Unknown registry key in ResourceKey[minecraft:root / minecraft:item]: create_connected:dye_depot_amber_fan_dyeing_catalyst
[26Jul2026 11:05:12.484] [Worker-Main-6/ERROR] [net.minecraft.world.level.storage.loot.LootDataType/]: Couldn't parse element ResourceKey[minecraft:root / minecraft:loot_table]:railways:blocks/track_byg_white_mangrove_narrow - Unknown registry key in ResourceKey[minecraft:root / minecraft:item]: railways:track_byg_white_mangrove_narrow
[26Jul2026 11:05:12.485] [Worker-Main-6/ERROR] [net.minecraft.world.level.storage.loot.LootDataType/]: Couldn't parse element ResourceKey[minecraft:root / minecraft:loot_table]:railways:blocks/track_byg_green_enchanted_narrow - Unknown registry key in ResourceKey[minecraft:root / minecraft:item]: railways:track_byg_green_enchanted_narrow
[26Jul2026 11:05:12.485] [Worker-Main-6/ERROR] [net.minecraft.world.level.storage.loot.LootDataType/]: Couldn't parse element ResourceKey[minecraft:root / minecraft:loot_table]:railways:blocks/track_quark_ancient_narrow - Unknown registry key in ResourceKey[minecraft:root / minecraft:item]: railways:track_quark_ancient_narrow
[26Jul2026 11:05:12.485] [Worker-Main-6/ERROR] [net.minecraft.world.level.storage.loot.LootDataType/]: Couldn't parse element ResourceKey[minecraft:root / minecraft:loot_table]:railways:blocks/track_quark_azalea_narrow - Unknown registry key in ResourceKey[minecraft:root / minecraft:item]: railways:track_quark_azalea_narrow
[26Jul2026 11:05:12.486] [Worker-Main-6/ERROR] [net.minecraft.world.level.storage.loot.LootDataType/]: Couldn't parse element ResourceKey[minecraft:root / minecraft:loot_table]:railways:blocks/track_tfc_chestnut - Unknown registry key in ResourceKey[minecraft:root / minecraft:item]: railways:track_tfc_chestnut
[26Jul2026 11:05:12.486] [Worker-Main-6/ERROR] [net.minecraft.world.level.storage.loot.LootDataType/]: Couldn't parse element ResourceKey[minecraft:root / minecraft:loot_table]:railways:blocks/track_blue_skies_frostbright - Unknown registry key in ResourceKey[minecraft:root / minecraft:item]: railways:track_blue_skies_frostbright
[26Jul2026 11:05:12.487] [Worker-Main-6/ERROR] [net.minecraft.world.level.storage.loot.LootDataType/]: Couldn't parse element ResourceKey[minecraft:root / minecraft:loot_table]:railways:blocks/track_byg_jacaranda_wide - Unknown registry key in ResourceKey[minecraft:root / minecraft:item]: railways:track_byg_jacaranda_wide
[26Jul2026 11:05:12.487] [Worker-Main-6/ERROR] [net.minecraft.world.level.storage.loot.LootDataType/]: Couldn't parse element ResourceKey[minecraft:root / minecraft:loot_table]:railways:blocks/track_biomesoplenty_jacaranda_wide - Unknown registry key in ResourceKey[minecraft:root / minecraft:item]: railways:track_biomesoplenty_jacaranda_wide
[26Jul2026 11:05:12.488] [Worker-Main-6/ERROR] [net.minecraft.world.level.storage.loot.LootDataType/]: Couldn't parse element ResourceKey[minecraft:root / minecraft:loot_table]:railways:blocks/track_natures_spirit_palo_verde_narrow - Unknown registry key in ResourceKey[minecraft:root / minecraft:item]: railways:track_natures_spirit_palo_verde_narrow
[26Jul2026 11:05:12.488] [Worker-Main-6/ERROR] [net.minecraft.world.level.storage.loot.LootDataType/]: Couldn't parse element ResourceKey[minecraft:root / minecraft:loot_table]:railways:blocks/track_tfc_sycamore_wide - Unknown registry key in ResourceKey[minecraft:root / minecraft:item]: railways:track_tfc_sycamore_wide
[26Jul2026 11:05:12.490] [Worker-Main-6/ERROR] [net.minecraft.world.level.storage.loot.LootDataType/]: Couldn't parse element ResourceKey[minecraft:root / minecraft:loot_table]:railways:blocks/track_tfc_hickory_narrow - Unknown registry key in ResourceKey[minecraft:root / minecraft:item]: railways:track_tfc_hickory_narrow
[26Jul2026 11:05:12.490] [Worker-Main-6/ERROR] [net.minecraft.world.level.storage.loot.LootDataType/]: Couldn't parse element ResourceKey[minecraft:root / minecraft:loot_table]:railways:blocks/track_byg_white_mangrove_wide - Unknown registry key in ResourceKey[minecraft:root / minecraft:item]: railways:track_byg_white_mangrove_wide
[26Jul2026 11:05:12.490] [Worker-Main-6/ERROR] [net.minecraft.world.level.storage.loot.LootDataType/]: Couldn't parse element ResourceKey[minecraft:root / minecraft:loot_table]:railways:blocks/track_natures_spirit_joshua_narrow - Unknown registry key in ResourceKey[minecraft:root / minecraft:item]: railways:track_natures_spirit_joshua_narrow
[26Jul2026 11:05:12.492] [Worker-Main-6/ERROR] [net.minecraft.world.level.storage.loot.LootDataType/]: Couldn't parse element ResourceKey[minecraft:root / minecraft:loot_table]:railways:blocks/track_byg_rainbow_eucalyptus_narrow - Unknown registry key in ResourceKey[minecraft:root / minecraft:item]: railways:track_byg_rainbow_eucalyptus_narrow
[26Jul2026 11:05:12.492] [Worker-Main-6/ERROR] [net.minecraft.world.level.storage.loot.LootDataType/]: Couldn't parse element ResourceKey[minecraft:root / minecraft:loot_table]:railways:blocks/track_blue_skies_lunar_wide - Unknown registry key in ResourceKey[minecraft:root / minecraft:item]: railways:track_blue_skies_lunar_wide
[26Jul2026 11:05:12.495] [Worker-Main-6/ERROR] [net.minecraft.world.level.storage.loot.LootDataType/]: Couldn't parse element ResourceKey[minecraft:root / minecraft:loot_table]:railways:blocks/track_blue_skies_maple - Unknown registry key in ResourceKey[minecraft:root / minecraft:item]: railways:track_blue_skies_maple
[26Jul2026 11:05:12.496] [Worker-Main-6/ERROR] [net.minecraft.world.level.storage.loot.LootDataType/]: Couldn't parse element ResourceKey[minecraft:root / minecraft:loot_table]:railways:blocks/track_tfc_oak - Unknown registry key in ResourceKey[minecraft:root / minecraft:item]: railways:track_tfc_oak
[26Jul2026 11:05:12.496] [Worker-Main-6/ERROR] [net.minecraft.world.level.storage.loot.LootDataType/]: Couldn't parse element ResourceKey[minecraft:root / minecraft:loot_table]:railways:blocks/track_twilightforest_transwood_wide - Unknown registry key in ResourceKey[minecraft:root / minecraft:item]: railways:track_twilightforest_transwood_wide
[26Jul2026 11:05:12.496] [Worker-Main-6/ERROR] [net.minecraft.world.level.storage.loot.LootDataType/]: Couldn't parse element ResourceKey[minecraft:root / minecraft:loot_table]:railways:blocks/track_create_dd_smoked - Unknown registry key in ResourceKey[minecraft:root / minecraft:item]: railways:track_create_dd_smoked
[26Jul2026 11:05:12.497] [Worker-Main-6/ERROR] [net.minecraft.world.level.storage.loot.LootDataType/]: Couldn't parse element ResourceKey[minecraft:root / minecraft:loot_table]:railways:blocks/track_hexcasting_edified_narrow - Unknown registry key in ResourceKey[minecraft:root / minecraft:item]: railways:track_hexcasting_edified_narrow
[26Jul2026 11:05:12.498] [Worker-Main-6/ERROR] [net.minecraft.world.level.storage.loot.LootDataType/]: Couldn't parse element ResourceKey[minecraft:root / minecraft:loot_table]:railways:blocks/track_tfc_blackwood_wide - Unknown registry key in ResourceKey[minecraft:root / minecraft:item]: railways:track_tfc_blackwood_wide
[26Jul2026 11:05:12.499] [Worker-Main-6/ERROR] [net.minecraft.world.level.storage.loot.LootDataType/]: Couldn't parse element ResourceKey[minecraft:root / minecraft:loot_table]:railways:blocks/track_byg_maple_narrow - Unknown registry key in ResourceKey[minecraft:root / minecraft:item]: railways:track_byg_maple_narrow
[26Jul2026 11:05:12.501] [Worker-Main-6/ERROR] [net.minecraft.world.level.storage.loot.LootDataType/]: Couldn't parse element ResourceKey[minecraft:root / minecraft:loot_table]:railways:blocks/track_biomesoplenty_palm - Unknown registry key in ResourceKey[minecraft:root / minecraft:item]: railways:track_biomesoplenty_palm
[26Jul2026 11:05:12.501] [Worker-Main-6/ERROR] [net.minecraft.world.level.storage.loot.LootDataType/]: Couldn't parse element ResourceKey[minecraft:root / minecraft:loot_table]:railways:blocks/track_byg_embur_wide - Unknown registry key in ResourceKey[minecraft:root / minecraft:item]: railways:track_byg_embur_wide
[26Jul2026 11:05:12.502] [Worker-Main-6/ERROR] [net.minecraft.world.level.storage.loot.LootDataType/]: Couldn't parse element ResourceKey[minecraft:root / minecraft:loot_table]:railways:blocks/track_tfc_white_cedar - Unknown registry key in ResourceKey[minecraft:root / minecraft:item]: railways:track_tfc_white_cedar
[26Jul2026 11:05:12.502] [Worker-Main-6/ERROR] [net.minecraft.world.level.storage.loot.LootDataType/]: Couldn't parse element ResourceKey[minecraft:root / minecraft:loot_table]:railways:blocks/track_tfc_sycamore - Unknown registry key in ResourceKey[minecraft:root / minecraft:item]: railways:track_tfc_sycamore
[26Jul2026 11:05:12.502] [Worker-Main-6/ERROR] [net.minecraft.world.level.storage.loot.LootDataType/]: Couldn't parse element ResourceKey[minecraft:root / minecraft:loot_table]:create_connected:blocks/dye_depot_coral_fan_dyeing_catalyst - Unknown registry key in ResourceKey[minecraft:root / minecraft:item]: create_connected:dye_depot_coral_fan_dyeing_catalyst
[26Jul2026 11:05:12.503] [Worker-Main-6/ERROR] [net.minecraft.world.level.storage.loot.LootDataType/]: Couldn't parse element ResourceKey[minecraft:root / minecraft:loot_table]:railways:blocks/track_twilightforest_timewood - Unknown registry key in ResourceKey[minecraft:root / minecraft:item]: railways:track_twilightforest_timewood
[26Jul2026 11:05:12.505] [Worker-Main-6/ERROR] [net.minecraft.world.level.storage.loot.LootDataType/]: Couldn't parse element ResourceKey[minecraft:root / minecraft:loot_table]:railways:blocks/track_natures_spirit_cypress_wide - Unknown registry key in ResourceKey[minecraft:root / minecraft:item]: railways:track_natures_spirit_cypress_wide
[26Jul2026 11:05:12.505] [Worker-Main-6/ERROR] [net.minecraft.world.level.storage.loot.LootDataType/]: Couldn't parse element ResourceKey[minecraft:root / minecraft:loot_table]:railways:blocks/track_blue_skies_dusk_narrow - Unknown registry key in ResourceKey[minecraft:root / minecraft:item]: railways:track_blue_skies_dusk_narrow
[26Jul2026 11:05:12.506] [Worker-Main-6/ERROR] [net.minecraft.world.level.storage.loot.LootDataType/]: Couldn't parse element ResourceKey[minecraft:root / minecraft:loot_table]:railways:blocks/track_tfc_birch_wide - Unknown registry key in ResourceKey[minecraft:root / minecraft:item]: railways:track_tfc_birch_wide
[26Jul2026 11:05:12.507] [Worker-Main-6/ERROR] [net.minecraft.world.level.storage.loot.LootDataType/]: Couldn't parse element ResourceKey[minecraft:root / minecraft:loot_table]:railways:blocks/track_byg_sythian_narrow - Unknown registry key in ResourceKey[minecraft:root / minecraft:item]: railways:track_byg_sythian_narrow
[26Jul2026 11:05:12.507] [Worker-Main-6/ERROR] [net.minecraft.world.level.storage.loot.LootDataType/]: Couldn't parse element ResourceKey[minecraft:root / minecraft:loot_table]:railways:blocks/track_byg_redwood_wide - Unknown registry key in ResourceKey[minecraft:root / minecraft:item]: railways:track_byg_redwood_wide
[26Jul2026 11:05:12.514] [Worker-Main-6/ERROR] [net.minecraft.world.level.storage.loot.LootDataType/]: Couldn't parse element ResourceKey[minecraft:root / minecraft:loot_table]:railways:blocks/track_byg_fir_narrow - Unknown registry key in ResourceKey[minecraft:root / minecraft:item]: railways:track_byg_fir_narrow
[26Jul2026 11:05:12.514] [Worker-Main-6/ERROR] [net.minecraft.world.level.storage.loot.LootDataType/]: Couldn't parse element ResourceKey[minecraft:root / minecraft:loot_table]:create_connected:blocks/dye_depot_forest_fan_dyeing_catalyst - Unknown registry key in ResourceKey[minecraft:root / minecraft:item]: create_connected:dye_depot_forest_fan_dyeing_catalyst
[26Jul2026 11:05:12.514] [Worker-Main-6/ERROR] [net.minecraft.world.level.storage.loot.LootDataType/]: Couldn't parse element ResourceKey[minecraft:root / minecraft:loot_table]:railways:blocks/track_tfc_aspen_wide - Unknown registry key in ResourceKey[minecraft:root / minecraft:item]: railways:track_tfc_aspen_wide
[26Jul2026 11:05:12.515] [Worker-Main-6/ERROR] [net.minecraft.world.level.storage.loot.LootDataType/]: Couldn't parse element ResourceKey[minecraft:root / minecraft:loot_table]:railways:blocks/track_natures_spirit_sugi - Unknown registry key in ResourceKey[minecraft:root / minecraft:item]: railways:track_natures_spirit_sugi
[26Jul2026 11:05:12.516] [Worker-Main-6/ERROR] [net.minecraft.world.level.storage.loot.LootDataType/]: Couldn't parse element ResourceKey[minecraft:root / minecraft:loot_table]:railways:blocks/track_twilightforest_transwood_narrow - Unknown registry key in ResourceKey[minecraft:root / minecraft:item]: railways:track_twilightforest_transwood_narrow
[26Jul2026 11:05:12.516] [Worker-Main-6/ERROR] [net.minecraft.world.level.storage.loot.LootDataType/]: Couldn't parse element ResourceKey[minecraft:root / minecraft:loot_table]:railways:blocks/track_blue_skies_maple_narrow - Unknown registry key in ResourceKey[minecraft:root / minecraft:item]: railways:track_blue_skies_maple_narrow
[26Jul2026 11:05:12.517] [Worker-Main-6/ERROR] [net.minecraft.world.level.storage.loot.LootDataType/]: Couldn't parse element ResourceKey[minecraft:root / minecraft:loot_table]:railways:blocks/track_byg_willow_wide - Unknown registry key in ResourceKey[minecraft:root / minecraft:item]: railways:track_byg_willow_wide
[26Jul2026 11:05:12.518] [Worker-Main-6/ERROR] [net.minecraft.world.level.storage.loot.LootDataType/]: Couldn't parse element ResourceKey[minecraft:root / minecraft:loot_table]:railways:blocks/track_tfc_oak_narrow - Unknown registry key in ResourceKey[minecraft:root / minecraft:item]: railways:track_tfc_oak_narrow
[26Jul2026 11:05:12.519] [Worker-Main-6/ERROR] [net.minecraft.world.level.storage.loot.LootDataType/]: Couldn't parse element ResourceKey[minecraft:root / minecraft:loot_table]:railways:blocks/track_create_dd_spirit - Unknown registry key in ResourceKey[minecraft:root / minecraft:item]: railways:track_create_dd_spirit
[26Jul2026 11:05:12.520] [Worker-Main-6/ERROR] [net.minecraft.world.level.storage.loot.LootDataType/]: Couldn't parse element ResourceKey[minecraft:root / minecraft:loot_table]:railways:blocks/track_tfc_maple - Unknown registry key in ResourceKey[minecraft:root / minecraft:item]: railways:track_tfc_maple
[26Jul2026 11:05:12.521] [Worker-Main-6/ERROR] [net.minecraft.world.level.storage.loot.LootDataType/]: Couldn't parse element ResourceKey[minecraft:root / minecraft:loot_table]:railways:blocks/track_byg_zelkova_narrow - Unknown registry key in ResourceKey[minecraft:root / minecraft:item]: railways:track_byg_zelkova_narrow
[26Jul2026 11:05:12.521] [Worker-Main-6/ERROR] [net.minecraft.world.level.storage.loot.LootDataType/]: Couldn't parse element ResourceKey[minecraft:root / minecraft:loot_table]:railways:blocks/track_byg_pine - Unknown registry key in ResourceKey[minecraft:root / minecraft:item]: railways:track_byg_pine
[26Jul2026 11:05:12.522] [Worker-Main-6/ERROR] [net.minecraft.world.level.storage.loot.LootDataType/]: Couldn't parse element ResourceKey[minecraft:root / minecraft:loot_table]:railways:blocks/track_byg_cika_wide - Unknown registry key in ResourceKey[minecraft:root / minecraft:item]: railways:track_byg_cika_wide
[26Jul2026 11:05:12.523] [Worker-Main-6/ERROR] [net.minecraft.world.level.storage.loot.LootDataType/]: Couldn't parse element ResourceKey[minecraft:root / minecraft:loot_table]:railways:blocks/track_natures_spirit_olive_narrow - Unknown registry key in ResourceKey[minecraft:root / minecraft:item]: railways:track_natures_spirit_olive_narrow
[26Jul2026 11:05:12.523] [Worker-Main-6/ERROR] [net.minecraft.world.level.storage.loot.LootDataType/]: Couldn't parse element ResourceKey[minecraft:root / minecraft:loot_table]:railways:blocks/track_byg_holly_narrow - Unknown registry key in ResourceKey[minecraft:root / minecraft:item]: railways:track_byg_holly_narrow
[26Jul2026 11:05:12.524] [Worker-Main-6/ERROR] [net.minecraft.world.level.storage.loot.LootDataType/]: Couldn't parse element ResourceKey[minecraft:root / minecraft:loot_table]:railways:blocks/track_biomesoplenty_magic_narrow - Unknown registry key in ResourceKey[minecraft:root / minecraft:item]: railways:track_biomesoplenty_magic_narrow
[26Jul2026 11:05:12.524] [Worker-Main-6/ERROR] [net.minecraft.world.level.storage.loot.LootDataType/]: Couldn't parse element ResourceKey[minecraft:root / minecraft:loot_table]:railways:blocks/track_tfc_ash_narrow - Unknown registry key in ResourceKey[minecraft:root / minecraft:item]: railways:track_tfc_ash_narrow
[26Jul2026 11:05:12.524] [Worker-Main-6/ERROR] [net.minecraft.world.level.storage.loot.LootDataType/]: Couldn't parse element ResourceKey[minecraft:root / minecraft:loot_table]:railways:blocks/track_biomesoplenty_hellbark_wide - Unknown registry key in ResourceKey[minecraft:root / minecraft:item]: railways:track_biomesoplenty_hellbark_wide
[26Jul2026 11:05:12.524] [Worker-Main-6/ERROR] [net.minecraft.world.level.storage.loot.LootDataType/]: Couldn't parse element ResourceKey[minecraft:root / minecraft:loot_table]:railways:blocks/track_byg_skyris - Unknown registry key in ResourceKey[minecraft:root / minecraft:item]: railways:track_byg_skyris
[26Jul2026 11:05:12.524] [Worker-Main-6/ERROR] [net.minecraft.world.level.storage.loot.LootDataType/]: Couldn't parse element ResourceKey[minecraft:root / minecraft:loot_table]:railways:blocks/track_tfc_birch_narrow - Unknown registry key in ResourceKey[minecraft:root / minecraft:item]: railways:track_tfc_birch_narrow
[26Jul2026 11:05:12.525] [Worker-Main-6/ERROR] [net.minecraft.world.level.storage.loot.LootDataType/]: Couldn't parse element ResourceKey[minecraft:root / minecraft:loot_table]:railways:blocks/track_tfc_mangrove_narrow - Unknown registry key in ResourceKey[minecraft:root / minecraft:item]: railways:track_tfc_mangrove_narrow
[26Jul2026 11:05:12.525] [Worker-Main-6/ERROR] [net.minecraft.world.level.storage.loot.LootDataType/]: Couldn't parse element ResourceKey[minecraft:root / minecraft:loot_table]:railways:blocks/track_natures_spirit_willow - Unknown registry key in ResourceKey[minecraft:root / minecraft:item]: railways:track_natures_spirit_willow
[26Jul2026 11:05:12.525] [Worker-Main-6/ERROR] [net.minecraft.world.level.storage.loot.LootDataType/]: Couldn't parse element ResourceKey[minecraft:root / minecraft:loot_table]:railways:blocks/track_twilightforest_twilight_oak_wide - Unknown registry key in ResourceKey[minecraft:root / minecraft:item]: railways:track_twilightforest_twilight_oak_wide
[26Jul2026 11:05:12.525] [Worker-Main-6/ERROR] [net.minecraft.world.level.storage.loot.LootDataType/]: Couldn't parse element ResourceKey[minecraft:root / minecraft:loot_table]:railways:blocks/track_byg_sythian_wide - Unknown registry key in ResourceKey[minecraft:root / minecraft:item]: railways:track_byg_sythian_wide
[26Jul2026 11:05:12.527] [Worker-Main-6/ERROR] [net.minecraft.world.level.storage.loot.LootDataType/]: Couldn't parse element ResourceKey[minecraft:root / minecraft:loot_table]:railways:blocks/track_byg_palm_narrow - Unknown registry key in ResourceKey[minecraft:root / minecraft:item]: railways:track_byg_palm_narrow
[26Jul2026 11:05:12.529] [Worker-Main-6/ERROR] [net.minecraft.world.level.storage.loot.LootDataType/]: Couldn't parse element ResourceKey[minecraft:root / minecraft:loot_table]:railways:blocks/track_twilightforest_minewood_narrow - Unknown registry key in ResourceKey[minecraft:root / minecraft:item]: railways:track_twilightforest_minewood_narrow
[26Jul2026 11:05:12.531] [Worker-Main-6/ERROR] [net.minecraft.world.level.storage.loot.LootDataType/]: Couldn't parse element ResourceKey[minecraft:root / minecraft:loot_table]:railways:blocks/track_biomesoplenty_fir_narrow - Unknown registry key in ResourceKey[minecraft:root / minecraft:item]: railways:track_biomesoplenty_fir_narrow
[26Jul2026 11:05:12.531] [Worker-Main-6/ERROR] [net.minecraft.world.level.storage.loot.LootDataType/]: Couldn't parse element ResourceKey[minecraft:root / minecraft:loot_table]:railways:blocks/track_tfc_acacia_wide - Unknown registry key in ResourceKey[minecraft:root / minecraft:item]: railways:track_tfc_acacia_wide
[26Jul2026 11:05:12.532] [Worker-Main-6/ERROR] [net.minecraft.world.level.storage.loot.LootDataType/]: Couldn't parse element ResourceKey[minecraft:root / minecraft:loot_table]:railways:blocks/track_byg_ether_narrow - Unknown registry key in ResourceKey[minecraft:root / minecraft:item]: railways:track_byg_ether_narrow
[26Jul2026 11:05:12.532] [Worker-Main-6/ERROR] [net.minecraft.world.level.storage.loot.LootDataType/]: Couldn't parse element ResourceKey[minecraft:root / minecraft:loot_table]:railways:blocks/track_natures_spirit_wisteria - Unknown registry key in ResourceKey[minecraft:root / minecraft:item]: railways:track_natures_spirit_wisteria
[26Jul2026 11:05:12.532] [Worker-Main-6/ERROR] [net.minecraft.world.level.storage.loot.LootDataType/]: Couldn't parse element ResourceKey[minecraft:root / minecraft:loot_table]:railways:blocks/track_natures_spirit_maple - Unknown registry key in ResourceKey[minecraft:root / minecraft:item]: railways:track_natures_spirit_maple
[26Jul2026 11:05:12.533] [Worker-Main-6/ERROR] [net.minecraft.world.level.storage.loot.LootDataType/]: Couldn't parse element ResourceKey[minecraft:root / minecraft:loot_table]:railways:blocks/track_create_dd_spirit_narrow - Unknown registry key in ResourceKey[minecraft:root / minecraft:item]: railways:track_create_dd_spirit_narrow
[26Jul2026 11:05:12.533] [Worker-Main-6/ERROR] [net.minecraft.world.level.storage.loot.LootDataType/]: Couldn't parse element ResourceKey[minecraft:root / minecraft:loot_table]:railways:blocks/track_quark_ancient - Unknown registry key in ResourceKey[minecraft:root / minecraft:item]: railways:track_quark_ancient
[26Jul2026 11:05:12.534] [Worker-Main-6/ERROR] [net.minecraft.world.level.storage.loot.LootDataType/]: Couldn't parse element ResourceKey[minecraft:root / minecraft:loot_table]:railways:blocks/track_tfc_hickory - Unknown registry key in ResourceKey[minecraft:root / minecraft:item]: railways:track_tfc_hickory
[26Jul2026 11:05:12.535] [Worker-Main-6/ERROR] [net.minecraft.world.level.storage.loot.LootDataType/]: Couldn't parse element ResourceKey[minecraft:root / minecraft:loot_table]:railways:blocks/track_create_dd_rubber - Unknown registry key in ResourceKey[minecraft:root / minecraft:item]: railways:track_create_dd_rubber
[26Jul2026 11:05:12.535] [Worker-Main-6/ERROR] [net.minecraft.world.level.storage.loot.LootDataType/]: Couldn't parse element ResourceKey[minecraft:root / minecraft:loot_table]:railways:blocks/track_byg_fir_wide - Unknown registry key in ResourceKey[minecraft:root / minecraft:item]: railways:track_byg_fir_wide
[26Jul2026 11:05:12.538] [Worker-Main-6/ERROR] [net.minecraft.world.level.storage.loot.LootDataType/]: Couldn't parse element ResourceKey[minecraft:root / minecraft:loot_table]:railways:blocks/track_byg_zelkova - Unknown registry key in ResourceKey[minecraft:root / minecraft:item]: railways:track_byg_zelkova
[26Jul2026 11:05:12.538] [Worker-Main-6/ERROR] [net.minecraft.world.level.storage.loot.LootDataType/]: Couldn't parse element ResourceKey[minecraft:root / minecraft:loot_table]:railways:blocks/track_blue_skies_bluebright_wide - Unknown registry key in ResourceKey[minecraft:root / minecraft:item]: railways:track_blue_skies_bluebright_wide
[26Jul2026 11:05:12.538] [Worker-Main-6/ERROR] [net.minecraft.world.level.storage.loot.LootDataType/]: Couldn't parse element ResourceKey[minecraft:root / minecraft:loot_table]:railways:blocks/track_byg_mahogany - Unknown registry key in ResourceKey[minecraft:root / minecraft:item]: railways:track_byg_mahogany
[26Jul2026 11:05:12.538] [Worker-Main-6/ERROR] [net.minecraft.world.level.storage.loot.LootDataType/]: Couldn't parse element ResourceKey[minecraft:root / minecraft:loot_table]:railways:blocks/track_tfc_sequoia_wide - Unknown registry key in ResourceKey[minecraft:root / minecraft:item]: railways:track_tfc_sequoia_wide
[26Jul2026 11:05:12.539] [Worker-Main-6/ERROR] [net.minecraft.world.level.storage.loot.LootDataType/]: Couldn't parse element ResourceKey[minecraft:root / minecraft:loot_table]:railways:blocks/track_tfc_hickory_wide - Unknown registry key in ResourceKey[minecraft:root / minecraft:item]: railways:track_tfc_hickory_wide
[26Jul2026 11:05:12.540] [Worker-Main-6/ERROR] [net.minecraft.world.level.storage.loot.LootDataType/]: Couldn't parse element ResourceKey[minecraft:root / minecraft:loot_table]:create_connected:blocks/dye_depot_aqua_fan_dyeing_catalyst - Unknown registry key in ResourceKey[minecraft:root / minecraft:item]: create_connected:dye_depot_aqua_fan_dyeing_catalyst
[26Jul2026 11:05:12.540] [Worker-Main-6/ERROR] [net.minecraft.world.level.storage.loot.LootDataType/]: Couldn't parse element ResourceKey[minecraft:root / minecraft:loot_table]:railways:blocks/track_twilightforest_mangrove_wide - Unknown registry key in ResourceKey[minecraft:root / minecraft:item]: railways:track_twilightforest_mangrove_wide
[26Jul2026 11:05:12.540] [Worker-Main-6/ERROR] [net.minecraft.world.level.storage.loot.LootDataType/]: Couldn't parse element ResourceKey[minecraft:root / minecraft:loot_table]:railways:blocks/track_hexcasting_edified - Unknown registry key in ResourceKey[minecraft:root / minecraft:item]: railways:track_hexcasting_edified
[26Jul2026 11:05:12.541] [Worker-Main-6/ERROR] [net.minecraft.world.level.storage.loot.LootDataType/]: Couldn't parse element ResourceKey[minecraft:root / minecraft:loot_table]:railways:blocks/track_byg_baobab_wide - Unknown registry key in ResourceKey[minecraft:root / minecraft:item]: railways:track_byg_baobab_wide
[26Jul2026 11:05:12.542] [Worker-Main-6/ERROR] [net.minecraft.world.level.storage.loot.LootDataType/]: Couldn't parse element ResourceKey[minecraft:root / minecraft:loot_table]:railways:blocks/track_twilightforest_darkwood_narrow - Unknown registry key in ResourceKey[minecraft:root / minecraft:item]: railways:track_twilightforest_darkwood_narrow
[26Jul2026 11:05:12.542] [Worker-Main-6/ERROR] [net.minecraft.world.level.storage.loot.LootDataType/]: Couldn't parse element ResourceKey[minecraft:root / minecraft:loot_table]:railways:blocks/track_natures_spirit_palo_verde_wide - Unknown registry key in ResourceKey[minecraft:root / minecraft:item]: railways:track_natures_spirit_palo_verde_wide
[26Jul2026 11:05:12.542] [Worker-Main-6/ERROR] [net.minecraft.world.level.storage.loot.LootDataType/]: Couldn't parse element ResourceKey[minecraft:root / minecraft:loot_table]:railways:blocks/track_tfc_blackwood_narrow - Unknown registry key in ResourceKey[minecraft:root / minecraft:item]: railways:track_tfc_blackwood_narrow
[26Jul2026 11:05:12.543] [Worker-Main-6/ERROR] [net.minecraft.world.level.storage.loot.LootDataType/]: Couldn't parse element ResourceKey[minecraft:root / minecraft:loot_table]:railways:blocks/track_natures_spirit_fir - Unknown registry key in ResourceKey[minecraft:root / minecraft:item]: railways:track_natures_spirit_fir
[26Jul2026 11:05:12.543] [Worker-Main-6/ERROR] [net.minecraft.world.level.storage.loot.LootDataType/]: Couldn't parse element ResourceKey[minecraft:root / minecraft:loot_table]:railways:blocks/track_natures_spirit_olive - Unknown registry key in ResourceKey[minecraft:root / minecraft:item]: railways:track_natures_spirit_olive
[26Jul2026 11:05:12.543] [Worker-Main-6/ERROR] [net.minecraft.world.level.storage.loot.LootDataType/]: Couldn't parse element ResourceKey[minecraft:root / minecraft:loot_table]:railways:blocks/track_byg_imparius_narrow - Unknown registry key in ResourceKey[minecraft:root / minecraft:item]: railways:track_byg_imparius_narrow
[26Jul2026 11:05:12.544] [Worker-Main-6/ERROR] [net.minecraft.world.level.storage.loot.LootDataType/]: Couldn't parse element ResourceKey[minecraft:root / minecraft:loot_table]:railways:blocks/track_twilightforest_canopy - Unknown registry key in ResourceKey[minecraft:root / minecraft:item]: railways:track_twilightforest_canopy
[26Jul2026 11:05:12.545] [Worker-Main-6/ERROR] [net.minecraft.world.level.storage.loot.LootDataType/]: Couldn't parse element ResourceKey[minecraft:root / minecraft:loot_table]:railways:blocks/track_biomesoplenty_dead - Unknown registry key in ResourceKey[minecraft:root / minecraft:item]: railways:track_biomesoplenty_dead
[26Jul2026 11:05:12.545] [Worker-Main-6/ERROR] [net.minecraft.world.level.storage.loot.LootDataType/]: Couldn't parse element ResourceKey[minecraft:root / minecraft:loot_table]:railways:blocks/track_tfc_mangrove - Unknown registry key in ResourceKey[minecraft:root / minecraft:item]: railways:track_tfc_mangrove
[26Jul2026 11:05:12.545] [Worker-Main-6/ERROR] [net.minecraft.world.level.storage.loot.LootDataType/]: Couldn't parse element ResourceKey[minecraft:root / minecraft:loot_table]:railways:blocks/track_byg_cypress_wide - Unknown registry key in ResourceKey[minecraft:root / minecraft:item]: railways:track_byg_cypress_wide
[26Jul2026 11:05:12.546] [Worker-Main-6/ERROR] [net.minecraft.world.level.storage.loot.LootDataType/]: Couldn't parse element ResourceKey[minecraft:root / minecraft:loot_table]:railways:blocks/track_tfc_palm_narrow - Unknown registry key in ResourceKey[minecraft:root / minecraft:item]: railways:track_tfc_palm_narrow
[26Jul2026 11:05:12.546] [Worker-Main-6/ERROR] [net.minecraft.world.level.storage.loot.LootDataType/]: Couldn't parse element ResourceKey[minecraft:root / minecraft:loot_table]:railways:blocks/track_tfc_kapok_wide - Unknown registry key in ResourceKey[minecraft:root / minecraft:item]: railways:track_tfc_kapok_wide
[26Jul2026 11:05:12.546] [Worker-Main-6/ERROR] [net.minecraft.world.level.storage.loot.LootDataType/]: Couldn't parse element ResourceKey[minecraft:root / minecraft:loot_table]:railways:blocks/track_byg_blue_enchanted_narrow - Unknown registry key in ResourceKey[minecraft:root / minecraft:item]: railways:track_byg_blue_enchanted_narrow
[26Jul2026 11:05:12.546] [Worker-Main-6/ERROR] [net.minecraft.world.level.storage.loot.LootDataType/]: Couldn't parse element ResourceKey[minecraft:root / minecraft:loot_table]:create_connected:blocks/dye_depot_slate_fan_dyeing_catalyst - Unknown registry key in ResourceKey[minecraft:root / minecraft:item]: create_connected:dye_depot_slate_fan_dyeing_catalyst
[26Jul2026 11:05:12.547] [Worker-Main-6/ERROR] [net.minecraft.world.level.storage.loot.LootDataType/]: Couldn't parse element ResourceKey[minecraft:root / minecraft:loot_table]:railways:blocks/track_byg_mahogany_wide - Unknown registry key in ResourceKey[minecraft:root / minecraft:item]: railways:track_byg_mahogany_wide
[26Jul2026 11:05:12.549] [Worker-Main-6/ERROR] [net.minecraft.world.level.storage.loot.LootDataType/]: Couldn't parse element ResourceKey[minecraft:root / minecraft:loot_table]:railways:blocks/track_biomesoplenty_dead_wide - Unknown registry key in ResourceKey[minecraft:root / minecraft:item]: railways:track_biomesoplenty_dead_wide
[26Jul2026 11:05:12.550] [Worker-Main-6/ERROR] [net.minecraft.world.level.storage.loot.LootDataType/]: Couldn't parse element ResourceKey[minecraft:root / minecraft:loot_table]:railways:blocks/track_byg_imparius_wide - Unknown registry key in ResourceKey[minecraft:root / minecraft:item]: railways:track_byg_imparius_wide
[26Jul2026 11:05:12.550] [Worker-Main-6/ERROR] [net.minecraft.world.level.storage.loot.LootDataType/]: Couldn't parse element ResourceKey[minecraft:root / minecraft:loot_table]:railways:blocks/track_tfc_maple_narrow - Unknown registry key in ResourceKey[minecraft:root / minecraft:item]: railways:track_tfc_maple_narrow
[26Jul2026 11:05:12.551] [Worker-Main-6/ERROR] [net.minecraft.world.level.storage.loot.LootDataType/]: Couldn't parse element ResourceKey[minecraft:root / minecraft:loot_table]:railways:blocks/track_biomesoplenty_umbran - Unknown registry key in ResourceKey[minecraft:root / minecraft:item]: railways:track_biomesoplenty_umbran
[26Jul2026 11:05:12.551] [Worker-Main-6/ERROR] [net.minecraft.world.level.storage.loot.LootDataType/]: Couldn't parse element ResourceKey[minecraft:root / minecraft:loot_table]:railways:blocks/track_byg_palm - Unknown registry key in ResourceKey[minecraft:root / minecraft:item]: railways:track_byg_palm
[26Jul2026 11:05:12.552] [Worker-Main-6/ERROR] [net.minecraft.world.level.storage.loot.LootDataType/]: Couldn't parse element ResourceKey[minecraft:root / minecraft:loot_table]:railways:blocks/track_blue_skies_dusk_wide - Unknown registry key in ResourceKey[minecraft:root / minecraft:item]: railways:track_blue_skies_dusk_wide
[26Jul2026 11:05:12.552] [Worker-Main-6/ERROR] [net.minecraft.world.level.storage.loot.LootDataType/]: Couldn't parse element ResourceKey[minecraft:root / minecraft:loot_table]:railways:blocks/track_blue_skies_frostbright_wide - Unknown registry key in ResourceKey[minecraft:root / minecraft:item]: railways:track_blue_skies_frostbright_wide
[26Jul2026 11:05:12.554] [Worker-Main-6/ERROR] [net.minecraft.world.level.storage.loot.LootDataType/]: Couldn't parse element ResourceKey[minecraft:root / minecraft:loot_table]:create_connected:blocks/dye_depot_ginger_fan_dyeing_catalyst - Unknown registry key in ResourceKey[minecraft:root / minecraft:item]: create_connected:dye_depot_ginger_fan_dyeing_catalyst
[26Jul2026 11:05:12.555] [Worker-Main-6/ERROR] [net.minecraft.world.level.storage.loot.LootDataType/]: Couldn't parse element ResourceKey[minecraft:root / minecraft:loot_table]:railways:blocks/track_tfc_white_cedar_narrow - Unknown registry key in ResourceKey[minecraft:root / minecraft:item]: railways:track_tfc_white_cedar_narrow
[26Jul2026 11:05:12.556] [Worker-Main-6/ERROR] [net.minecraft.world.level.storage.loot.LootDataType/]: Couldn't parse element ResourceKey[minecraft:root / minecraft:loot_table]:railways:blocks/track_byg_fir - Unknown registry key in ResourceKey[minecraft:root / minecraft:item]: railways:track_byg_fir
[26Jul2026 11:05:12.556] [Worker-Main-6/ERROR] [net.minecraft.world.level.storage.loot.LootDataType/]: Couldn't parse element ResourceKey[minecraft:root / minecraft:loot_table]:railways:blocks/track_natures_spirit_aspen_narrow - Unknown registry key in ResourceKey[minecraft:root / minecraft:item]: railways:track_natures_spirit_aspen_narrow
[26Jul2026 11:05:12.556] [Worker-Main-6/ERROR] [net.minecraft.world.level.storage.loot.LootDataType/]: Couldn't parse element ResourceKey[minecraft:root / minecraft:loot_table]:railways:blocks/track_byg_rainbow_eucalyptus - Unknown registry key in ResourceKey[minecraft:root / minecraft:item]: railways:track_byg_rainbow_eucalyptus
[26Jul2026 11:05:12.557] [Worker-Main-6/ERROR] [net.minecraft.world.level.storage.loot.LootDataType/]: Couldn't parse element ResourceKey[minecraft:root / minecraft:loot_table]:railways:blocks/track_twilightforest_darkwood_wide - Unknown registry key in ResourceKey[minecraft:root / minecraft:item]: railways:track_twilightforest_darkwood_wide
[26Jul2026 11:05:12.557] [Worker-Main-6/ERROR] [net.minecraft.world.level.storage.loot.LootDataType/]: Couldn't parse element ResourceKey[minecraft:root / minecraft:loot_table]:railways:blocks/track_tfc_mangrove_wide - Unknown registry key in ResourceKey[minecraft:root / minecraft:item]: railways:track_tfc_mangrove_wide
[26Jul2026 11:05:12.558] [Worker-Main-6/ERROR] [net.minecraft.world.level.storage.loot.LootDataType/]: Couldn't parse element ResourceKey[minecraft:root / minecraft:loot_table]:railways:blocks/track_tfc_ash - Unknown registry key in ResourceKey[minecraft:root / minecraft:item]: railways:track_tfc_ash
[26Jul2026 11:05:12.559] [Worker-Main-6/ERROR] [net.minecraft.world.level.storage.loot.LootDataType/]: Couldn't parse element ResourceKey[minecraft:root / minecraft:loot_table]:railways:blocks/track_natures_spirit_wisteria_narrow - Unknown registry key in ResourceKey[minecraft:root / minecraft:item]: railways:track_natures_spirit_wisteria_narrow
[26Jul2026 11:05:12.560] [Worker-Main-6/ERROR] [net.minecraft.world.level.storage.loot.LootDataType/]: Couldn't parse element ResourceKey[minecraft:root / minecraft:loot_table]:railways:blocks/track_tfc_sequoia - Unknown registry key in ResourceKey[minecraft:root / minecraft:item]: railways:track_tfc_sequoia
[26Jul2026 11:05:12.560] [Worker-Main-6/ERROR] [net.minecraft.world.level.storage.loot.LootDataType/]: Couldn't parse element ResourceKey[minecraft:root / minecraft:loot_table]:railways:blocks/track_byg_holly - Unknown registry key in ResourceKey[minecraft:root / minecraft:item]: railways:track_byg_holly
[26Jul2026 11:05:12.560] [Worker-Main-6/ERROR] [net.minecraft.world.level.storage.loot.LootDataType/]: Couldn't parse element ResourceKey[minecraft:root / minecraft:loot_table]:railways:blocks/track_tfc_maple_wide - Unknown registry key in ResourceKey[minecraft:root / minecraft:item]: railways:track_tfc_maple_wide
[26Jul2026 11:05:12.561] [Worker-Main-6/ERROR] [net.minecraft.world.level.storage.loot.LootDataType/]: Couldn't parse element ResourceKey[minecraft:root / minecraft:loot_table]:railways:blocks/track_blue_skies_lunar - Unknown registry key in ResourceKey[minecraft:root / minecraft:item]: railways:track_blue_skies_lunar
[26Jul2026 11:05:12.561] [Worker-Main-6/ERROR] [net.minecraft.world.level.storage.loot.LootDataType/]: Couldn't parse element ResourceKey[minecraft:root / minecraft:loot_table]:railways:blocks/track_byg_lament - Unknown registry key in ResourceKey[minecraft:root / minecraft:item]: railways:track_byg_lament
[26Jul2026 11:05:12.562] [Worker-Main-6/ERROR] [net.minecraft.world.level.storage.loot.LootDataType/]: Couldn't parse element ResourceKey[minecraft:root / minecraft:loot_table]:railways:blocks/track_natures_spirit_aspen_wide - Unknown registry key in ResourceKey[minecraft:root / minecraft:item]: railways:track_natures_spirit_aspen_wide
[26Jul2026 11:05:12.562] [Worker-Main-6/ERROR] [net.minecraft.world.level.storage.loot.LootDataType/]: Couldn't parse element ResourceKey[minecraft:root / minecraft:loot_table]:railways:blocks/track_byg_ebony_narrow - Unknown registry key in ResourceKey[minecraft:root / minecraft:item]: railways:track_byg_ebony_narrow
[26Jul2026 11:05:12.562] [Worker-Main-6/ERROR] [net.minecraft.world.level.storage.loot.LootDataType/]: Couldn't parse element ResourceKey[minecraft:root / minecraft:loot_table]:railways:blocks/track_byg_holly_wide - Unknown registry key in ResourceKey[minecraft:root / minecraft:item]: railways:track_byg_holly_wide
[26Jul2026 11:05:12.562] [Worker-Main-6/ERROR] [net.minecraft.world.level.storage.loot.LootDataType/]: Couldn't parse element ResourceKey[minecraft:root / minecraft:loot_table]:railways:blocks/track_natures_spirit_redwood_narrow - Unknown registry key in ResourceKey[minecraft:root / minecraft:item]: railways:track_natures_spirit_redwood_narrow
[26Jul2026 11:05:12.563] [Worker-Main-6/ERROR] [net.minecraft.world.level.storage.loot.LootDataType/]: Couldn't parse element ResourceKey[minecraft:root / minecraft:loot_table]:railways:blocks/track_create_dd_smoked_wide - Unknown registry key in ResourceKey[minecraft:root / minecraft:item]: railways:track_create_dd_smoked_wide
[26Jul2026 11:05:12.564] [Worker-Main-6/ERROR] [net.minecraft.world.level.storage.loot.LootDataType/]: Couldn't parse element ResourceKey[minecraft:root / minecraft:loot_table]:railways:blocks/track_biomesoplenty_willow_wide - Unknown registry key in ResourceKey[minecraft:root / minecraft:item]: railways:track_biomesoplenty_willow_wide
[26Jul2026 11:05:12.564] [Worker-Main-6/ERROR] [net.minecraft.world.level.storage.loot.LootDataType/]: Couldn't parse element ResourceKey[minecraft:root / minecraft:loot_table]:railways:blocks/track_natures_spirit_ghaf_narrow - Unknown registry key in ResourceKey[minecraft:root / minecraft:item]: railways:track_natures_spirit_ghaf_narrow
[26Jul2026 11:05:12.564] [Worker-Main-6/ERROR] [net.minecraft.world.level.storage.loot.LootDataType/]: Couldn't parse element ResourceKey[minecraft:root / minecraft:loot_table]:railways:blocks/track_byg_witch_hazel - Unknown registry key in ResourceKey[minecraft:root / minecraft:item]: railways:track_byg_witch_hazel
[26Jul2026 11:05:12.565] [Worker-Main-6/ERROR] [net.minecraft.world.level.storage.loot.LootDataType/]: Couldn't parse element ResourceKey[minecraft:root / minecraft:loot_table]:railways:blocks/track_natures_spirit_willow_wide - Unknown registry key in ResourceKey[minecraft:root / minecraft:item]: railways:track_natures_spirit_willow_wide
[26Jul2026 11:05:12.565] [Worker-Main-6/ERROR] [net.minecraft.world.level.storage.loot.LootDataType/]: Couldn't parse element ResourceKey[minecraft:root / minecraft:loot_table]:railways:blocks/track_byg_cypress - Unknown registry key in ResourceKey[minecraft:root / minecraft:item]: railways:track_byg_cypress
[26Jul2026 11:05:12.566] [Worker-Main-6/ERROR] [net.minecraft.world.level.storage.loot.LootDataType/]: Couldn't parse element ResourceKey[minecraft:root / minecraft:loot_table]:create_connected:blocks/dye_depot_rose_fan_dyeing_catalyst - Unknown registry key in ResourceKey[minecraft:root / minecraft:item]: create_connected:dye_depot_rose_fan_dyeing_catalyst
[26Jul2026 11:05:12.567] [Worker-Main-6/ERROR] [net.minecraft.world.level.storage.loot.LootDataType/]: Couldn't parse element ResourceKey[minecraft:root / minecraft:loot_table]:railways:blocks/track_twilightforest_twilight_oak_narrow - Unknown registry key in ResourceKey[minecraft:root / minecraft:item]: railways:track_twilightforest_twilight_oak_narrow
[26Jul2026 11:05:12.567] [Worker-Main-6/ERROR] [net.minecraft.world.level.storage.loot.LootDataType/]: Couldn't parse element ResourceKey[minecraft:root / minecraft:loot_table]:railways:blocks/track_byg_sythian - Unknown registry key in ResourceKey[minecraft:root / minecraft:item]: railways:track_byg_sythian
[26Jul2026 11:05:12.568] [Worker-Main-6/ERROR] [net.minecraft.world.level.storage.loot.LootDataType/]: Couldn't parse element ResourceKey[minecraft:root / minecraft:loot_table]:railways:blocks/track_biomesoplenty_fir - Unknown registry key in ResourceKey[minecraft:root / minecraft:item]: railways:track_biomesoplenty_fir
[26Jul2026 11:05:12.569] [Worker-Main-6/ERROR] [net.minecraft.world.level.storage.loot.LootDataType/]: Couldn't parse element ResourceKey[minecraft:root / minecraft:loot_table]:railways:blocks/track_twilightforest_timewood_narrow - Unknown registry key in ResourceKey[minecraft:root / minecraft:item]: railways:track_twilightforest_timewood_narrow
[26Jul2026 11:05:12.570] [Worker-Main-6/ERROR] [net.minecraft.world.level.storage.loot.LootDataType/]: Couldn't parse element ResourceKey[minecraft:root / minecraft:loot_table]:railways:blocks/track_tfc_birch - Unknown registry key in ResourceKey[minecraft:root / minecraft:item]: railways:track_tfc_birch
[26Jul2026 11:05:12.570] [Worker-Main-6/ERROR] [net.minecraft.world.level.storage.loot.LootDataType/]: Couldn't parse element ResourceKey[minecraft:root / minecraft:loot_table]:surfacesamples:blocks/nether_quartz_ore_sample - Unknown registry key in ResourceKey[minecraft:root / minecraft:item]: overworldquartzore:quartz_fragment
[26Jul2026 11:05:12.570] [Worker-Main-6/ERROR] [net.minecraft.world.level.storage.loot.LootDataType/]: Couldn't parse element ResourceKey[minecraft:root / minecraft:loot_table]:railways:blocks/track_byg_skyris_wide - Unknown registry key in ResourceKey[minecraft:root / minecraft:item]: railways:track_byg_skyris_wide
[26Jul2026 11:05:12.571] [Worker-Main-6/ERROR] [net.minecraft.world.level.storage.loot.LootDataType/]: Couldn't parse element ResourceKey[minecraft:root / minecraft:loot_table]:railways:blocks/track_biomesoplenty_jacaranda - Unknown registry key in ResourceKey[minecraft:root / minecraft:item]: railways:track_biomesoplenty_jacaranda
[26Jul2026 11:05:12.572] [Worker-Main-6/ERROR] [net.minecraft.world.level.storage.loot.LootDataType/]: Couldn't parse element ResourceKey[minecraft:root / minecraft:loot_table]:railways:blocks/track_biomesoplenty_hellbark - Unknown registry key in ResourceKey[minecraft:root / minecraft:item]: railways:track_biomesoplenty_hellbark
[26Jul2026 11:05:12.573] [Worker-Main-6/ERROR] [net.minecraft.world.level.storage.loot.LootDataType/]: Couldn't parse element ResourceKey[minecraft:root / minecraft:loot_table]:railways:blocks/track_byg_witch_hazel_narrow - Unknown registry key in ResourceKey[minecraft:root / minecraft:item]: railways:track_byg_witch_hazel_narrow
[26Jul2026 11:05:12.573] [Worker-Main-6/ERROR] [net.minecraft.world.level.storage.loot.LootDataType/]: Couldn't parse element ResourceKey[minecraft:root / minecraft:loot_table]:surfacesamples:blocks/quartz_ore_sample - Unknown registry key in ResourceKey[minecraft:root / minecraft:item]: overworldquartzore:quartz_fragment
[26Jul2026 11:05:12.574] [Worker-Main-6/ERROR] [net.minecraft.world.level.storage.loot.LootDataType/]: Couldn't parse element ResourceKey[minecraft:root / minecraft:loot_table]:railways:blocks/track_biomesoplenty_mahogany_narrow - Unknown registry key in ResourceKey[minecraft:root / minecraft:item]: railways:track_biomesoplenty_mahogany_narrow
[26Jul2026 11:05:12.574] [Worker-Main-6/ERROR] [net.minecraft.world.level.storage.loot.LootDataType/]: Couldn't parse element ResourceKey[minecraft:root / minecraft:loot_table]:railways:blocks/track_natures_spirit_joshua_wide - Unknown registry key in ResourceKey[minecraft:root / minecraft:item]: railways:track_natures_spirit_joshua_wide
[26Jul2026 11:05:12.575] [Worker-Main-6/ERROR] [net.minecraft.world.level.storage.loot.LootDataType/]: Couldn't parse element ResourceKey[minecraft:root / minecraft:loot_table]:railways:blocks/track_byg_bulbis_narrow - Unknown registry key in ResourceKey[minecraft:root / minecraft:item]: railways:track_byg_bulbis_narrow
[26Jul2026 11:05:12.575] [Worker-Main-6/ERROR] [net.minecraft.world.level.storage.loot.LootDataType/]: Couldn't parse element ResourceKey[minecraft:root / minecraft:loot_table]:railways:blocks/track_twilightforest_sortingwood_wide - Unknown registry key in ResourceKey[minecraft:root / minecraft:item]: railways:track_twilightforest_sortingwood_wide
[26Jul2026 11:05:12.575] [Worker-Main-6/ERROR] [net.minecraft.world.level.storage.loot.LootDataType/]: Couldn't parse element ResourceKey[minecraft:root / minecraft:loot_table]:railways:blocks/track_byg_green_enchanted_wide - Unknown registry key in ResourceKey[minecraft:root / minecraft:item]: railways:track_byg_green_enchanted_wide
[26Jul2026 11:05:12.576] [Worker-Main-6/ERROR] [net.minecraft.world.level.storage.loot.LootDataType/]: Couldn't parse element ResourceKey[minecraft:root / minecraft:loot_table]:railways:blocks/track_tfc_chestnut_narrow - Unknown registry key in ResourceKey[minecraft:root / minecraft:item]: railways:track_tfc_chestnut_narrow
[26Jul2026 11:05:12.576] [Worker-Main-6/ERROR] [net.minecraft.world.level.storage.loot.LootDataType/]: Couldn't parse element ResourceKey[minecraft:root / minecraft:loot_table]:railways:blocks/track_create_dd_rose_wide - Unknown registry key in ResourceKey[minecraft:root / minecraft:item]: railways:track_create_dd_rose_wide
[26Jul2026 11:05:12.577] [Worker-Main-6/ERROR] [net.minecraft.world.level.storage.loot.LootDataType/]: Couldn't parse element ResourceKey[minecraft:root / minecraft:loot_table]:railways:blocks/track_byg_skyris_narrow - Unknown registry key in ResourceKey[minecraft:root / minecraft:item]: railways:track_byg_skyris_narrow
[26Jul2026 11:05:12.577] [Worker-Main-6/ERROR] [net.minecraft.world.level.storage.loot.LootDataType/]: Couldn't parse element ResourceKey[minecraft:root / minecraft:loot_table]:railways:blocks/track_tfc_willow_wide - Unknown registry key in ResourceKey[minecraft:root / minecraft:item]: railways:track_tfc_willow_wide
[26Jul2026 11:05:12.578] [Worker-Main-6/ERROR] [net.minecraft.world.level.storage.loot.LootDataType/]: Couldn't parse element ResourceKey[minecraft:root / minecraft:loot_table]:railways:blocks/track_byg_ether_wide - Unknown registry key in ResourceKey[minecraft:root / minecraft:item]: railways:track_byg_ether_wide
[26Jul2026 11:05:12.578] [Worker-Main-6/ERROR] [net.minecraft.world.level.storage.loot.LootDataType/]: Couldn't parse element ResourceKey[minecraft:root / minecraft:loot_table]:railways:blocks/track_create_dd_rose - Unknown registry key in ResourceKey[minecraft:root / minecraft:item]: railways:track_create_dd_rose
[26Jul2026 11:05:12.578] [Worker-Main-6/ERROR] [net.minecraft.world.level.storage.loot.LootDataType/]: Couldn't parse element ResourceKey[minecraft:root / minecraft:loot_table]:railways:blocks/track_byg_mahogany_narrow - Unknown registry key in ResourceKey[minecraft:root / minecraft:item]: railways:track_byg_mahogany_narrow
[26Jul2026 11:05:12.579] [Worker-Main-6/ERROR] [net.minecraft.world.level.storage.loot.LootDataType/]: Couldn't parse element ResourceKey[minecraft:root / minecraft:loot_table]:railways:blocks/track_tfc_acacia_narrow - Unknown registry key in ResourceKey[minecraft:root / minecraft:item]: railways:track_tfc_acacia_narrow
[26Jul2026 11:05:12.579] [Worker-Main-6/ERROR] [net.minecraft.world.level.storage.loot.LootDataType/]: Couldn't parse element ResourceKey[minecraft:root / minecraft:loot_table]:railways:blocks/track_byg_ebony - Unknown registry key in ResourceKey[minecraft:root / minecraft:item]: railways:track_byg_ebony
[26Jul2026 11:05:12.579] [Worker-Main-6/ERROR] [net.minecraft.world.level.storage.loot.LootDataType/]: Couldn't parse element ResourceKey[minecraft:root / minecraft:loot_table]:railways:blocks/track_tfc_rosewood - Unknown registry key in ResourceKey[minecraft:root / minecraft:item]: railways:track_tfc_rosewood
[26Jul2026 11:05:12.579] [Worker-Main-6/ERROR] [net.minecraft.world.level.storage.loot.LootDataType/]: Couldn't parse element ResourceKey[minecraft:root / minecraft:loot_table]:railways:blocks/track_byg_aspen_wide - Unknown registry key in ResourceKey[minecraft:root / minecraft:item]: railways:track_byg_aspen_wide
[26Jul2026 11:05:12.579] [Worker-Main-6/ERROR] [net.minecraft.world.level.storage.loot.LootDataType/]: Couldn't parse element ResourceKey[minecraft:root / minecraft:loot_table]:railways:blocks/track_create_dd_rubber_narrow - Unknown registry key in ResourceKey[minecraft:root / minecraft:item]: railways:track_create_dd_rubber_narrow
[26Jul2026 11:05:12.580] [Worker-Main-6/ERROR] [net.minecraft.world.level.storage.loot.LootDataType/]: Couldn't parse element ResourceKey[minecraft:root / minecraft:loot_table]:railways:blocks/track_byg_nightshade - Unknown registry key in ResourceKey[minecraft:root / minecraft:item]: railways:track_byg_nightshade
[26Jul2026 11:05:12.580] [Worker-Main-6/ERROR] [net.minecraft.world.level.storage.loot.LootDataType/]: Couldn't parse element ResourceKey[minecraft:root / minecraft:loot_table]:railways:blocks/track_byg_willow - Unknown registry key in ResourceKey[minecraft:root / minecraft:item]: railways:track_byg_willow
[26Jul2026 11:05:12.581] [Worker-Main-6/ERROR] [net.minecraft.world.level.storage.loot.LootDataType/]: Couldn't parse element ResourceKey[minecraft:root / minecraft:loot_table]:railways:blocks/track_byg_bulbis_wide - Unknown registry key in ResourceKey[minecraft:root / minecraft:item]: railways:track_byg_bulbis_wide
[26Jul2026 11:05:12.581] [Worker-Main-6/ERROR] [net.minecraft.world.level.storage.loot.LootDataType/]: Couldn't parse element ResourceKey[minecraft:root / minecraft:loot_table]:railways:blocks/track_byg_cika_narrow - Unknown registry key in ResourceKey[minecraft:root / minecraft:item]: railways:track_byg_cika_narrow
[26Jul2026 11:05:12.582] [Worker-Main-6/ERROR] [net.minecraft.world.level.storage.loot.LootDataType/]: Couldn't parse element ResourceKey[minecraft:root / minecraft:loot_table]:railways:blocks/track_twilightforest_mangrove - Unknown registry key in ResourceKey[minecraft:root / minecraft:item]: railways:track_twilightforest_mangrove
[26Jul2026 11:05:12.582] [Worker-Main-6/ERROR] [net.minecraft.world.level.storage.loot.LootDataType/]: Couldn't parse element ResourceKey[minecraft:root / minecraft:loot_table]:create_connected:blocks/dye_depot_maroon_fan_dyeing_catalyst - Unknown registry key in ResourceKey[minecraft:root / minecraft:item]: create_connected:dye_depot_maroon_fan_dyeing_catalyst
[26Jul2026 11:05:12.582] [Worker-Main-6/ERROR] [net.minecraft.world.level.storage.loot.LootDataType/]: Couldn't parse element ResourceKey[minecraft:root / minecraft:loot_table]:railways:blocks/track_natures_spirit_wisteria_wide - Unknown registry key in ResourceKey[minecraft:root / minecraft:item]: railways:track_natures_spirit_wisteria_wide
[26Jul2026 11:05:12.582] [Worker-Main-6/ERROR] [net.minecraft.world.level.storage.loot.LootDataType/]: Couldn't parse element ResourceKey[minecraft:root / minecraft:loot_table]:railways:blocks/track_biomesoplenty_mahogany_wide - Unknown registry key in ResourceKey[minecraft:root / minecraft:item]: railways:track_biomesoplenty_mahogany_wide
[26Jul2026 11:05:12.582] [Worker-Main-6/ERROR] [net.minecraft.world.level.storage.loot.LootDataType/]: Couldn't parse element ResourceKey[minecraft:root / minecraft:loot_table]:create_connected:blocks/dye_depot_mint_fan_dyeing_catalyst - Unknown registry key in ResourceKey[minecraft:root / minecraft:item]: create_connected:dye_depot_mint_fan_dyeing_catalyst
[26Jul2026 11:05:12.582] [Worker-Main-6/ERROR] [net.minecraft.world.level.storage.loot.LootDataType/]: Couldn't parse element ResourceKey[minecraft:root / minecraft:loot_table]:railways:blocks/track_biomesoplenty_willow - Unknown registry key in ResourceKey[minecraft:root / minecraft:item]: railways:track_biomesoplenty_willow
[26Jul2026 11:05:12.583] [Worker-Main-6/ERROR] [net.minecraft.world.level.storage.loot.LootDataType/]: Couldn't parse element ResourceKey[minecraft:root / minecraft:loot_table]:railways:blocks/track_byg_nightshade_wide - Unknown registry key in ResourceKey[minecraft:root / minecraft:item]: railways:track_byg_nightshade_wide
[26Jul2026 11:05:12.583] [Worker-Main-6/ERROR] [net.minecraft.world.level.storage.loot.LootDataType/]: Couldn't parse element ResourceKey[minecraft:root / minecraft:loot_table]:railways:blocks/track_byg_imparius - Unknown registry key in ResourceKey[minecraft:root / minecraft:item]: railways:track_byg_imparius
[26Jul2026 11:05:12.583] [Worker-Main-6/ERROR] [net.minecraft.world.level.storage.loot.LootDataType/]: Couldn't parse element ResourceKey[minecraft:root / minecraft:loot_table]:railways:blocks/track_biomesoplenty_magic_wide - Unknown registry key in ResourceKey[minecraft:root / minecraft:item]: railways:track_biomesoplenty_magic_wide
[26Jul2026 11:05:12.583] [Worker-Main-6/ERROR] [net.minecraft.world.level.storage.loot.LootDataType/]: Couldn't parse element ResourceKey[minecraft:root / minecraft:loot_table]:railways:blocks/track_byg_lament_narrow - Unknown registry key in ResourceKey[minecraft:root / minecraft:item]: railways:track_byg_lament_narrow
[26Jul2026 11:05:12.584] [Worker-Main-6/ERROR] [net.minecraft.world.level.storage.loot.LootDataType/]: Couldn't parse element ResourceKey[minecraft:root / minecraft:loot_table]:railways:blocks/track_twilightforest_mangrove_narrow - Unknown registry key in ResourceKey[minecraft:root / minecraft:item]: railways:track_twilightforest_mangrove_narrow
[26Jul2026 11:05:12.584] [Worker-Main-6/ERROR] [net.minecraft.world.level.storage.loot.LootDataType/]: Couldn't parse element ResourceKey[minecraft:root / minecraft:loot_table]:railways:blocks/track_byg_aspen - Unknown registry key in ResourceKey[minecraft:root / minecraft:item]: railways:track_byg_aspen
[26Jul2026 11:05:12.586] [Worker-Main-6/ERROR] [net.minecraft.world.level.storage.loot.LootDataType/]: Couldn't parse element ResourceKey[minecraft:root / minecraft:loot_table]:railways:blocks/track_tfc_rosewood_wide - Unknown registry key in ResourceKey[minecraft:root / minecraft:item]: railways:track_tfc_rosewood_wide
[26Jul2026 11:05:12.587] [Worker-Main-6/ERROR] [net.minecraft.world.level.storage.loot.LootDataType/]: Couldn't parse element ResourceKey[minecraft:root / minecraft:loot_table]:railways:blocks/track_natures_spirit_cypress - Unknown registry key in ResourceKey[minecraft:root / minecraft:item]: railways:track_natures_spirit_cypress
[26Jul2026 11:05:12.588] [Worker-Main-6/ERROR] [net.minecraft.world.level.storage.loot.LootDataType/]: Couldn't parse element ResourceKey[minecraft:root / minecraft:loot_table]:railways:blocks/track_create_dd_rose_narrow - Unknown registry key in ResourceKey[minecraft:root / minecraft:item]: railways:track_create_dd_rose_narrow
[26Jul2026 11:05:12.588] [Worker-Main-6/ERROR] [net.minecraft.world.level.storage.loot.LootDataType/]: Couldn't parse element ResourceKey[minecraft:root / minecraft:loot_table]:railways:blocks/track_byg_redwood_narrow - Unknown registry key in ResourceKey[minecraft:root / minecraft:item]: railways:track_byg_redwood_narrow
[26Jul2026 11:05:12.589] [Worker-Main-6/ERROR] [net.minecraft.world.level.storage.loot.LootDataType/]: Couldn't parse element ResourceKey[minecraft:root / minecraft:loot_table]:railways:blocks/track_tfc_willow_narrow - Unknown registry key in ResourceKey[minecraft:root / minecraft:item]: railways:track_tfc_willow_narrow
[26Jul2026 11:05:12.589] [Worker-Main-6/ERROR] [net.minecraft.world.level.storage.loot.LootDataType/]: Couldn't parse element ResourceKey[minecraft:root / minecraft:loot_table]:railways:blocks/track_twilightforest_minewood_wide - Unknown registry key in ResourceKey[minecraft:root / minecraft:item]: railways:track_twilightforest_minewood_wide
[26Jul2026 11:05:12.589] [Worker-Main-6/ERROR] [net.minecraft.world.level.storage.loot.LootDataType/]: Couldn't parse element ResourceKey[minecraft:root / minecraft:loot_table]:railways:blocks/track_tfc_douglas_fir - Unknown registry key in ResourceKey[minecraft:root / minecraft:item]: railways:track_tfc_douglas_fir
[26Jul2026 11:05:12.589] [Worker-Main-6/ERROR] [net.minecraft.world.level.storage.loot.LootDataType/]: Couldn't parse element ResourceKey[minecraft:root / minecraft:loot_table]:railways:blocks/track_biomesoplenty_dead_narrow - Unknown registry key in ResourceKey[minecraft:root / minecraft:item]: railways:track_biomesoplenty_dead_narrow
[26Jul2026 11:05:12.590] [Worker-Main-6/ERROR] [net.minecraft.world.level.storage.loot.LootDataType/]: Couldn't parse element ResourceKey[minecraft:root / minecraft:loot_table]:railways:blocks/track_byg_ebony_wide - Unknown registry key in ResourceKey[minecraft:root / minecraft:item]: railways:track_byg_ebony_wide
[26Jul2026 11:05:12.591] [Worker-Main-6/ERROR] [net.minecraft.world.level.storage.loot.LootDataType/]: Couldn't parse element ResourceKey[minecraft:root / minecraft:loot_table]:railways:blocks/track_blue_skies_dusk - Unknown registry key in ResourceKey[minecraft:root / minecraft:item]: railways:track_blue_skies_dusk
[26Jul2026 11:05:12.591] [Worker-Main-6/ERROR] [net.minecraft.world.level.storage.loot.LootDataType/]: Couldn't parse element ResourceKey[minecraft:root / minecraft:loot_table]:create_connected:blocks/dye_depot_olive_fan_dyeing_catalyst - Unknown registry key in ResourceKey[minecraft:root / minecraft:item]: create_connected:dye_depot_olive_fan_dyeing_catalyst
[26Jul2026 11:05:12.591] [Worker-Main-6/ERROR] [net.minecraft.world.level.storage.loot.LootDataType/]: Couldn't parse element ResourceKey[minecraft:root / minecraft:loot_table]:surfacesamples:blocks/test_sample - Unknown registry key in ResourceKey[minecraft:root / minecraft:item]: surfacesamples:test_sample
[26Jul2026 11:05:12.592] [Worker-Main-6/ERROR] [net.minecraft.world.level.storage.loot.LootDataType/]: Couldn't parse element ResourceKey[minecraft:root / minecraft:loot_table]:railways:blocks/track_natures_spirit_fir_wide - Unknown registry key in ResourceKey[minecraft:root / minecraft:item]: railways:track_natures_spirit_fir_wide
[26Jul2026 11:05:12.592] [Worker-Main-6/ERROR] [net.minecraft.world.level.storage.loot.LootDataType/]: Couldn't parse element ResourceKey[minecraft:root / minecraft:loot_table]:railways:blocks/track_tfc_kapok - Unknown registry key in ResourceKey[minecraft:root / minecraft:item]: railways:track_tfc_kapok
[26Jul2026 11:05:12.593] [Worker-Main-6/ERROR] [net.minecraft.world.level.storage.loot.LootDataType/]: Couldn't parse element ResourceKey[minecraft:root / minecraft:loot_table]:railways:blocks/track_twilightforest_sortingwood - Unknown registry key in ResourceKey[minecraft:root / minecraft:item]: railways:track_twilightforest_sortingwood
[26Jul2026 11:05:12.593] [Worker-Main-6/ERROR] [net.minecraft.world.level.storage.loot.LootDataType/]: Couldn't parse element ResourceKey[minecraft:root / minecraft:loot_table]:railways:blocks/track_byg_jacaranda_narrow - Unknown registry key in ResourceKey[minecraft:root / minecraft:item]: railways:track_byg_jacaranda_narrow
[26Jul2026 11:05:12.593] [Worker-Main-6/ERROR] [net.minecraft.world.level.storage.loot.LootDataType/]: Couldn't parse element ResourceKey[minecraft:root / minecraft:loot_table]:railways:blocks/track_byg_green_enchanted - Unknown registry key in ResourceKey[minecraft:root / minecraft:item]: railways:track_byg_green_enchanted
[26Jul2026 11:05:12.593] [Worker-Main-6/ERROR] [net.minecraft.world.level.storage.loot.LootDataType/]: Couldn't parse element ResourceKey[minecraft:root / minecraft:loot_table]:railways:blocks/track_byg_white_mangrove - Unknown registry key in ResourceKey[minecraft:root / minecraft:item]: railways:track_byg_white_mangrove
[26Jul2026 11:05:12.594] [Worker-Main-6/ERROR] [net.minecraft.world.level.storage.loot.LootDataType/]: Couldn't parse element ResourceKey[minecraft:root / minecraft:loot_table]:railways:blocks/track_natures_spirit_aspen - Unknown registry key in ResourceKey[minecraft:root / minecraft:item]: railways:track_natures_spirit_aspen
[26Jul2026 11:05:12.594] [Worker-Main-6/ERROR] [net.minecraft.world.level.storage.loot.LootDataType/]: Couldn't parse element ResourceKey[minecraft:root / minecraft:loot_table]:railways:blocks/track_blue_skies_frostbright_narrow - Unknown registry key in ResourceKey[minecraft:root / minecraft:item]: railways:track_blue_skies_frostbright_narrow
[26Jul2026 11:05:12.594] [Worker-Main-6/ERROR] [net.minecraft.world.level.storage.loot.LootDataType/]: Couldn't parse element ResourceKey[minecraft:root / minecraft:loot_table]:railways:blocks/track_tfc_oak_wide - Unknown registry key in ResourceKey[minecraft:root / minecraft:item]: railways:track_tfc_oak_wide
[26Jul2026 11:05:12.595] [Worker-Main-6/ERROR] [net.minecraft.world.level.storage.loot.LootDataType/]: Couldn't parse element ResourceKey[minecraft:root / minecraft:loot_table]:railways:blocks/track_tfc_blackwood - Unknown registry key in ResourceKey[minecraft:root / minecraft:item]: railways:track_tfc_blackwood
[26Jul2026 11:05:12.595] [Worker-Main-6/ERROR] [net.minecraft.world.level.storage.loot.LootDataType/]: Couldn't parse element ResourceKey[minecraft:root / minecraft:loot_table]:railways:blocks/track_natures_spirit_cypress_narrow - Unknown registry key in ResourceKey[minecraft:root / minecraft:item]: railways:track_natures_spirit_cypress_narrow
[26Jul2026 11:05:12.595] [Worker-Main-6/ERROR] [net.minecraft.world.level.storage.loot.LootDataType/]: Couldn't parse element ResourceKey[minecraft:root / minecraft:loot_table]:railways:blocks/track_quark_blossom_narrow - Unknown registry key in ResourceKey[minecraft:root / minecraft:item]: railways:track_quark_blossom_narrow
[26Jul2026 11:05:12.596] [Worker-Main-6/ERROR] [net.minecraft.world.level.storage.loot.LootDataType/]: Couldn't parse element ResourceKey[minecraft:root / minecraft:loot_table]:railways:blocks/track_biomesoplenty_umbran_narrow - Unknown registry key in ResourceKey[minecraft:root / minecraft:item]: railways:track_biomesoplenty_umbran_narrow
[26Jul2026 11:05:12.596] [Worker-Main-6/ERROR] [net.minecraft.world.level.storage.loot.LootDataType/]: Couldn't parse element ResourceKey[minecraft:root / minecraft:loot_table]:railways:blocks/track_tfc_chestnut_wide - Unknown registry key in ResourceKey[minecraft:root / minecraft:item]: railways:track_tfc_chestnut_wide
[26Jul2026 11:05:12.596] [Worker-Main-6/ERROR] [net.minecraft.world.level.storage.loot.LootDataType/]: Couldn't parse element ResourceKey[minecraft:root / minecraft:loot_table]:railways:blocks/track_natures_spirit_willow_narrow - Unknown registry key in ResourceKey[minecraft:root / minecraft:item]: railways:track_natures_spirit_willow_narrow
[26Jul2026 11:05:12.596] [Worker-Main-6/ERROR] [net.minecraft.world.level.storage.loot.LootDataType/]: Couldn't parse element ResourceKey[minecraft:root / minecraft:loot_table]:railways:blocks/track_blue_skies_bluebright - Unknown registry key in ResourceKey[minecraft:root / minecraft:item]: railways:track_blue_skies_bluebright
[26Jul2026 11:05:12.596] [Worker-Main-6/ERROR] [net.minecraft.world.level.storage.loot.LootDataType/]: Couldn't parse element ResourceKey[minecraft:root / minecraft:loot_table]:railways:blocks/track_tfc_ash_wide - Unknown registry key in ResourceKey[minecraft:root / minecraft:item]: railways:track_tfc_ash_wide
[26Jul2026 11:05:12.596] [Worker-Main-6/ERROR] [net.minecraft.world.level.storage.loot.LootDataType/]: Couldn't parse element ResourceKey[minecraft:root / minecraft:loot_table]:railways:blocks/track_blue_skies_bluebright_narrow - Unknown registry key in ResourceKey[minecraft:root / minecraft:item]: railways:track_blue_skies_bluebright_narrow
[26Jul2026 11:05:12.597] [Worker-Main-6/ERROR] [net.minecraft.world.level.storage.loot.LootDataType/]: Couldn't parse element ResourceKey[minecraft:root / minecraft:loot_table]:railways:blocks/track_biomesoplenty_mahogany - Unknown registry key in ResourceKey[minecraft:root / minecraft:item]: railways:track_biomesoplenty_mahogany
[26Jul2026 11:05:12.597] [Worker-Main-6/ERROR] [net.minecraft.world.level.storage.loot.LootDataType/]: Couldn't parse element ResourceKey[minecraft:root / minecraft:loot_table]:create_connected:blocks/dye_depot_verdant_fan_dyeing_catalyst - Unknown registry key in ResourceKey[minecraft:root / minecraft:item]: create_connected:dye_depot_verdant_fan_dyeing_catalyst
[26Jul2026 11:05:12.598] [Worker-Main-6/ERROR] [net.minecraft.world.level.storage.loot.LootDataType/]: Couldn't parse element ResourceKey[minecraft:root / minecraft:loot_table]:railways:blocks/track_byg_embur_narrow - Unknown registry key in ResourceKey[minecraft:root / minecraft:item]: railways:track_byg_embur_narrow
[26Jul2026 11:05:12.599] [Worker-Main-6/ERROR] [net.minecraft.world.level.storage.loot.LootDataType/]: Couldn't parse element ResourceKey[minecraft:root / minecraft:loot_table]:railways:blocks/track_natures_spirit_redwood - Unknown registry key in ResourceKey[minecraft:root / minecraft:item]: railways:track_natures_spirit_redwood
[26Jul2026 11:05:12.599] [Worker-Main-6/ERROR] [net.minecraft.world.level.storage.loot.LootDataType/]: Couldn't parse element ResourceKey[minecraft:root / minecraft:loot_table]:railways:blocks/track_tfc_palm_wide - Unknown registry key in ResourceKey[minecraft:root / minecraft:item]: railways:track_tfc_palm_wide
[26Jul2026 11:05:12.600] [Worker-Main-6/ERROR] [net.minecraft.world.level.storage.loot.LootDataType/]: Couldn't parse element ResourceKey[minecraft:root / minecraft:loot_table]:railways:blocks/track_byg_baobab_narrow - Unknown registry key in ResourceKey[minecraft:root / minecraft:item]: railways:track_byg_baobab_narrow
[26Jul2026 11:05:12.600] [Worker-Main-6/ERROR] [net.minecraft.world.level.storage.loot.LootDataType/]: Couldn't parse element ResourceKey[minecraft:root / minecraft:loot_table]:railways:blocks/track_twilightforest_canopy_narrow - Unknown registry key in ResourceKey[minecraft:root / minecraft:item]: railways:track_twilightforest_canopy_narrow
[26Jul2026 11:05:12.601] [Worker-Main-6/ERROR] [net.minecraft.world.level.storage.loot.LootDataType/]: Couldn't parse element ResourceKey[minecraft:root / minecraft:loot_table]:railways:blocks/track_twilightforest_twilight_oak - Unknown registry key in ResourceKey[minecraft:root / minecraft:item]: railways:track_twilightforest_twilight_oak
[26Jul2026 11:05:12.602] [Worker-Main-6/ERROR] [net.minecraft.world.level.storage.loot.LootDataType/]: Couldn't parse element ResourceKey[minecraft:root / minecraft:loot_table]:railways:blocks/track_tfc_rosewood_narrow - Unknown registry key in ResourceKey[minecraft:root / minecraft:item]: railways:track_tfc_rosewood_narrow
[26Jul2026 11:05:12.603] [Worker-Main-6/ERROR] [net.minecraft.world.level.storage.loot.LootDataType/]: Couldn't parse element ResourceKey[minecraft:root / minecraft:loot_table]:railways:blocks/track_byg_jacaranda - Unknown registry key in ResourceKey[minecraft:root / minecraft:item]: railways:track_byg_jacaranda
[26Jul2026 11:05:12.604] [Worker-Main-6/ERROR] [net.minecraft.world.level.storage.loot.LootDataType/]: Couldn't parse element ResourceKey[minecraft:root / minecraft:loot_table]:railways:blocks/track_byg_blue_enchanted_wide - Unknown registry key in ResourceKey[minecraft:root / minecraft:item]: railways:track_byg_blue_enchanted_wide
[26Jul2026 11:05:12.604] [Worker-Main-6/ERROR] [net.minecraft.world.level.storage.loot.LootDataType/]: Couldn't parse element ResourceKey[minecraft:root / minecraft:loot_table]:railways:blocks/track_biomesoplenty_redwood - Unknown registry key in ResourceKey[minecraft:root / minecraft:item]: railways:track_biomesoplenty_redwood
[26Jul2026 11:05:12.605] [Worker-Main-6/ERROR] [net.minecraft.world.level.storage.loot.LootDataType/]: Couldn't parse element ResourceKey[minecraft:root / minecraft:loot_table]:create_connected:blocks/dye_depot_beige_fan_dyeing_catalyst - Unknown registry key in ResourceKey[minecraft:root / minecraft:item]: create_connected:dye_depot_beige_fan_dyeing_catalyst
[26Jul2026 11:05:12.605] [Worker-Main-6/ERROR] [net.minecraft.world.level.storage.loot.LootDataType/]: Couldn't parse element ResourceKey[minecraft:root / minecraft:loot_table]:railways:blocks/track_tfc_kapok_narrow - Unknown registry key in ResourceKey[minecraft:root / minecraft:item]: railways:track_tfc_kapok_narrow
[26Jul2026 11:05:12.606] [Worker-Main-6/ERROR] [net.minecraft.world.level.storage.loot.LootDataType/]: Couldn't parse element ResourceKey[minecraft:root / minecraft:loot_table]:railways:blocks/track_blue_skies_starlit_narrow - Unknown registry key in ResourceKey[minecraft:root / minecraft:item]: railways:track_blue_skies_starlit_narrow
[26Jul2026 11:05:12.607] [Worker-Main-6/ERROR] [net.minecraft.world.level.storage.loot.LootDataType/]: Couldn't parse element ResourceKey[minecraft:root / minecraft:loot_table]:railways:blocks/track_tfc_aspen - Unknown registry key in ResourceKey[minecraft:root / minecraft:item]: railways:track_tfc_aspen
[26Jul2026 11:05:12.607] [Worker-Main-6/ERROR] [net.minecraft.world.level.storage.loot.LootDataType/]: Couldn't parse element ResourceKey[minecraft:root / minecraft:loot_table]:railways:blocks/track_tfc_pine - Unknown registry key in ResourceKey[minecraft:root / minecraft:item]: railways:track_tfc_pine
[26Jul2026 11:05:12.608] [Worker-Main-6/ERROR] [net.minecraft.world.level.storage.loot.LootDataType/]: Couldn't parse element ResourceKey[minecraft:root / minecraft:loot_table]:railways:blocks/track_tfc_spruce_wide - Unknown registry key in ResourceKey[minecraft:root / minecraft:item]: railways:track_tfc_spruce_wide
[26Jul2026 11:05:12.608] [Worker-Main-6/ERROR] [net.minecraft.world.level.storage.loot.LootDataType/]: Couldn't parse element ResourceKey[minecraft:root / minecraft:loot_table]:railways:blocks/track_byg_zelkova_wide - Unknown registry key in ResourceKey[minecraft:root / minecraft:item]: railways:track_byg_zelkova_wide
[26Jul2026 11:05:12.608] [Worker-Main-6/ERROR] [net.minecraft.world.level.storage.loot.LootDataType/]: Couldn't parse element ResourceKey[minecraft:root / minecraft:loot_table]:railways:blocks/track_biomesoplenty_umbran_wide - Unknown registry key in ResourceKey[minecraft:root / minecraft:item]: railways:track_biomesoplenty_umbran_wide
[26Jul2026 11:05:12.609] [Worker-Main-6/ERROR] [net.minecraft.world.level.storage.loot.LootDataType/]: Couldn't parse element ResourceKey[minecraft:root / minecraft:loot_table]:railways:blocks/track_tfc_spruce_narrow - Unknown registry key in ResourceKey[minecraft:root / minecraft:item]: railways:track_tfc_spruce_narrow
[26Jul2026 11:05:12.610] [Worker-Main-6/ERROR] [net.minecraft.world.level.storage.loot.LootDataType/]: Couldn't parse element ResourceKey[minecraft:root / minecraft:loot_table]:railways:blocks/track_tfc_douglas_fir_wide - Unknown registry key in ResourceKey[minecraft:root / minecraft:item]: railways:track_tfc_douglas_fir_wide
[26Jul2026 11:05:12.611] [Worker-Main-6/ERROR] [net.minecraft.world.level.storage.loot.LootDataType/]: Couldn't parse element ResourceKey[minecraft:root / minecraft:loot_table]:railways:blocks/track_tfc_willow - Unknown registry key in ResourceKey[minecraft:root / minecraft:item]: railways:track_tfc_willow
[26Jul2026 11:05:12.611] [Worker-Main-6/ERROR] [net.minecraft.world.level.storage.loot.LootDataType/]: Couldn't parse element ResourceKey[minecraft:root / minecraft:loot_table]:railways:blocks/track_hexcasting_edified_wide - Unknown registry key in ResourceKey[minecraft:root / minecraft:item]: railways:track_hexcasting_edified_wide
[26Jul2026 11:05:12.611] [Worker-Main-6/ERROR] [net.minecraft.world.level.storage.loot.LootDataType/]: Couldn't parse element ResourceKey[minecraft:root / minecraft:loot_table]:railways:blocks/track_byg_witch_hazel_wide - Unknown registry key in ResourceKey[minecraft:root / minecraft:item]: railways:track_byg_witch_hazel_wide
[26Jul2026 11:05:12.611] [Worker-Main-6/ERROR] [net.minecraft.world.level.storage.loot.LootDataType/]: Couldn't parse element ResourceKey[minecraft:root / minecraft:loot_table]:railways:blocks/track_byg_willow_narrow - Unknown registry key in ResourceKey[minecraft:root / minecraft:item]: railways:track_byg_willow_narrow
[26Jul2026 11:05:12.611] [Worker-Main-6/ERROR] [net.minecraft.world.level.storage.loot.LootDataType/]: Couldn't parse element ResourceKey[minecraft:root / minecraft:loot_table]:railways:blocks/track_byg_baobab - Unknown registry key in ResourceKey[minecraft:root / minecraft:item]: railways:track_byg_baobab
[26Jul2026 11:05:12.612] [Worker-Main-6/ERROR] [net.minecraft.world.level.storage.loot.LootDataType/]: Couldn't parse element ResourceKey[minecraft:root / minecraft:loot_table]:railways:blocks/track_natures_spirit_fir_narrow - Unknown registry key in ResourceKey[minecraft:root / minecraft:item]: railways:track_natures_spirit_fir_narrow
[26Jul2026 11:05:12.612] [Worker-Main-6/ERROR] [net.minecraft.world.level.storage.loot.LootDataType/]: Couldn't parse element ResourceKey[minecraft:root / minecraft:loot_table]:railways:blocks/track_byg_palm_wide - Unknown registry key in ResourceKey[minecraft:root / minecraft:item]: railways:track_byg_palm_wide
[26Jul2026 11:05:12.612] [Worker-Main-6/ERROR] [net.minecraft.world.level.storage.loot.LootDataType/]: Couldn't parse element ResourceKey[minecraft:root / minecraft:loot_table]:railways:blocks/track_byg_pine_wide - Unknown registry key in ResourceKey[minecraft:root / minecraft:item]: railways:track_byg_pine_wide
[26Jul2026 11:05:12.612] [Worker-Main-6/ERROR] [net.minecraft.world.level.storage.loot.LootDataType/]: Couldn't parse element ResourceKey[minecraft:root / minecraft:loot_table]:railways:blocks/track_natures_spirit_sugi_narrow - Unknown registry key in ResourceKey[minecraft:root / minecraft:item]: railways:track_natures_spirit_sugi_narrow
[26Jul2026 11:05:12.612] [Worker-Main-6/ERROR] [net.minecraft.world.level.storage.loot.LootDataType/]: Couldn't parse element ResourceKey[minecraft:root / minecraft:loot_table]:railways:blocks/track_byg_maple_wide - Unknown registry key in ResourceKey[minecraft:root / minecraft:item]: railways:track_byg_maple_wide
[26Jul2026 11:05:12.613] [Worker-Main-6/ERROR] [net.minecraft.world.level.storage.loot.LootDataType/]: Couldn't parse element ResourceKey[minecraft:root / minecraft:loot_table]:railways:blocks/track_biomesoplenty_fir_wide - Unknown registry key in ResourceKey[minecraft:root / minecraft:item]: railways:track_biomesoplenty_fir_wide
[26Jul2026 11:05:12.613] [Worker-Main-6/ERROR] [net.minecraft.world.level.storage.loot.LootDataType/]: Couldn't parse element ResourceKey[minecraft:root / minecraft:loot_table]:railways:blocks/track_byg_maple - Unknown registry key in ResourceKey[minecraft:root / minecraft:item]: railways:track_byg_maple
[26Jul2026 11:05:12.613] [Worker-Main-6/ERROR] [net.minecraft.world.level.storage.loot.LootDataType/]: Couldn't parse element ResourceKey[minecraft:root / minecraft:loot_table]:railways:blocks/track_byg_lament_wide - Unknown registry key in ResourceKey[minecraft:root / minecraft:item]: railways:track_byg_lament_wide
[26Jul2026 11:05:12.614] [Worker-Main-6/ERROR] [net.minecraft.world.level.storage.loot.LootDataType/]: Couldn't parse element ResourceKey[minecraft:root / minecraft:loot_table]:railways:blocks/track_natures_spirit_ghaf - Unknown registry key in ResourceKey[minecraft:root / minecraft:item]: railways:track_natures_spirit_ghaf
[26Jul2026 11:05:12.614] [Worker-Main-6/ERROR] [net.minecraft.world.level.storage.loot.LootDataType/]: Couldn't parse element ResourceKey[minecraft:root / minecraft:loot_table]:railways:blocks/track_tfc_palm - Unknown registry key in ResourceKey[minecraft:root / minecraft:item]: railways:track_tfc_palm
[26Jul2026 11:05:12.615] [Worker-Main-6/ERROR] [net.minecraft.world.level.storage.loot.LootDataType/]: Couldn't parse element ResourceKey[minecraft:root / minecraft:loot_table]:railways:blocks/track_byg_blue_enchanted - Unknown registry key in ResourceKey[minecraft:root / minecraft:item]: railways:track_byg_blue_enchanted
[26Jul2026 11:05:12.615] [Worker-Main-6/ERROR] [net.minecraft.world.level.storage.loot.LootDataType/]: Couldn't parse element ResourceKey[minecraft:root / minecraft:loot_table]:railways:blocks/track_natures_spirit_maple_wide - Unknown registry key in ResourceKey[minecraft:root / minecraft:item]: railways:track_natures_spirit_maple_wide
[26Jul2026 11:05:12.615] [Worker-Main-6/ERROR] [net.minecraft.world.level.storage.loot.LootDataType/]: Couldn't parse element ResourceKey[minecraft:root / minecraft:loot_table]:railways:blocks/track_tfc_white_cedar_wide - Unknown registry key in ResourceKey[minecraft:root / minecraft:item]: railways:track_tfc_white_cedar_wide
[26Jul2026 11:05:12.617] [Worker-Main-6/ERROR] [net.minecraft.world.level.storage.loot.LootDataType/]: Couldn't parse element ResourceKey[minecraft:root / minecraft:loot_table]:railways:blocks/track_twilightforest_minewood - Unknown registry key in ResourceKey[minecraft:root / minecraft:item]: railways:track_twilightforest_minewood
[26Jul2026 11:05:12.617] [Worker-Main-6/ERROR] [net.minecraft.world.level.storage.loot.LootDataType/]: Couldn't parse element ResourceKey[minecraft:root / minecraft:loot_table]:create_connected:blocks/dye_depot_teal_fan_dyeing_catalyst - Unknown registry key in ResourceKey[minecraft:root / minecraft:item]: create_connected:dye_depot_teal_fan_dyeing_catalyst
[26Jul2026 11:05:12.618] [Worker-Main-6/ERROR] [net.minecraft.world.level.storage.loot.LootDataType/]: Couldn't parse element ResourceKey[minecraft:root / minecraft:loot_table]:railways:blocks/track_byg_pine_narrow - Unknown registry key in ResourceKey[minecraft:root / minecraft:item]: railways:track_byg_pine_narrow
[26Jul2026 11:05:12.618] [Worker-Main-6/ERROR] [net.minecraft.world.level.storage.loot.LootDataType/]: Couldn't parse element ResourceKey[minecraft:root / minecraft:loot_table]:railways:blocks/track_natures_spirit_olive_wide - Unknown registry key in ResourceKey[minecraft:root / minecraft:item]: railways:track_natures_spirit_olive_wide
[26Jul2026 11:05:12.618] [Worker-Main-6/ERROR] [net.minecraft.world.level.storage.loot.LootDataType/]: Couldn't parse element ResourceKey[minecraft:root / minecraft:loot_table]:railways:blocks/track_natures_spirit_sugi_wide - Unknown registry key in ResourceKey[minecraft:root / minecraft:item]: railways:track_natures_spirit_sugi_wide
[26Jul2026 11:05:12.619] [Worker-Main-6/ERROR] [net.minecraft.world.level.storage.loot.LootDataType/]: Couldn't parse element ResourceKey[minecraft:root / minecraft:loot_table]:railways:blocks/track_byg_aspen_narrow - Unknown registry key in ResourceKey[minecraft:root / minecraft:item]: railways:track_byg_aspen_narrow
[26Jul2026 11:05:12.619] [Worker-Main-6/ERROR] [net.minecraft.world.level.storage.loot.LootDataType/]: Couldn't parse element ResourceKey[minecraft:root / minecraft:loot_table]:railways:blocks/track_tfc_sequoia_narrow - Unknown registry key in ResourceKey[minecraft:root / minecraft:item]: railways:track_tfc_sequoia_narrow
[26Jul2026 11:05:12.619] [Worker-Main-6/ERROR] [net.minecraft.world.level.storage.loot.LootDataType/]: Couldn't parse element ResourceKey[minecraft:root / minecraft:loot_table]:railways:blocks/track_twilightforest_sortingwood_narrow - Unknown registry key in ResourceKey[minecraft:root / minecraft:item]: railways:track_twilightforest_sortingwood_narrow
[26Jul2026 11:05:12.619] [Worker-Main-6/ERROR] [net.minecraft.world.level.storage.loot.LootDataType/]: Couldn't parse element ResourceKey[minecraft:root / minecraft:loot_table]:railways:blocks/track_tfc_spruce - Unknown registry key in ResourceKey[minecraft:root / minecraft:item]: railways:track_tfc_spruce
[26Jul2026 11:05:12.620] [Worker-Main-6/ERROR] [net.minecraft.world.level.storage.loot.LootDataType/]: Couldn't parse element ResourceKey[minecraft:root / minecraft:loot_table]:railways:blocks/track_tfc_douglas_fir_narrow - Unknown registry key in ResourceKey[minecraft:root / minecraft:item]: railways:track_tfc_douglas_fir_narrow
[26Jul2026 11:05:12.620] [Worker-Main-6/ERROR] [net.minecraft.world.level.storage.loot.LootDataType/]: Couldn't parse element ResourceKey[minecraft:root / minecraft:loot_table]:railways:blocks/track_biomesoplenty_hellbark_narrow - Unknown registry key in ResourceKey[minecraft:root / minecraft:item]: railways:track_biomesoplenty_hellbark_narrow
[26Jul2026 11:05:12.621] [Worker-Main-6/ERROR] [net.minecraft.world.level.storage.loot.LootDataType/]: Couldn't parse element ResourceKey[minecraft:root / minecraft:loot_table]:railways:blocks/track_tfc_pine_wide - Unknown registry key in ResourceKey[minecraft:root / minecraft:item]: railways:track_tfc_pine_wide
[26Jul2026 11:05:12.622] [Worker-Main-6/ERROR] [net.minecraft.world.level.storage.loot.LootDataType/]: Couldn't parse element ResourceKey[minecraft:root / minecraft:loot_table]:railways:blocks/track_byg_redwood - Unknown registry key in ResourceKey[minecraft:root / minecraft:item]: railways:track_byg_redwood
[26Jul2026 11:05:12.622] [Worker-Main-6/ERROR] [net.minecraft.world.level.storage.loot.LootDataType/]: Couldn't parse element ResourceKey[minecraft:root / minecraft:loot_table]:railways:blocks/track_create_dd_rubber_wide - Unknown registry key in ResourceKey[minecraft:root / minecraft:item]: railways:track_create_dd_rubber_wide
[26Jul2026 11:05:12.622] [Worker-Main-6/ERROR] [net.minecraft.world.level.storage.loot.LootDataType/]: Couldn't parse element ResourceKey[minecraft:root / minecraft:loot_table]:railways:blocks/track_natures_spirit_ghaf_wide - Unknown registry key in ResourceKey[minecraft:root / minecraft:item]: railways:track_natures_spirit_ghaf_wide
[26Jul2026 11:05:12.623] [Worker-Main-6/ERROR] [net.minecraft.world.level.storage.loot.LootDataType/]: Couldn't parse element ResourceKey[minecraft:root / minecraft:loot_table]:railways:blocks/track_natures_spirit_palo_verde - Unknown registry key in ResourceKey[minecraft:root / minecraft:item]: railways:track_natures_spirit_palo_verde
[26Jul2026 11:05:12.623] [Worker-Main-6/ERROR] [net.minecraft.world.level.storage.loot.LootDataType/]: Couldn't parse element ResourceKey[minecraft:root / minecraft:loot_table]:railways:blocks/track_biomesoplenty_palm_wide - Unknown registry key in ResourceKey[minecraft:root / minecraft:item]: railways:track_biomesoplenty_palm_wide
[26Jul2026 11:05:12.624] [Worker-Main-6/ERROR] [net.minecraft.world.level.storage.loot.LootDataType/]: Couldn't parse element ResourceKey[minecraft:root / minecraft:loot_table]:railways:blocks/track_natures_spirit_redwood_wide - Unknown registry key in ResourceKey[minecraft:root / minecraft:item]: railways:track_natures_spirit_redwood_wide
[26Jul2026 11:05:12.624] [Worker-Main-6/ERROR] [net.minecraft.world.level.storage.loot.LootDataType/]: Couldn't parse element ResourceKey[minecraft:root / minecraft:loot_table]:railways:blocks/track_blue_skies_lunar_narrow - Unknown registry key in ResourceKey[minecraft:root / minecraft:item]: railways:track_blue_skies_lunar_narrow
[26Jul2026 11:05:12.624] [Worker-Main-6/ERROR] [net.minecraft.world.level.storage.loot.LootDataType/]: Couldn't parse element ResourceKey[minecraft:root / minecraft:loot_table]:railways:blocks/track_tfc_sycamore_narrow - Unknown registry key in ResourceKey[minecraft:root / minecraft:item]: railways:track_tfc_sycamore_narrow
[26Jul2026 11:05:12.625] [Worker-Main-6/ERROR] [net.minecraft.world.level.storage.loot.LootDataType/]: Couldn't parse element ResourceKey[minecraft:root / minecraft:loot_table]:railways:blocks/track_tfc_aspen_narrow - Unknown registry key in ResourceKey[minecraft:root / minecraft:item]: railways:track_tfc_aspen_narrow
[26Jul2026 11:05:12.625] [Worker-Main-6/ERROR] [net.minecraft.world.level.storage.loot.LootDataType/]: Couldn't parse element ResourceKey[minecraft:root / minecraft:loot_table]:create_connected:blocks/dye_depot_tan_fan_dyeing_catalyst - Unknown registry key in ResourceKey[minecraft:root / minecraft:item]: create_connected:dye_depot_tan_fan_dyeing_catalyst
[26Jul2026 11:05:12.625] [Worker-Main-6/ERROR] [net.minecraft.world.level.storage.loot.LootDataType/]: Couldn't parse element ResourceKey[minecraft:root / minecraft:loot_table]:railways:blocks/track_create_dd_spirit_wide - Unknown registry key in ResourceKey[minecraft:root / minecraft:item]: railways:track_create_dd_spirit_wide
[26Jul2026 11:05:12.625] [Worker-Main-6/ERROR] [net.minecraft.world.level.storage.loot.LootDataType/]: Couldn't parse element ResourceKey[minecraft:root / minecraft:loot_table]:railways:blocks/track_quark_blossom_wide - Unknown registry key in ResourceKey[minecraft:root / minecraft:item]: railways:track_quark_blossom_wide
[26Jul2026 11:05:12.625] [Worker-Main-6/ERROR] [net.minecraft.world.level.storage.loot.LootDataType/]: Couldn't parse element ResourceKey[minecraft:root / minecraft:loot_table]:railways:blocks/track_biomesoplenty_magic - Unknown registry key in ResourceKey[minecraft:root / minecraft:item]: railways:track_biomesoplenty_magic
[26Jul2026 11:05:12.625] [Worker-Main-6/ERROR] [net.minecraft.world.level.storage.loot.LootDataType/]: Couldn't parse element ResourceKey[minecraft:root / minecraft:loot_table]:railways:blocks/track_twilightforest_canopy_wide - Unknown registry key in ResourceKey[minecraft:root / minecraft:item]: railways:track_twilightforest_canopy_wide
[26Jul2026 11:05:12.626] [Worker-Main-6/ERROR] [net.minecraft.world.level.storage.loot.LootDataType/]: Couldn't parse element ResourceKey[minecraft:root / minecraft:loot_table]:create_connected:blocks/dye_depot_indigo_fan_dyeing_catalyst - Unknown registry key in ResourceKey[minecraft:root / minecraft:item]: create_connected:dye_depot_indigo_fan_dyeing_catalyst
[26Jul2026 11:05:12.626] [Worker-Main-6/ERROR] [net.minecraft.world.level.storage.loot.LootDataType/]: Couldn't parse element ResourceKey[minecraft:root / minecraft:loot_table]:railways:blocks/track_byg_ether - Unknown registry key in ResourceKey[minecraft:root / minecraft:item]: railways:track_byg_ether
[26Jul2026 11:05:12.626] [Worker-Main-6/ERROR] [net.minecraft.world.level.storage.loot.LootDataType/]: Couldn't parse element ResourceKey[minecraft:root / minecraft:loot_table]:railways:blocks/track_blue_skies_starlit_wide - Unknown registry key in ResourceKey[minecraft:root / minecraft:item]: railways:track_blue_skies_starlit_wide
[26Jul2026 11:05:12.626] [Worker-Main-6/ERROR] [net.minecraft.world.level.storage.loot.LootDataType/]: Couldn't parse element ResourceKey[minecraft:root / minecraft:loot_table]:railways:blocks/track_byg_cika - Unknown registry key in ResourceKey[minecraft:root / minecraft:item]: railways:track_byg_cika
[26Jul2026 11:05:12.627] [Worker-Main-6/ERROR] [net.minecraft.world.level.storage.loot.LootDataType/]: Couldn't parse element ResourceKey[minecraft:root / minecraft:loot_table]:railways:blocks/track_biomesoplenty_palm_narrow - Unknown registry key in ResourceKey[minecraft:root / minecraft:item]: railways:track_biomesoplenty_palm_narrow
[26Jul2026 11:05:12.627] [Worker-Main-6/ERROR] [net.minecraft.world.level.storage.loot.LootDataType/]: Couldn't parse element ResourceKey[minecraft:root / minecraft:loot_table]:railways:blocks/track_quark_blossom - Unknown registry key in ResourceKey[minecraft:root / minecraft:item]: railways:track_quark_blossom
[26Jul2026 11:05:12.627] [Worker-Main-6/ERROR] [net.minecraft.world.level.storage.loot.LootDataType/]: Couldn't parse element ResourceKey[minecraft:root / minecraft:loot_table]:railways:blocks/track_biomesoplenty_jacaranda_narrow - Unknown registry key in ResourceKey[minecraft:root / minecraft:item]: railways:track_biomesoplenty_jacaranda_narrow
[26Jul2026 11:05:12.627] [Worker-Main-6/ERROR] [net.minecraft.world.level.storage.loot.LootDataType/]: Couldn't parse element ResourceKey[minecraft:root / minecraft:loot_table]:railways:blocks/track_quark_azalea_wide - Unknown registry key in ResourceKey[minecraft:root / minecraft:item]: railways:track_quark_azalea_wide
[26Jul2026 11:05:12.628] [Worker-Main-6/ERROR] [net.minecraft.world.level.storage.loot.LootDataType/]: Couldn't parse element ResourceKey[minecraft:root / minecraft:loot_table]:railways:blocks/track_natures_spirit_joshua - Unknown registry key in ResourceKey[minecraft:root / minecraft:item]: railways:track_natures_spirit_joshua
[26Jul2026 11:05:12.629] [Worker-Main-6/ERROR] [net.minecraft.world.level.storage.loot.LootDataType/]: Couldn't parse element ResourceKey[minecraft:root / minecraft:loot_table]:railways:blocks/track_byg_bulbis - Unknown registry key in ResourceKey[minecraft:root / minecraft:item]: railways:track_byg_bulbis
[26Jul2026 11:05:12.629] [Worker-Main-6/ERROR] [net.minecraft.world.level.storage.loot.LootDataType/]: Couldn't parse element ResourceKey[minecraft:root / minecraft:loot_table]:create_connected:blocks/dye_depot_navy_fan_dyeing_catalyst - Unknown registry key in ResourceKey[minecraft:root / minecraft:item]: create_connected:dye_depot_navy_fan_dyeing_catalyst
[26Jul2026 11:05:12.629] [Worker-Main-6/ERROR] [net.minecraft.world.level.storage.loot.LootDataType/]: Couldn't parse element ResourceKey[minecraft:root / minecraft:loot_table]:railways:blocks/track_byg_cypress_narrow - Unknown registry key in ResourceKey[minecraft:root / minecraft:item]: railways:track_byg_cypress_narrow
[26Jul2026 11:05:12.629] [Worker-Main-6/ERROR] [net.minecraft.world.level.storage.loot.LootDataType/]: Couldn't parse element ResourceKey[minecraft:root / minecraft:loot_table]:railways:blocks/track_blue_skies_maple_wide - Unknown registry key in ResourceKey[minecraft:root / minecraft:item]: railways:track_blue_skies_maple_wide
[26Jul2026 11:05:12.629] [Worker-Main-6/ERROR] [net.minecraft.world.level.storage.loot.LootDataType/]: Couldn't parse element ResourceKey[minecraft:root / minecraft:loot_table]:railways:blocks/track_biomesoplenty_redwood_wide - Unknown registry key in ResourceKey[minecraft:root / minecraft:item]: railways:track_biomesoplenty_redwood_wide
[26Jul2026 11:05:12.630] [Worker-Main-6/ERROR] [net.minecraft.world.level.storage.loot.LootDataType/]: Couldn't parse element ResourceKey[minecraft:root / minecraft:loot_table]:railways:blocks/track_natures_spirit_maple_narrow - Unknown registry key in ResourceKey[minecraft:root / minecraft:item]: railways:track_natures_spirit_maple_narrow
[26Jul2026 11:05:12.630] [Worker-Main-6/ERROR] [net.minecraft.world.level.storage.loot.LootDataType/]: Couldn't parse element ResourceKey[minecraft:root / minecraft:loot_table]:railways:blocks/track_biomesoplenty_willow_narrow - Unknown registry key in ResourceKey[minecraft:root / minecraft:item]: railways:track_biomesoplenty_willow_narrow
[26Jul2026 11:05:12.631] [Worker-Main-6/ERROR] [net.minecraft.world.level.storage.loot.LootDataType/]: Couldn't parse element ResourceKey[minecraft:root / minecraft:loot_table]:railways:blocks/track_quark_azalea - Unknown registry key in ResourceKey[minecraft:root / minecraft:item]: railways:track_quark_azalea
[26Jul2026 11:05:12.632] [Worker-Main-6/ERROR] [net.minecraft.world.level.storage.loot.LootDataType/]: Couldn't parse element ResourceKey[minecraft:root / minecraft:loot_table]:railways:blocks/track_twilightforest_timewood_wide - Unknown registry key in ResourceKey[minecraft:root / minecraft:item]: railways:track_twilightforest_timewood_wide
[26Jul2026 11:05:12.634] [Worker-Main-6/ERROR] [net.minecraft.world.level.storage.loot.LootDataType/]: Couldn't parse element ResourceKey[minecraft:root / minecraft:loot_table]:railways:blocks/track_twilightforest_transwood - Unknown registry key in ResourceKey[minecraft:root / minecraft:item]: railways:track_twilightforest_transwood
[26Jul2026 11:05:12.634] [Worker-Main-6/ERROR] [net.minecraft.world.level.storage.loot.LootDataType/]: Couldn't parse element ResourceKey[minecraft:root / minecraft:loot_table]:railways:blocks/track_tfc_pine_narrow - Unknown registry key in ResourceKey[minecraft:root / minecraft:item]: railways:track_tfc_pine_narrow
[26Jul2026 11:05:12.635] [Worker-Main-6/ERROR] [net.minecraft.world.level.storage.loot.LootDataType/]: Couldn't parse element ResourceKey[minecraft:root / minecraft:loot_table]:railways:blocks/track_biomesoplenty_redwood_narrow - Unknown registry key in ResourceKey[minecraft:root / minecraft:item]: railways:track_biomesoplenty_redwood_narrow
[26Jul2026 11:05:12.635] [Worker-Main-6/ERROR] [net.minecraft.world.level.storage.loot.LootDataType/]: Couldn't parse element ResourceKey[minecraft:root / minecraft:loot_table]:railways:blocks/track_create_dd_smoked_narrow - Unknown registry key in ResourceKey[minecraft:root / minecraft:item]: railways:track_create_dd_smoked_narrow
[26Jul2026 11:05:12.641] [Worker-Main-6/INFO] [emi_loot/]: parsing loot tables
[26Jul2026 11:05:12.712] [Worker-Main-6/INFO] [emi_loot/]: finished parsing loot tables in 71
[26Jul2026 11:05:12.989] [Worker-Main-6/INFO] [bountiful/]: Adding serverside commands..
[26Jul2026 11:05:13.084] [Render thread/INFO] [bountiful/]: Merging _all_objs with _all_objs
[26Jul2026 11:05:13.120] [Render thread/INFO] [bountiful/]: Merging _all_rews with _all_rews
[26Jul2026 11:05:13.142] [Render thread/INFO] [bountiful/]: Merging _metal_objs with _metal_objs
[26Jul2026 11:05:13.161] [Worker-Main-8/WARN] [net.neoforged.neoforge.registries.DataMapLoader/]: Found data map file for non-existent data map type 'create_dragons_plus:fan_processing_catalysts/coloring' on registry 'minecraft:block'.
[26Jul2026 11:05:13.181] [Render thread/INFO] [bountiful/]: Merging cleric_objs with cleric_objs
[26Jul2026 11:05:13.214] [Render thread/INFO] [bountiful/]: Merging cleric_rews with cleric_rews
[26Jul2026 11:05:13.221] [Render thread/INFO] [bountiful/]: Merging farmer_objs with farmer_objs
[26Jul2026 11:05:13.223] [Render thread/INFO] [bountiful/]: Merging farmer_objs with farmer_objs
[26Jul2026 11:05:13.227] [Render thread/INFO] [bountiful/]: Merging farmer_rews with farmer_rews
[26Jul2026 11:05:13.229] [Render thread/INFO] [bountiful/]: Merging farmer_rews with farmer_rews
[26Jul2026 11:05:13.238] [Render thread/INFO] [bountiful/]: Merging fletcher_rews with fletcher_rews
[26Jul2026 11:05:13.242] [Render thread/INFO] [bountiful/]: Merging inventor_objs with inventor_objs
[26Jul2026 11:05:13.244] [Render thread/INFO] [bountiful/]: Merging inventor_rews with inventor_rews
[26Jul2026 11:05:13.249] [Render thread/INFO] [bountiful/]: Merging librarian_rews with librarian_rews
[26Jul2026 11:05:13.255] [Render thread/INFO] [bountiful/]: Merging toolsmith_objs with toolsmith_objs
[26Jul2026 11:05:13.258] [Render thread/INFO] [bountiful/]: Merging toolsmith_rews with toolsmith_rews
[26Jul2026 11:05:13.259] [Render thread/INFO] [bountiful/]: Merging toolsmith_rews with toolsmith_rews
[26Jul2026 11:05:13.261] [Render thread/INFO] [bountiful/]: Merging chef_rews with chef_rews
[26Jul2026 11:05:13.265] [Render thread/INFO] [bountiful/]: Merging chef_objs with chef_objs
[26Jul2026 11:05:13.265] [Render thread/INFO] [bountiful/]: Trying to load unloaded files from: config/bountiful/bounty_pools
[26Jul2026 11:05:13.267] [Render thread/INFO] [bountiful/]: Trying to load unloaded files from: config/bountiful/bounty_decrees
[26Jul2026 11:05:13.269] [Render thread/WARN] [bountiful/]: Pool 'chef_rews' has been loaded, but is not attached to any existing data! This is probably a configuration error.
* If you intended to add this data to an existing Pool, please use an existing Pool name instead of 'chef_rews'.
* Did you mean to use the pool name 'fletcher_rews' instead of 'chef_rews'?
* Otherwise, please add 'chef_rews' to a Decree.
* NOTE: This data will not show up in game until one of the above fixes is made.
[26Jul2026 11:05:13.269] [Render thread/WARN] [bountiful/]: Pool 'carpenter_objs' has been loaded, but is not attached to any existing data! This is probably a configuration error.
* If you intended to add this data to an existing Pool, please use an existing Pool name instead of 'carpenter_objs'.
* Did you mean to use the pool name 'butcher_objs' instead of 'carpenter_objs'?
* Otherwise, please add 'carpenter_objs' to a Decree.
* NOTE: This data will not show up in game until one of the above fixes is made.
[26Jul2026 11:05:13.270] [Render thread/WARN] [bountiful/]: Pool 'carpenter_rews' has been loaded, but is not attached to any existing data! This is probably a configuration error.
* If you intended to add this data to an existing Pool, please use an existing Pool name instead of 'carpenter_rews'.
* Otherwise, please add 'carpenter_rews' to a Decree.
* NOTE: This data will not show up in game until one of the above fixes is made.
[26Jul2026 11:05:13.270] [Render thread/WARN] [bountiful/]: Pool 'chef_objs' has been loaded, but is not attached to any existing data! This is probably a configuration error.
* If you intended to add this data to an existing Pool, please use an existing Pool name instead of 'chef_objs'.
* Did you mean to use the pool name 'fletcher_objs' instead of 'chef_objs'?
* Otherwise, please add 'chef_objs' to a Decree.
* NOTE: This data will not show up in game until one of the above fixes is made.
[26Jul2026 11:05:13.271] [Render thread/WARN] [bountiful/]: Decree 'armorer' top value rewards cannot be matched with equivalent objectives. This will result in uneven bounties. Consider adding more high value objectives or lowering the value of your rewards.
* Top Rewards: armorer_rews.nether_chest (48000.0), armorer_rews.nether_legs (42000.0) total up to: 90000.0
* Top Objs: _metal_objs.raw_iron (28800.0) total up to: 28800.0
[26Jul2026 11:05:13.272] [Render thread/WARN] [bountiful/]: Decree 'butcher' top value rewards cannot be matched with equivalent objectives. This will result in uneven bounties. Consider adding more high value objectives or lowering the value of your rewards.
* Top Rewards: _all_rews.f (24000.0), _all_rews.e (19200.0) total up to: 43200.0
* Top Objs: _all_objs.f (24000.0) total up to: 24000.0
[26Jul2026 11:05:13.272] [Render thread/WARN] [bountiful/]: Decree 'cleric' top value rewards cannot be matched with equivalent objectives. This will result in uneven bounties. Consider adding more high value objectives or lowering the value of your rewards.
* Top Rewards: _all_rews.f (24000.0), _all_rews.e (19200.0) total up to: 43200.0
* Top Objs: _all_objs.f (24000.0) total up to: 24000.0
[26Jul2026 11:05:13.272] [Render thread/WARN] [bountiful/]: Decree 'farmer' top value rewards cannot be matched with equivalent objectives. This will result in uneven bounties. Consider adding more high value objectives or lowering the value of your rewards.
* Top Rewards: _all_rews.f (24000.0), _all_rews.e (19200.0) total up to: 43200.0
* Top Objs: _all_objs.f (24000.0) total up to: 24000.0
[26Jul2026 11:05:13.273] [Render thread/WARN] [bountiful/]: Decree 'fisherman' top value rewards cannot be matched with equivalent objectives. This will result in uneven bounties. Consider adding more high value objectives or lowering the value of your rewards.
* Top Rewards: _all_rews.f (24000.0), _all_rews.e (19200.0) total up to: 43200.0
* Top Objs: _all_objs.f (24000.0) total up to: 24000.0
[26Jul2026 11:05:13.273] [Render thread/WARN] [bountiful/]: Decree 'fletcher' top value rewards cannot be matched with equivalent objectives. This will result in uneven bounties. Consider adding more high value objectives or lowering the value of your rewards.
* Top Rewards: _all_rews.f (24000.0), _all_rews.e (19200.0) total up to: 43200.0
* Top Objs: _all_objs.f (24000.0) total up to: 24000.0
[26Jul2026 11:05:13.273] [Render thread/WARN] [bountiful/]: Decree 'inventor' top value rewards cannot be matched with equivalent objectives. This will result in uneven bounties. Consider adding more high value objectives or lowering the value of your rewards.
* Top Rewards: _all_rews.f (24000.0), _all_rews.e (19200.0) total up to: 43200.0
* Top Objs: inventor_objs.hopper (30000.0) total up to: 30000.0
[26Jul2026 11:05:13.274] [Render thread/WARN] [bountiful/]: Decree 'leatherer' top value rewards cannot be matched with equivalent objectives. This will result in uneven bounties. Consider adding more high value objectives or lowering the value of your rewards.
* Top Rewards: _all_rews.f (24000.0), _all_rews.e (19200.0) total up to: 43200.0
* Top Objs: _all_objs.f (24000.0) total up to: 24000.0
[26Jul2026 11:05:13.274] [Render thread/WARN] [bountiful/]: Decree 'librarian' top value rewards cannot be matched with equivalent objectives. This will result in uneven bounties. Consider adding more high value objectives or lowering the value of your rewards.
* Top Rewards: _all_rews.f (24000.0), _all_rews.e (19200.0) total up to: 43200.0
* Top Objs: _all_objs.f (24000.0) total up to: 24000.0
[26Jul2026 11:05:13.274] [Render thread/WARN] [bountiful/]: Decree 'mapper' top value rewards cannot be matched with equivalent objectives. This will result in uneven bounties. Consider adding more high value objectives or lowering the value of your rewards.
* Top Rewards: _all_rews.f (24000.0), _all_rews.e (19200.0) total up to: 43200.0
* Top Objs: _all_objs.f (24000.0) total up to: 24000.0
[26Jul2026 11:05:13.275] [Render thread/WARN] [bountiful/]: Decree 'shepherd' top value rewards cannot be matched with equivalent objectives. This will result in uneven bounties. Consider adding more high value objectives or lowering the value of your rewards.
* Top Rewards: _all_rews.f (24000.0), _all_rews.e (19200.0) total up to: 43200.0
* Top Objs: _all_objs.f (24000.0) total up to: 24000.0
[26Jul2026 11:05:13.275] [Render thread/WARN] [bountiful/]: Decree 'toolsmith' top value rewards cannot be matched with equivalent objectives. This will result in uneven bounties. Consider adding more high value objectives or lowering the value of your rewards.
* Top Rewards: _all_rews.f (24000.0), _all_rews.e (19200.0) total up to: 43200.0
* Top Objs: _metal_objs.raw_iron (28800.0) total up to: 28800.0
[26Jul2026 11:05:13.405] [Render thread/WARN] [net.minecraft.core.MappedRegistry/]: Not all defined tags for registry ResourceKey[minecraft:root / minecraft:item] are present in data pack: minecraft:music_discs
[26Jul2026 11:05:13.457] [Render thread/INFO] [KubeJS Server/]: Processing recipes...
[26Jul2026 11:05:13.458] [Render thread/INFO] [KubeJS Server/]: Initializing recipe event...
[26Jul2026 11:05:13.495] [Render thread/WARN] [KubeJS Server/]: RecipeComponentValue.java#102: Failed to parse recipe 'railways:crafting/palettes/windows/red_single_pane_locometal_window[minecraft:crafting_shapeless]' @ [ingredients][0]! Falling back to vanilla: Invalid component ingredients: ingredient[] - Component 'ingredient' is not allowed to be empty!
[26Jul2026 11:05:13.519] [Render thread/WARN] [KubeJS Server/]: RecipeComponentValue.java#102: Failed to parse recipe 'railways:crafting/palettes/windows/green_single_pane_locometal_window[minecraft:crafting_shapeless]' @ [ingredients][0]! Falling back to vanilla: Invalid component ingredients: ingredient[] - Component 'ingredient' is not allowed to be empty!
[26Jul2026 11:05:13.529] [Render thread/WARN] [KubeJS Server/]: RecipeComponentValue.java#102: Failed to parse recipe 'railways:crafting/palettes/windows/cyan_single_pane_locometal_window[minecraft:crafting_shapeless]' @ [ingredients][0]! Falling back to vanilla: Invalid component ingredients: ingredient[] - Component 'ingredient' is not allowed to be empty!
[26Jul2026 11:05:13.534] [Render thread/WARN] [KubeJS Server/]: RecipeComponentValue.java#102: Failed to parse recipe 'railways:crafting/palettes/windows/yellow_single_pane_locometal_window[minecraft:crafting_shapeless]' @ [ingredients][0]! Falling back to vanilla: Invalid component ingredients: ingredient[] - Component 'ingredient' is not allowed to be empty!
[26Jul2026 11:05:13.542] [Render thread/WARN] [KubeJS Server/]: RecipeComponentValue.java#102: Failed to parse recipe 'railways:crafting/palettes/windows/royal_blue_single_pane_locometal_window[minecraft:crafting_shapeless]' @ [ingredients][0]! Falling back to vanilla: Invalid component ingredients: ingredient[] - Component 'ingredient' is not allowed to be empty!
[26Jul2026 11:05:13.567] [Render thread/WARN] [KubeJS Server/]: RecipeComponentValue.java#102: Failed to parse recipe 'railways:crafting/palettes/windows/chartreuse_single_pane_locometal_window[minecraft:crafting_shapeless]' @ [ingredients][0]! Falling back to vanilla: Invalid component ingredients: ingredient[] - Component 'ingredient' is not allowed to be empty!
[26Jul2026 11:05:13.570] [Render thread/WARN] [KubeJS Server/]: RecipeComponentValue.java#102: Failed to parse recipe 'railways:crafting/palettes/windows/purple_single_pane_locometal_window[minecraft:crafting_shapeless]' @ [ingredients][0]! Falling back to vanilla: Invalid component ingredients: ingredient[] - Component 'ingredient' is not allowed to be empty!
[26Jul2026 11:05:13.571] [Render thread/WARN] [KubeJS Server/]: RecipeComponent.java#160: Failed to read component 'category: crafting_book_category?' from recipe bountifulbaubles:ankh_charm[minecraft:crafting_shaped], falling back to default value: java.lang.IllegalStateException: Unknown element name:combat
[26Jul2026 11:05:13.583] [Render thread/WARN] [KubeJS Server/]: RecipeComponentValue.java#102: Failed to parse recipe 'railways:crafting/palettes/windows/orange_single_pane_locometal_window[minecraft:crafting_shapeless]' @ [ingredients][0]! Falling back to vanilla: Invalid component ingredients: ingredient[] - Component 'ingredient' is not allowed to be empty!
[26Jul2026 11:05:13.589] [Render thread/WARN] [net.minecraft.world.item.crafting.RecipeManager/]: Skipping recipe bountifulbaubles:free_action_ring, unknown type: minecraft:anvil
[26Jul2026 11:05:13.617] [Render thread/WARN] [KubeJS Server/]: RecipeComponentValue.java#102: Failed to parse recipe 'railways:crafting/palettes/windows/pink_single_pane_locometal_window[minecraft:crafting_shapeless]' @ [ingredients][0]! Falling back to vanilla: Invalid component ingredients: ingredient[] - Component 'ingredient' is not allowed to be empty!
[26Jul2026 11:05:13.630] [Render thread/WARN] [KubeJS Server/]: RecipeComponentValue.java#102: Failed to parse recipe 'railways:crafting/palettes/windows/granite_single_pane_locometal_window[minecraft:crafting_shapeless]' @ [ingredients][0]! Falling back to vanilla: Invalid component ingredients: ingredient[] - Component 'ingredient' is not allowed to be empty!
[26Jul2026 11:05:13.630] [Render thread/WARN] [KubeJS Server/]: RecipeComponentValue.java#102: Failed to parse recipe 'railways:crafting/palettes/windows/turquoise_single_pane_locometal_window[minecraft:crafting_shapeless]' @ [ingredients][0]! Falling back to vanilla: Invalid component ingredients: ingredient[] - Component 'ingredient' is not allowed to be empty!
[26Jul2026 11:05:13.631] [Render thread/WARN] [KubeJS Server/]: RecipeComponentValue.java#102: Failed to parse recipe 'burnt:stripped_burnt_logs_recipe[minecraft:smoking]'! Falling back to vanilla: Invalid component ingredient: ingredient - Component 'ingredient' is not allowed to be empty!
[26Jul2026 11:05:13.637] [Render thread/WARN] [KubeJS Server/]: RecipeComponentValue.java#102: Failed to parse recipe 'surfacesamples:crushing/glowquartz_shard[create:crushing]' @ [results][2][right]! Falling back to vanilla: Invalid component results: either<fluid_stack, create:processing_output>[] - Component 'create:processing_output' is not allowed to be empty!
[26Jul2026 11:05:13.643] [Render thread/WARN] [KubeJS Server/]: RecipeComponentValue.java#102: Failed to parse recipe 'railways:crafting/palettes/windows/limestone_single_pane_locometal_window[minecraft:crafting_shapeless]' @ [ingredients][0]! Falling back to vanilla: Invalid component ingredients: ingredient[] - Component 'ingredient' is not allowed to be empty!
[26Jul2026 11:05:13.652] [Render thread/WARN] [KubeJS Server/]: RecipeComponentValue.java#102: Failed to parse recipe 'railways:crafting/palettes/windows/maroon_single_pane_locometal_window[minecraft:crafting_shapeless]' @ [ingredients][0]! Falling back to vanilla: Invalid component ingredients: ingredient[] - Component 'ingredient' is not allowed to be empty!
[26Jul2026 11:05:13.654] [Render thread/WARN] [KubeJS Server/]: RecipeComponentValue.java#102: Failed to parse recipe 'railways:crafting/palettes/windows/vermilion_single_pane_locometal_window[minecraft:crafting_shapeless]' @ [ingredients][0]! Falling back to vanilla: Invalid component ingredients: ingredient[] - Component 'ingredient' is not allowed to be empty!
[26Jul2026 11:05:13.672] [Render thread/WARN] [KubeJS Server/]: RecipeComponentValue.java#102: Failed to parse recipe 'railways:crafting/palettes/windows/gray_single_pane_locometal_window[minecraft:crafting_shapeless]' @ [ingredients][0]! Falling back to vanilla: Invalid component ingredients: ingredient[] - Component 'ingredient' is not allowed to be empty!
[26Jul2026 11:05:13.675] [Render thread/WARN] [KubeJS Server/]: RecipeComponentValue.java#102: Failed to parse recipe 'railways:crafting/palettes/windows/light_blue_single_pane_locometal_window[minecraft:crafting_shapeless]' @ [ingredients][0]! Falling back to vanilla: Invalid component ingredients: ingredient[] - Component 'ingredient' is not allowed to be empty!
[26Jul2026 11:05:13.691] [Render thread/WARN] [KubeJS Server/]: RecipeComponentValue.java#102: Failed to parse recipe 'railways:crafting/palettes/windows/magenta_single_pane_locometal_window[minecraft:crafting_shapeless]' @ [ingredients][0]! Falling back to vanilla: Invalid component ingredients: ingredient[] - Component 'ingredient' is not allowed to be empty!
[26Jul2026 11:05:13.700] [Render thread/WARN] [KubeJS Server/]: RecipeComponentValue.java#102: Failed to parse recipe 'railways:crafting/palettes/windows/lime_single_pane_locometal_window[minecraft:crafting_shapeless]' @ [ingredients][0]! Falling back to vanilla: Invalid component ingredients: ingredient[] - Component 'ingredient' is not allowed to be empty!
[26Jul2026 11:05:13.700] [Render thread/WARN] [KubeJS Server/]: RecipeComponentValue.java#102: Failed to parse recipe 'railways:crafting/palettes/windows/light_gray_single_pane_locometal_window[minecraft:crafting_shapeless]' @ [ingredients][0]! Falling back to vanilla: Invalid component ingredients: ingredient[] - Component 'ingredient' is not allowed to be empty!
[26Jul2026 11:05:13.702] [Render thread/WARN] [KubeJS Server/]: RecipeComponentValue.java#102: Failed to parse recipe 'railways:crafting/palettes/windows/blue_single_pane_locometal_window[minecraft:crafting_shapeless]' @ [ingredients][0]! Falling back to vanilla: Invalid component ingredients: ingredient[] - Component 'ingredient' is not allowed to be empty!
[26Jul2026 11:05:13.708] [Render thread/WARN] [KubeJS Server/]: RecipeComponentValue.java#102: Failed to parse recipe 'burnt:burnt_planks_craft[minecraft:crafting_shapeless]' @ [ingredients][0]! Falling back to vanilla: Invalid component ingredients: ingredient[] - Component 'ingredient' is not allowed to be empty!
[26Jul2026 11:05:13.719] [Render thread/WARN] [KubeJS Server/]: RecipeComponentValue.java#102: Failed to parse recipe 'burnt:burnt_wood_recipe[minecraft:smoking]'! Falling back to vanilla: Invalid component ingredient: ingredient - Component 'ingredient' is not allowed to be empty!
[26Jul2026 11:05:13.723] [Render thread/WARN] [KubeJS Server/]: RecipeComponentValue.java#102: Failed to parse recipe 'railways:crafting/palettes/windows/white_single_pane_locometal_window[minecraft:crafting_shapeless]' @ [ingredients][0]! Falling back to vanilla: Invalid component ingredients: ingredient[] - Component 'ingredient' is not allowed to be empty!
[26Jul2026 11:05:13.725] [Render thread/WARN] [KubeJS Server/]: RecipeComponentValue.java#102: Failed to parse recipe 'railways:crafting/palettes/windows/black_single_pane_locometal_window[minecraft:crafting_shapeless]' @ [ingredients][0]! Falling back to vanilla: Invalid component ingredients: ingredient[] - Component 'ingredient' is not allowed to be empty!
[26Jul2026 11:05:13.730] [Render thread/WARN] [KubeJS Server/]: RecipeComponent.java#160: Failed to read component 'category: cooking_book_category?' from recipe rme:campfire_leather/rotten_flesh[minecraft:campfire_cooking], falling back to default value: java.lang.IllegalStateException: Unknown element name:equipment
[26Jul2026 11:05:13.730] [Render thread/WARN] [KubeJS Server/]: RecipeComponentValue.java#102: Failed to parse recipe 'railways:crafting/palettes/windows/diorite_single_pane_locometal_window[minecraft:crafting_shapeless]' @ [ingredients][0]! Falling back to vanilla: Invalid component ingredients: ingredient[] - Component 'ingredient' is not allowed to be empty!
[26Jul2026 11:05:13.748] [Render thread/WARN] [KubeJS Server/]: RecipeComponentValue.java#102: Failed to parse recipe 'railways:crafting/palettes/windows/ochrum_single_pane_locometal_window[minecraft:crafting_shapeless]' @ [ingredients][0]! Falling back to vanilla: Invalid component ingredients: ingredient[] - Component 'ingredient' is not allowed to be empty!
[26Jul2026 11:05:13.752] [Render thread/WARN] [KubeJS Server/]: RecipeComponentValue.java#102: Failed to parse recipe 'railways:crafting/empty_paint_pitcher[minecraft:crafting_shaped]'! Falling back to vanilla: Invalid component key: pattern<optional_ingredient> - Component 'pattern<optional_ingredient>' is not allowed to be empty!
[26Jul2026 11:05:13.755] [Render thread/WARN] [KubeJS Server/]: RecipeComponentValue.java#102: Failed to parse recipe 'railways:crafting/palettes/windows/scorchia_single_pane_locometal_window[minecraft:crafting_shapeless]' @ [ingredients][0]! Falling back to vanilla: Invalid component ingredients: ingredient[] - Component 'ingredient' is not allowed to be empty!
[26Jul2026 11:05:13.757] [Render thread/WARN] [KubeJS Server/]: RecipeComponentValue.java#102: Failed to parse recipe 'railways:crafting/palettes/windows/tuff_single_pane_locometal_window[minecraft:crafting_shapeless]' @ [ingredients][0]! Falling back to vanilla: Invalid component ingredients: ingredient[] - Component 'ingredient' is not allowed to be empty!
[26Jul2026 11:05:13.768] [Render thread/WARN] [KubeJS Server/]: RecipeComponentValue.java#102: Failed to parse recipe 'railways:crafting/palettes/windows/brown_single_pane_locometal_window[minecraft:crafting_shapeless]' @ [ingredients][0]! Falling back to vanilla: Invalid component ingredients: ingredient[] - Component 'ingredient' is not allowed to be empty!
[26Jul2026 11:05:13.771] [Render thread/WARN] [KubeJS Server/]: RecipeComponentValue.java#102: Failed to parse recipe 'railways:crafting/palettes/windows/sea_green_single_pane_locometal_window[minecraft:crafting_shapeless]' @ [ingredients][0]! Falling back to vanilla: Invalid component ingredients: ingredient[] - Component 'ingredient' is not allowed to be empty!
[26Jul2026 11:05:13.785] [Render thread/WARN] [KubeJS Server/]: RecipeComponentValue.java#102: Failed to parse recipe 'railways:crafting/palettes/windows/pine_green_single_pane_locometal_window[minecraft:crafting_shapeless]' @ [ingredients][0]! Falling back to vanilla: Invalid component ingredients: ingredient[] - Component 'ingredient' is not allowed to be empty!
[26Jul2026 11:05:13.786] [Render thread/WARN] [KubeJS Server/]: RecipeComponentValue.java#102: Failed to parse recipe 'railways:crafting/palettes/windows/olive_green_single_pane_locometal_window[minecraft:crafting_shapeless]' @ [ingredients][0]! Falling back to vanilla: Invalid component ingredients: ingredient[] - Component 'ingredient' is not allowed to be empty!
[26Jul2026 11:05:13.803] [Render thread/WARN] [KubeJS Server/]: RecipeComponentValue.java#102: Failed to parse recipe 'railways:crafting/palettes/windows/dripstone_single_pane_locometal_window[minecraft:crafting_shapeless]' @ [ingredients][0]! Falling back to vanilla: Invalid component ingredients: ingredient[] - Component 'ingredient' is not allowed to be empty!
[26Jul2026 11:05:13.815] [Render thread/WARN] [KubeJS Server/]: RecipeComponentValue.java#102: Failed to parse recipe 'burnt:burnt_logs_recipe[minecraft:smoking]'! Falling back to vanilla: Invalid component ingredient: ingredient - Component 'ingredient' is not allowed to be empty!
[26Jul2026 11:05:13.823] [Render thread/WARN] [KubeJS Server/]: RecipeComponentValue.java#102: Failed to parse recipe 'railways:crafting/palettes/windows/single_pane_locometal_window[minecraft:crafting_shapeless]' @ [ingredients][0]! Falling back to vanilla: Invalid component ingredients: ingredient[] - Component 'ingredient' is not allowed to be empty!
[26Jul2026 11:05:13.829] [Render thread/WARN] [KubeJS Server/]: RecipeComponentValue.java#102: Failed to parse recipe 'burnt:burnt_stripped_wood_recipe[minecraft:smoking]'! Falling back to vanilla: Invalid component ingredient: ingredient - Component 'ingredient' is not allowed to be empty!
[26Jul2026 11:05:13.864] [Render thread/INFO] [KubeJS Server/]: Found 6,979 recipes (skipped 1,095) in 404.6 ms
[26Jul2026 11:05:13.914] [Render thread/INFO] [KubeJS Server/]: Posted recipe events in 49 ms
[26Jul2026 11:05:13.924] [Render thread/INFO] [KubeJS Server/]: KubeJS modifications to recipe manager finished in 10.22 ms
[26Jul2026 11:05:14.050] [Render thread/INFO] [net.minecraft.world.item.crafting.RecipeManager/]: Loaded 6970 recipes
[26Jul2026 11:05:14.050] [Render thread/INFO] [KubeJS Server/]: Added 9 recipes, removed 18 recipes, modified 0 recipes, with 0 failed recipes taking 591 ms in total
[26Jul2026 11:05:14.053] [Render thread/INFO] [com.teamabnormals.blueprint.core.Blueprint/]: Advancement Modification Manager has loaded 0 modifier groups
[26Jul2026 11:05:14.249] [Render thread/INFO] [net.minecraft.advancements.AdvancementTree/]: Loaded 5092 advancements
[26Jul2026 11:05:14.252] [Render thread/WARN] [net.minecraft.server.packs.PathPackResources/]: Non [a-z0-9_.-] character in namespace .DS_Store in pack , ignoring
[26Jul2026 11:05:14.254] [Render thread/INFO] [Curios API/]: Loaded 11 curio slots
[26Jul2026 11:05:14.255] [Render thread/WARN] [net.minecraft.server.packs.PathPackResources/]: Non [a-z0-9_.-] character in namespace .DS_Store in pack , ignoring
[26Jul2026 11:05:14.256] [Render thread/ERROR] [Curios API/]: cape is not a registered slot type!
[26Jul2026 11:05:14.256] [Render thread/INFO] [Curios API/]: Loaded 1 curio entities
[26Jul2026 11:05:14.260] [Render thread/WARN] [burnt/]: [Burnt] burn_mapping 'burnt:example': unknown source block 'examplemod:example_log' — skipping
[26Jul2026 11:05:14.260] [Render thread/WARN] [burnt/]: [Burnt] burn_mapping 'burnt:example': unknown source block 'examplemod:example_wood' — skipping
[26Jul2026 11:05:14.260] [Render thread/INFO] [burnt/]: [Burnt] Loaded 0 burn mapping(s) from datapacks.
[26Jul2026 11:05:14.264] [Render thread/INFO] [Supplementaries/]: Loaded 29 flute songs
[26Jul2026 11:05:14.291] [Render thread/INFO] [Moonlight/]: Applied 17 data villager trades
[26Jul2026 11:05:14.294] [Render thread/INFO] [Moonlight/]: Failed to load custom color set definition {"id":"quark:rune","colors":{"default":"quark:blank_rune"},"replace":false}. Ignoring
[26Jul2026 11:05:14.295] [Render thread/INFO] [Moonlight/]: Failed to load custom color set definition {"id":"quark:shard","colors":{"default":"quark:clear_shard"},"replace":false}. Ignoring
[26Jul2026 11:05:14.297] [Render thread/INFO] [com.teamabnormals.blueprint.core.Blueprint/]: Chunk Generator Modification Manager has loaded 0 modifier groups
[26Jul2026 11:05:14.301] [Render thread/WARN] [dev.propulsionteam.propulsionsimulated.content.thruster.ThrusterFuelManager/]: [createpropulsion] Ignoring fuel config override for 'tfmg:lpg': fluid is not registered.
[26Jul2026 11:05:14.301] [Render thread/WARN] [dev.propulsionteam.propulsionsimulated.content.thruster.ThrusterFuelManager/]: [createpropulsion] Ignoring fuel config override for 'mekanismgenerators:bioethanol': fluid is not registered.
[26Jul2026 11:05:14.301] [Render thread/WARN] [dev.propulsionteam.propulsionsimulated.content.thruster.ThrusterFuelManager/]: [createpropulsion] Ignoring fuel config override for 'createdieselgenerators:biodiesel': fluid is not registered.
[26Jul2026 11:05:14.301] [Render thread/WARN] [dev.propulsionteam.propulsionsimulated.content.thruster.ThrusterFuelManager/]: [createpropulsion] Ignoring fuel config override for 'immersiveengineering:ethanol': fluid is not registered.
[26Jul2026 11:05:14.301] [Render thread/WARN] [dev.propulsionteam.propulsionsimulated.content.thruster.ThrusterFuelManager/]: [createpropulsion] Ignoring fuel config override for 'stellaris:diesel': fluid is not registered.
[26Jul2026 11:05:14.302] [Render thread/WARN] [dev.propulsionteam.propulsionsimulated.content.thruster.ThrusterFuelManager/]: [createpropulsion] Ignoring fuel config override for 'createdieselgenerators:plant_oil': fluid is not registered.
[26Jul2026 11:05:14.302] [Render thread/WARN] [dev.propulsionteam.propulsionsimulated.content.thruster.ThrusterFuelManager/]: [createpropulsion] Ignoring fuel config override for 'mekanism:hydrogen': fluid is not registered.
[26Jul2026 11:05:14.302] [Render thread/WARN] [dev.propulsionteam.propulsionsimulated.content.thruster.ThrusterFuelManager/]: [createpropulsion] Ignoring fuel config override for 'immersiveengineering:biodiesel': fluid is not registered.
[26Jul2026 11:05:14.302] [Render thread/WARN] [dev.propulsionteam.propulsionsimulated.content.thruster.ThrusterFuelManager/]: [createpropulsion] Ignoring fuel config override for 'northstar:methane': fluid is not registered.
[26Jul2026 11:05:14.302] [Render thread/WARN] [dev.propulsionteam.propulsionsimulated.content.thruster.ThrusterFuelManager/]: [createpropulsion] Ignoring fuel config override for 'tfmg:diesel': fluid is not registered.
[26Jul2026 11:05:14.302] [Render thread/WARN] [dev.propulsionteam.propulsionsimulated.content.thruster.ThrusterFuelManager/]: [createpropulsion] Ignoring fuel config override for 'northstar:hydrocarbon': fluid is not registered.
[26Jul2026 11:05:14.302] [Render thread/WARN] [dev.propulsionteam.propulsionsimulated.content.thruster.ThrusterFuelManager/]: [createpropulsion] Ignoring fuel config override for 'stellaris:fuel': fluid is not registered.
[26Jul2026 11:05:14.302] [Render thread/WARN] [dev.propulsionteam.propulsionsimulated.content.thruster.ThrusterFuelManager/]: [createpropulsion] Ignoring fuel config override for 'immersiveengineering:plantoil': fluid is not registered.
[26Jul2026 11:05:14.302] [Render thread/WARN] [dev.propulsionteam.propulsionsimulated.content.thruster.ThrusterFuelManager/]: [createpropulsion] Ignoring fuel config override for 'tfmg:gasoline': fluid is not registered.
[26Jul2026 11:05:14.302] [Render thread/WARN] [dev.propulsionteam.propulsionsimulated.content.thruster.ThrusterFuelManager/]: [createpropulsion] Ignoring fuel config override for 'createdieselgenerators:diesel': fluid is not registered.
[26Jul2026 11:05:14.302] [Render thread/WARN] [dev.propulsionteam.propulsionsimulated.content.thruster.ThrusterFuelManager/]: [createpropulsion] Ignoring fuel config override for 'immersivepetroleum:diesel_sulfur': fluid is not registered.
[26Jul2026 11:05:14.302] [Render thread/WARN] [dev.propulsionteam.propulsionsimulated.content.thruster.ThrusterFuelManager/]: [createpropulsion] Ignoring fuel config override for 'tfmg:kerosene': fluid is not registered.
[26Jul2026 11:05:14.302] [Render thread/WARN] [dev.propulsionteam.propulsionsimulated.content.thruster.ThrusterFuelManager/]: [createpropulsion] Ignoring fuel config override for 'northstar:biofuel': fluid is not registered.
[26Jul2026 11:05:14.302] [Render thread/WARN] [dev.propulsionteam.propulsionsimulated.content.thruster.ThrusterFuelManager/]: [createpropulsion] Ignoring fuel config override for 'createdieselgenerators:ethanol': fluid is not registered.
[26Jul2026 11:05:14.302] [Render thread/WARN] [dev.propulsionteam.propulsionsimulated.content.thruster.ThrusterFuelManager/]: [createpropulsion] Ignoring fuel config override for 'tfmg:naphtha': fluid is not registered.
[26Jul2026 11:05:14.302] [Render thread/WARN] [dev.propulsionteam.propulsionsimulated.content.thruster.ThrusterFuelManager/]: [createpropulsion] Ignoring fuel config override for 'immersiveengineering:high_power_biodiesel': fluid is not registered.
[26Jul2026 11:05:14.302] [Render thread/WARN] [dev.propulsionteam.propulsionsimulated.content.thruster.ThrusterFuelManager/]: [createpropulsion] Ignoring fuel config override for 'createdieselgenerators:gasoline': fluid is not registered.
[26Jul2026 11:05:14.302] [Render thread/WARN] [dev.propulsionteam.propulsionsimulated.content.thruster.ThrusterFuelManager/]: [createpropulsion] Ignoring fuel config override for 'northstar:liquid_hydrogen': fluid is not registered.
[26Jul2026 11:05:14.302] [Render thread/INFO] [dev.propulsionteam.propulsionsimulated.content.thruster.ThrusterFuelManager/]: [createpropulsion] Thruster fuel reload (datapack_reload) complete: datapackParsed=1, datapackSkippedMissingMod=23, datapackSkippedMissingFluid=0, configAdded=3, configOverridden=0, configMissingFluid=23, mergedDatapackAndConfig=4, scriptedOverrides=0, removed=0
[26Jul2026 11:05:14.304] [Render thread/INFO] [dev.propulsionteam.propulsionsimulated.content.thruster.SolidThrusterFuelManager/]: [createpropulsion] Solid thruster fuel reload (datapack_reload) complete: items=5, tags=7, mergedItems=116, scripted=0, removed=0
[26Jul2026 11:05:14.316] [Render thread/WARN] [net.minecraft.core.MappedRegistry/]: Not all defined tags for registry ResourceKey[minecraft:root / minecraft:item] are present in data pack: minecraft:music_discs
[26Jul2026 11:05:15.641] [Render thread/ERROR] [net.neoforged.neoforge.registries.DataMapLoader/]: Object with ID modid:example specified in data map for registry minecraft:dimension doesn't exist
[26Jul2026 11:05:15.726] [Render thread/INFO] [Supplementaries/]: Registering custom dispenser behaviors
[26Jul2026 11:05:15.757] [Render thread/WARN] [EMI/]: [EMI] The following EMI classes have mixins applied to them, which could fundamentally alter behavior and cause issues.
[26Jul2026 11:05:15.757] [Render thread/WARN] [EMI/]: [EMI] dev.emi.emi.platform.EmiAgnos is tainted by
	 * dev.nolij.toomanyrecipeviewers.mixin.EmiAgnosMixin
[26Jul2026 11:05:15.757] [Render thread/WARN] [EMI/]: [EMI] dev.emi.emi.jemi.JemiUtil is tainted by
	 * dev.nolij.toomanyrecipeviewers.mixin.JemiUtilMixin
[26Jul2026 11:05:15.757] [Render thread/INFO] [EMI/]: [EMI] Recipes synchronized, waiting for tags to reload EMI...
[26Jul2026 11:05:15.774] [Render thread/INFO] [Slice & Dice/]: Injecting recipes
[26Jul2026 11:05:15.819] [Render thread/INFO] [Entity Texture Features/]: [ETF]: emissive suffixes loaded: [_e]
[26Jul2026 11:05:15.820] [Render thread/INFO] [Entity Texture Features/]: [ETF]: emissive suffixes loaded: [_e]
[26Jul2026 11:05:15.879] [Server thread/INFO] [net.minecraft.client.server.IntegratedServer/]: Starting integrated minecraft server version 1.21.1
[26Jul2026 11:05:15.879] [Server thread/INFO] [net.minecraft.server.MinecraftServer/]: Generating keypair
[26Jul2026 11:05:15.889] [Server thread/INFO] [Puzzles Lib/]: Dispatching loading event for config pickupnotifier/pickupnotifier-server.toml
[26Jul2026 11:05:15.952] [Server thread/INFO] [FTB Teams/]: loaded team data: 1 known players, 1 teams total
[26Jul2026 11:05:15.957] [Server thread/INFO] [spark/]: Starting background profiler...
[26Jul2026 11:05:16.143] [Server thread/INFO] [bountiful/]: Registering Bounty Board Jigsaw Piece for Village Type: plains
[26Jul2026 11:05:16.143] [Server thread/INFO] [bountiful/]: Registering Bounty Board Jigsaw Piece for Village Type: savanna
[26Jul2026 11:05:16.143] [Server thread/INFO] [bountiful/]: Registering Bounty Board Jigsaw Piece for Village Type: snowy
[26Jul2026 11:05:16.143] [Server thread/INFO] [bountiful/]: Registering Bounty Board Jigsaw Piece for Village Type: taiga
[26Jul2026 11:05:16.144] [Server thread/INFO] [bountiful/]: Registering Bounty Board Jigsaw Piece for Village Type: desert
[26Jul2026 11:05:16.145] [Server thread/INFO] [KissMod/]: [KissMod] Server config snapshot built
[26Jul2026 11:05:16.176] [Server thread/INFO] [dev.ryanhcode.sable.Sable/]: Creating physics pipeline for ResourceKey[minecraft:dimension / minecraft:overworld] using RapierPhysicsPipelineProvider
[26Jul2026 11:05:16.554] [Server thread/INFO] [dev.ryanhcode.sable.Sable/]: Creating physics pipeline for ResourceKey[minecraft:dimension / minecraft:the_end] using RapierPhysicsPipelineProvider
[26Jul2026 11:05:17.083] [Server thread/INFO] [dev.ryanhcode.sable.Sable/]: Creating physics pipeline for ResourceKey[minecraft:dimension / minecraft:the_nether] using RapierPhysicsPipelineProvider
[26Jul2026 11:05:17.115] [Server thread/INFO] [net.minecraft.server.MinecraftServer/]: Preparing start region for dimension minecraft:overworld
[26Jul2026 11:05:17.122] [Server thread/INFO] [KubeJS Server/]: Server resource reload complete!
[26Jul2026 11:05:17.568] [Render thread/INFO] [net.minecraft.server.level.progress.LoggerChunkProgressListener/]: Preparing spawn area: 0%
[26Jul2026 11:05:17.637] [Render thread/INFO] [net.minecraft.server.level.progress.LoggerChunkProgressListener/]: Preparing spawn area: 85%
[26Jul2026 11:05:17.668] [Server thread/INFO] [net.neoforged.neoforge.server.permission.PermissionAPI/]: Successfully initialized permission handler neoforge:default_handler
[26Jul2026 11:05:17.668] [Server thread/INFO] [com.skylark.surfacesamples.SurfaceSamples/]: HELLO from server starting
[26Jul2026 11:05:17.669] [Server thread/INFO] [xaero.hud.minimap.MinimapLogs/]: Registered synced player tracker system: ftb_teams
[26Jul2026 11:05:17.670] [Server thread/INFO] [xaero.map.WorldMap/]: Registered synced player tracker system: ftb_teams
[26Jul2026 11:05:17.671] [Render thread/INFO] [net.minecraft.server.level.progress.LoggerChunkProgressListener/]: Time elapsed: 545 ms
[26Jul2026 11:05:17.676] [Server thread/INFO] [FTB Quests/]: Loading quests from /home/axii/.local/share/PrismLauncher/instances/dode/minecraft/config/ftbquests/quests
[26Jul2026 11:05:17.678] [Server thread/INFO] [FTB Quests/]: loaded translation tables for 1 language(s)
[26Jul2026 11:05:17.682] [Server thread/INFO] [FTB Quests/]: Loaded 1 chapter groups, 1 chapters, 5 quests, 0 reward tables
[26Jul2026 11:05:17.686] [Server thread/INFO] [Comfortable Campfires/]: Updating effects from config.
[26Jul2026 11:05:17.693] [Server thread/INFO] [dev.ryanhcode.sable.Sable/]: Creating physics pipeline for ResourceKey[minecraft:dimension / minecraft:server_faucet_test_level] using RapierPhysicsPipelineProvider
[26Jul2026 11:05:17.804] [Server thread/INFO] [dev.ryanhcode.sable.Sable/]: Creating physics pipeline for ResourceKey[minecraft:dimension / minecraft:server_projectile_test_level] using RapierPhysicsPipelineProvider
[26Jul2026 11:05:18.263] [VoiceChatServerThread/INFO] [voicechat/]: [voicechat] Voice chat server started at port 56358
[26Jul2026 11:05:18.526] [Server thread/INFO] [net.minecraft.client.server.IntegratedServer/]: Changing view distance to 12, from 10
[26Jul2026 11:05:18.527] [Server thread/INFO] [net.minecraft.client.server.IntegratedServer/]: Changing simulation distance to 12, from 0
[26Jul2026 11:05:18.651] [Server thread/INFO] [net.minecraft.server.LoggedPrintStream/]: [STDOUT]: Lithium Cached BlockState Flags are disabled!
[26Jul2026 11:05:18.729] [Render thread/INFO] [dev.ryanhcode.sable.Sable/]: Adding local UDP server channel future
[26Jul2026 11:05:18.742] [Render thread/WARN] [io.netty.bootstrap.Bootstrap/]: Unknown channel option 'SO_BROADCAST' for channel '[id: 0xd8a5ddb5]'
[26Jul2026 11:05:18.761] [Netty Server IO #1/INFO] [dev.ryanhcode.sable.Sable/]: Server UDP channel active
[26Jul2026 11:05:18.786] [Render thread/INFO] [dev.ryanhcode.sable.Sable/]: Starting local client UDP channel future
[26Jul2026 11:05:18.792] [Netty Local Client IO #1/INFO] [dev.ryanhcode.sable.Sable/]: Client UDP channel active
[26Jul2026 11:05:18.928] [Netty Local Client IO #0/INFO] [snownee.kiwi.Kiwi/]: Canceling Microsoft telemetry
[26Jul2026 11:05:19.301] [Render thread/INFO] [EMI/]: [EMI] Recipes synchronized, waiting for tags to reload EMI...
[26Jul2026 11:05:19.392] [Render thread/INFO] [fzzy_config/]: Saved config emi_loot_config to file /home/axii/.local/share/PrismLauncher/instances/dode/minecraft/config/emi_loot_config.toml
[26Jul2026 11:05:19.443] [Server thread/INFO] [net.minecraft.server.players.PlayerList/]: Axiinyaa[local:E:ef3d71e5] logged in with entity id 52 at (62.93027923337837, 91.61386152109402, 31.889402498840212)
[26Jul2026 11:05:19.443] [Server thread/INFO] [dev.ryanhcode.sable.Sable/]: Beginning attempted authentication with player Axiinyaa
[26Jul2026 11:05:19.466] [Render thread/INFO] [xaero.hud.minimap.MinimapLogs/]: Minimap required item set to nothing.
[26Jul2026 11:05:19.466] [Render thread/INFO] [xaero.hud.minimap.MinimapLogs/]: New Xaero hud session initialized!
[26Jul2026 11:05:19.483] [Render thread/INFO] [xaero.map.WorldMap/]: Fullscreen map required item set to nothing.
[26Jul2026 11:05:19.487] [Render thread/INFO] [xaero.map.WorldMap/]: New world map session initialized!
[26Jul2026 11:05:19.524] [Render thread/INFO] [Iris/]: Reloading pipeline on dimension change: minecraft:overworld => minecraft:overworld
[26Jul2026 11:05:19.524] [Render thread/INFO] [Iris/]: Destroying pipeline minecraft:overworld
[26Jul2026 11:05:19.524] [Render thread/INFO] [Iris/]: Creating pipeline for dimension minecraft:overworld
[26Jul2026 11:05:19.639] [Render thread/INFO] [ChunkBuilder/]: Started 6 worker threads
[26Jul2026 11:05:19.643] [Server thread/INFO] [net.minecraft.server.MinecraftServer/]: Axiinyaa joined the game
[26Jul2026 11:05:19.711] [Render thread/INFO] [treechop/]: Sending chop settings sync request
[26Jul2026 11:05:19.712] [Render thread/INFO] [voicechat/]: [voicechat] Sending secret request to the server
[26Jul2026 11:05:19.729] [Render thread/INFO] [Sound Physics - General/]: Initializing sound physics for voice chat audio
[26Jul2026 11:05:19.729] [Render thread/INFO] [Sound Physics - General/]: Initializing Sound Physics
[26Jul2026 11:05:19.729] [Render thread/INFO] [Sound Physics - General/]: EFX Extension recognized
[26Jul2026 11:05:19.729] [Render thread/INFO] [Sound Physics - General/]: Max auxiliary sends: 2
[26Jul2026 11:05:19.729] [Render thread/INFO] [Sound Physics - General/]: Aux slot 1 created
[26Jul2026 11:05:19.729] [Render thread/INFO] [Sound Physics - General/]: Aux slot 2 created
[26Jul2026 11:05:19.729] [Render thread/INFO] [Sound Physics - General/]: Aux slot 3 created
[26Jul2026 11:05:19.729] [Render thread/INFO] [Sound Physics - General/]: Aux slot 4 created
[26Jul2026 11:05:19.734] [Render thread/INFO] [Sound Physics - General/]: EFX ready
[26Jul2026 11:05:19.742] [Render thread/INFO] [flywheel/]: Started 6 worker threads
[26Jul2026 11:05:19.753] [Render thread/WARN] [Continuity/]: Unknown biome 'minecraft:giant_spruce_taiga_hills'
[26Jul2026 11:05:19.753] [Render thread/WARN] [Continuity/]: Unknown biome 'minecraft:giant_tree_taiga'
[26Jul2026 11:05:19.753] [Render thread/WARN] [Continuity/]: Unknown biome 'minecraft:modified_jungle_edge'
[26Jul2026 11:05:19.753] [Render thread/WARN] [Continuity/]: Unknown biome 'minecraft:modified_gravelly_mountains'
[26Jul2026 11:05:19.753] [Render thread/WARN] [Continuity/]: Unknown biome 'minecraft:mountains'
[26Jul2026 11:05:19.753] [Render thread/WARN] [Continuity/]: Unknown biome 'minecraft:deep_warm_ocean'
[26Jul2026 11:05:19.753] [Render thread/WARN] [Continuity/]: Unknown biome 'terralith:wintry_lowlandss'
[26Jul2026 11:05:19.753] [Render thread/WARN] [Continuity/]: Unknown biome 'minecraft:birch_forest_hills'
[26Jul2026 11:05:19.754] [Render thread/WARN] [Continuity/]: Unknown biome 'minecraft:giant_spruce_taiga'
[26Jul2026 11:05:19.754] [Render thread/WARN] [Continuity/]: Unknown biome 'minecraft:swamp_hills'
[26Jul2026 11:05:19.754] [Render thread/WARN] [Continuity/]: Unknown biome 'minecraft:wooded_hills'
[26Jul2026 11:05:19.754] [Render thread/WARN] [Continuity/]: Unknown biome 'minecraft:gravelly_mountains'
[26Jul2026 11:05:19.754] [Render thread/WARN] [Continuity/]: Unknown biome 'minecraft:modified_jungle'
[26Jul2026 11:05:19.754] [Render thread/WARN] [Continuity/]: Unknown biome 'minecraft:badlands_plateau'
[26Jul2026 11:05:19.754] [Render thread/WARN] [Continuity/]: Unknown biome 'minecraft:wooded_mountains'
[26Jul2026 11:05:19.754] [Render thread/WARN] [Continuity/]: Unknown biome 'minecraft:jungle_edge'
[26Jul2026 11:05:19.754] [Render thread/WARN] [Continuity/]: Unknown biome 'minecraft:desert_lakes'
[26Jul2026 11:05:19.754] [Render thread/WARN] [Continuity/]: Unknown biome 'minecraft:tall_birch_hills'
[26Jul2026 11:05:19.754] [Render thread/WARN] [Continuity/]: Unknown biome 'minecraft:giant_tree_taiga_hills'
[26Jul2026 11:05:19.754] [Render thread/WARN] [Continuity/]: Unknown biome 'minecraft:bamboo_jungle_hills'
[26Jul2026 11:05:19.754] [Render thread/WARN] [Continuity/]: Unknown biome 'minecraft:shattered_savanna'
[26Jul2026 11:05:19.754] [Render thread/WARN] [Continuity/]: Unknown biome 'minecraft:mushroom_field_shore'
[26Jul2026 11:05:19.754] [Render thread/WARN] [Continuity/]: Unknown biome 'minecraft:modified_badlands_plateau'
[26Jul2026 11:05:19.754] [Render thread/WARN] [Continuity/]: Unknown biome 'minecraft:modified_wooded_badlands_plateau'
[26Jul2026 11:05:19.754] [Render thread/WARN] [Continuity/]: Unknown biome 'minecraft:snowy_taiga_hills'
[26Jul2026 11:05:19.754] [Render thread/WARN] [Continuity/]: Unknown biome 'minecraft:taiga_mountains'
[26Jul2026 11:05:19.754] [Render thread/WARN] [Continuity/]: Unknown biome 'minecraft:snowy_mountains'
[26Jul2026 11:05:19.754] [Render thread/WARN] [Continuity/]: Unknown biome 'minecraft:taiga_hills'
[26Jul2026 11:05:19.754] [Render thread/WARN] [Continuity/]: Unknown biome 'minecraft:shattered_savanna_plateau'
[26Jul2026 11:05:19.754] [Render thread/WARN] [Continuity/]: Unknown biome 'minecraft:jungle_hills'
[26Jul2026 11:05:19.754] [Render thread/WARN] [Continuity/]: Unknown biome 'minecraft:snowy_taiga_mountains'
[26Jul2026 11:05:19.754] [Render thread/WARN] [Continuity/]: Unknown biome 'minecraft:stone_shore'
[26Jul2026 11:05:19.754] [Render thread/WARN] [Continuity/]: Unknown biome 'minecraft:mountain_edge'
[26Jul2026 11:05:19.754] [Render thread/WARN] [Continuity/]: Unknown biome 'minecraft:desert_hills'
[26Jul2026 11:05:19.754] [Render thread/WARN] [Continuity/]: Unknown biome 'minecraft:dark_forest_hills'
[26Jul2026 11:05:19.754] [Render thread/WARN] [Continuity/]: Unknown biome 'minecraft:snowy_tundra'
[26Jul2026 11:05:19.754] [Render thread/WARN] [Continuity/]: Unknown biome 'minecraft:tall_birch_forest'
[26Jul2026 11:05:19.754] [Render thread/WARN] [Continuity/]: Unknown biome 'minecraft:wooded_badlands_plateau'
[26Jul2026 11:05:19.754] [Render thread/WARN] [Continuity/]: Unknown biome 'minecraft:!snowy_taiga'
[26Jul2026 11:05:19.764] [Render thread/INFO] [Supplementaries/]: Synced Captured Mobs settings
[26Jul2026 11:05:19.765] [Render thread/INFO] [Supplementaries/]: Synced Hourglass data
[26Jul2026 11:05:19.839] [Render thread/INFO] [Moonlight/]: Synced Custom World Data [supplementaries_globe_data]
[26Jul2026 11:05:19.872] [Render thread/INFO] [EMI/]: [EMI] Tags synchronized, reloading EMI
[26Jul2026 11:05:19.872] [Render thread/INFO] [EMI/]: [EMI] Starting Reload
[26Jul2026 11:05:19.874] [Render thread/WARN] [EMI/]: [EMI] dev.emi.emi.runtime.EmiReloadManager$ReloadWorker is tainted by
	 * dev.nolij.toomanyrecipeviewers.mixin.EmiReloadManager_ReloadWorkerMixin
[26Jul2026 11:05:19.879] [Thread-28/INFO] [EMI/]: [EMI] Starting EMI reload...
[26Jul2026 11:05:19.879] [Thread-28/INFO] [EMI/]: [EMI] Clearing data
[26Jul2026 11:05:19.881] [Thread-28/WARN] [EMI/]: [EMI] dev.emi.emi.registry.EmiRecipes is tainted by
	 * dev.nolij.toomanyrecipeviewers.mixin.EmiRecipesMixin
[26Jul2026 11:05:19.892] [Server thread/INFO] [voicechat/]: [voicechat] Received secret request of Axiinyaa (20)
[26Jul2026 11:05:19.895] [Server thread/INFO] [voicechat/]: [voicechat] Sent secret to Axiinyaa
[26Jul2026 11:05:19.911] [Render thread/INFO] [xaero.hud.minimap.MinimapLogs/]: Minimap updated server level id: -1391483088 for world ResourceKey[minecraft:dimension / minecraft:overworld]
[26Jul2026 11:05:19.919] [Thread-28/WARN] [EMI/]: [EMI] dev.emi.emi.api.stack.FluidEmiStack is tainted by
	 * dev.nolij.toomanyrecipeviewers.mixin.FluidEmiStackMixin
[26Jul2026 11:05:19.921] [Thread-28/WARN] [EMI/]: [EMI] dev.emi.emi.api.stack.ItemEmiStack is tainted by
	 * dev.nolij.toomanyrecipeviewers.mixin.ItemEmiStackMixin
[26Jul2026 11:05:19.939] [Render thread/INFO] [FTB Quests/]: Read 1051 bytes, 17 objects
[26Jul2026 11:05:19.943] [Render thread/INFO] [FTB Quests/]: received translation table en_us (with 11 entries) from server
[26Jul2026 11:05:19.943] [Render thread/INFO] [Moonlight/]: Overriding configs supplementaries-common.toml with synced configs (editable)
[26Jul2026 11:05:19.949] [Render thread/INFO] [Moonlight/]: Synced supplementaries-common.toml configs
[26Jul2026 11:05:19.950] [Thread-28/INFO] [EMI/]: [EMI] Initializing plugin from emi
[26Jul2026 11:05:19.953] [Render thread/INFO] [Moonlight/]: Overriding configs moonlight-common.toml with synced configs (editable)
[26Jul2026 11:05:19.954] [Render thread/INFO] [Moonlight/]: Synced moonlight-common.toml configs
[26Jul2026 11:05:19.959] [Render thread/INFO] [net.minecraft.advancements.AdvancementTree/]: Loaded 469 advancements
[26Jul2026 11:05:19.962] [Thread-28/INFO] [EMI/]: [EMI] Initialized plugin from emi in 11ms
[26Jul2026 11:05:19.962] [Thread-28/INFO] [EMI/]: [EMI] Initializing plugin from supplementaries
[26Jul2026 11:05:19.962] [Thread-28/INFO] [EMI/]: [EMI] Initialized plugin from supplementaries in 0ms
[26Jul2026 11:05:19.962] [Thread-28/INFO] [EMI/]: [EMI] Initializing plugin from curios
[26Jul2026 11:05:19.962] [Thread-28/INFO] [EMI/]: [EMI] Initialized plugin from curios in 0ms
[26Jul2026 11:05:19.962] [Thread-28/INFO] [EMI/]: [EMI] Initializing plugin from emiprofessions
[26Jul2026 11:05:19.962] [Thread-28/INFO] [EMI/]: [EMI] Initialized plugin from emiprofessions in 0ms
[26Jul2026 11:05:19.962] [Thread-28/INFO] [EMI/]: [EMI] Initializing plugin from kiwi
[26Jul2026 11:05:19.962] [Thread-28/INFO] [EMI/]: [EMI] Initialized plugin from kiwi in 0ms
[26Jul2026 11:05:19.962] [Thread-28/INFO] [EMI/]: [EMI] Initializing plugin from emi_ores
[26Jul2026 11:05:19.963] [Thread-28/INFO] [EMI/]: [EMI] Initialized plugin from emi_ores in 1ms
[26Jul2026 11:05:19.963] [Thread-28/INFO] [EMI/]: [EMI] Initializing plugin from emi_loot
[26Jul2026 11:05:19.964] [Thread-28/INFO] [EMI/]: [EMI] Initialized plugin from emi_loot in 1ms
[26Jul2026 11:05:19.964] [Thread-28/INFO] [EMI/]: [EMI] Initializing plugin from farmersdelight
[26Jul2026 11:05:19.964] [Thread-28/INFO] [EMI/]: [EMI] Initialized plugin from farmersdelight in 0ms
[26Jul2026 11:05:19.964] [Thread-28/INFO] [EMI/]: [EMI] Initializing plugin from ftblibrary
[26Jul2026 11:05:19.964] [Thread-28/INFO] [EMI/]: [EMI] Initialized plugin from ftblibrary in 0ms
[26Jul2026 11:05:19.964] [Thread-28/INFO] [EMI/]: [EMI] Initializing plugin from kubejs
[26Jul2026 11:05:19.964] [Thread-28/INFO] [EMI/]: [EMI] Initialized plugin from kubejs in 0ms
[26Jul2026 11:05:19.964] [Thread-28/INFO] [EMI/]: [EMI] Initializing plugin from owo
[26Jul2026 11:05:19.964] [Thread-28/INFO] [EMI/]: [EMI] Initialized plugin from owo in 0ms
[26Jul2026 11:05:19.964] [Thread-28/INFO] [EMI/]: [EMI] Initializing plugin from copycats
[26Jul2026 11:05:19.964] [Thread-28/INFO] [EMI/]: [EMI] Initialized plugin from copycats in 0ms
[26Jul2026 11:05:19.964] [Thread-28/INFO] [EMI/]: [EMI] Initializing plugin from yyzsbackpack
[26Jul2026 11:05:19.964] [Thread-28/INFO] [EMI/]: [EMI] Initialized plugin from yyzsbackpack in 0ms
[26Jul2026 11:05:19.964] [Thread-28/INFO] [EMI/]: [EMI] Initializing plugin from emi_enchanting
[26Jul2026 11:05:19.964] [Thread-28/INFO] [EMI/]: [EMI] Initialized plugin from emi_enchanting in 0ms
[26Jul2026 11:05:19.964] [Thread-28/INFO] [EMI/]: [EMI] Initializing plugin from toomanyrecipeviewers
[26Jul2026 11:05:19.964] [Thread-28/INFO] [EMI/]: [EMI] [TMRV] Initializing...
[26Jul2026 11:05:19.968] [Thread-28/INFO] [EMI/]: [EMI] Initialized plugin from toomanyrecipeviewers in 4ms
[26Jul2026 11:05:19.969] [Thread-28/INFO] [EMI/]: [EMI] Processing tags
[26Jul2026 11:05:20.003] [Render thread/INFO] [voicechat/]: [voicechat] Received secret
[26Jul2026 11:05:20.004] [Render thread/INFO] [voicechat/]: [voicechat] Connecting to voice chat server: '127.0.0.1:56358'
[26Jul2026 11:05:20.005] [VoiceChatAuthenticationThread/INFO] [voicechat/]: [voicechat] Trying to authenticate voice chat connection
[26Jul2026 11:05:20.010] [Render thread/INFO] [net.minecraft.client.gui.components.ChatComponent/]: [System] [CHAT] [Simple Voice Chat] Press V to set up
[26Jul2026 11:05:20.011] [VoiceChatPacketProcessingThread/INFO] [voicechat/]: [voicechat] Successfully authenticated player 47dc7b42-9113-48d0-bfae-31b2b56bcaed
[26Jul2026 11:05:20.011] [VoiceChatConnectionThread/INFO] [voicechat/]: [voicechat] Server acknowledged authentication
[26Jul2026 11:05:20.014] [Thread-28/INFO] [EMI/]: [EMI] Constructing index
[26Jul2026 11:05:20.024] [Thread-28/INFO] [EMI/]: [EMI] Reloading item groups on client thread...
[26Jul2026 11:05:20.171] [Render thread/INFO] [ChunkBuilder/]: Stopping worker threads
[26Jul2026 11:05:20.174] [Render thread/INFO] [ChunkBuilder/]: Started 6 worker threads
[26Jul2026 11:05:20.179] [Render thread/INFO] [Seamless Sleep/]: [Seamless Sleep] Registered client handlers for sleep animation.
[26Jul2026 11:05:20.306] [Render thread/INFO] [Veil/]: Multi-Bind supported, using core
[26Jul2026 11:05:20.398] [Render thread/INFO] [xaero.hud.minimap.MinimapLogs/]: Reloading radar icon resources...
[26Jul2026 11:05:20.407] [Render thread/INFO] [xaero.hud.minimap.MinimapLogs/]: Reloaded radar icon resources!
[26Jul2026 11:05:20.547] [Render thread/INFO] [Railways/]: [Dev] Creative tab railways:main will display 89 entries
[26Jul2026 11:05:20.552] [Render thread/INFO] [Railways/]: [Dev] Creative tab railways:tracks will display 53 entries
[26Jul2026 11:05:20.558] [Render thread/INFO] [Railways/]: [Dev] Creative tab railways:palettes will display 1056 entries
[26Jul2026 11:05:20.648] [Thread-28/INFO] [EMI/]: [EMI] Reloading item groups on client thread took 623ms
[26Jul2026 11:05:20.687] [Thread-28/INFO] [EMI/]: [EMI] Loading plugin from emi
[26Jul2026 11:05:20.688] [Thread-28/WARN] [EMI/]: [EMI] dev.emi.emi.handler.InventoryRecipeHandler is tainted by
	 * com.yyz.yyzsbackpack.mixin.compat.emi.InventoryRecipeHandlerMixin
[26Jul2026 11:05:20.690] [Thread-28/WARN] [EMI/]: [EMI] dev.emi.emi.handler.CraftingRecipeHandler is tainted by
	 * com.yyz.yyzsbackpack.mixin.compat.emi.CraftingRecipeHandlerMixin
[26Jul2026 11:05:20.691] [Thread-28/WARN] [EMI/]: [EMI] dev.emi.emi.handler.CookingRecipeHandler is tainted by
	 * com.yyz.yyzsbackpack.mixin.compat.emi.CookingRecipeHandlerMixin
[26Jul2026 11:05:20.692] [Thread-28/WARN] [EMI/]: [EMI] dev.emi.emi.handler.StonecuttingRecipeHandler is tainted by
	 * com.yyz.yyzsbackpack.mixin.compat.emi.StonecuttingRecipeHandlerMixin
[26Jul2026 11:05:20.760] [Server thread/INFO] [com.simibubi.create.Create/]: RecipeTrie of depth 7 with 1235 nodes built with 1951 variants, 677 ingredients, and 1979 recipes
[26Jul2026 11:05:21.011] [VoiceChatAuthenticationThread/INFO] [voicechat/]: [voicechat] Trying to validate voice chat connection
[26Jul2026 11:05:21.016] [VoiceChatPacketProcessingThread/INFO] [voicechat/]: [voicechat] Successfully validated connection of player 47dc7b42-9113-48d0-bfae-31b2b56bcaed
[26Jul2026 11:05:21.018] [VoiceChatPacketProcessingThread/INFO] [voicechat/]: [voicechat] Player Axiinyaa (47dc7b42-9113-48d0-bfae-31b2b56bcaed) successfully connected to voice chat
[26Jul2026 11:05:21.023] [VoiceChatConnectionThread/INFO] [voicechat/]: [voicechat] Server acknowledged connection check
[26Jul2026 11:05:21.152] [Render thread/WARN] [net.minecraft.client.multiplayer.ClientPacketListener/]: Received passengers for unknown entity
[26Jul2026 11:05:21.153] [Render thread/WARN] [net.minecraft.client.multiplayer.ClientPacketListener/]: Received passengers for unknown entity
[26Jul2026 11:05:21.172] [Thread-28/INFO] [EMI/]: [EMI] Reloaded plugin from emi in 484ms
[26Jul2026 11:05:21.172] [Thread-28/INFO] [EMI/]: [EMI] Loading plugin from supplementaries
[26Jul2026 11:05:21.196] [Thread-28/INFO] [EMI/]: [EMI] Reloaded plugin from supplementaries in 24ms
[26Jul2026 11:05:21.197] [Thread-28/INFO] [EMI/]: [EMI] Loading plugin from curios
[26Jul2026 11:05:21.198] [Thread-28/INFO] [EMI/]: [EMI] Reloaded plugin from curios in 1ms
[26Jul2026 11:05:21.198] [Thread-28/INFO] [EMI/]: [EMI] Loading plugin from emiprofessions
[26Jul2026 11:05:21.201] [Thread-28/INFO] [EMI/]: [EMI] Reloaded plugin from emiprofessions in 3ms
[26Jul2026 11:05:21.202] [Thread-28/INFO] [EMI/]: [EMI] Loading plugin from kiwi
[26Jul2026 11:05:21.202] [Thread-28/INFO] [EMI/]: [EMI] Reloaded plugin from kiwi in 0ms
[26Jul2026 11:05:21.202] [Thread-28/INFO] [EMI/]: [EMI] Loading plugin from emi_ores
[26Jul2026 11:05:21.204] [Thread-28/INFO] [EMI/]: [EMI] Reloaded plugin from emi_ores in 2ms
[26Jul2026 11:05:21.204] [Thread-28/INFO] [EMI/]: [EMI] Loading plugin from emi_loot
[26Jul2026 11:05:21.217] [ForkJoinPool.commonPool-worker-6/INFO] [emi_loot/]: Built 83 mob loot recipes in 8ms
[26Jul2026 11:05:21.218] [ForkJoinPool.commonPool-worker-4/INFO] [emi_loot/]: Built 107 chest loot recipes in 12ms
[26Jul2026 11:05:21.218] [ForkJoinPool.commonPool-worker-2/INFO] [emi_loot/]: Built 21 gameplay loot recipes in 9ms
[26Jul2026 11:05:21.219] [Thread-28/INFO] [emi_loot/]: Registered gameplay loot recipes after 13ms
[26Jul2026 11:05:21.219] [ForkJoinPool.commonPool-worker-8/INFO] [emi_loot/]: Built 6 archaeology loot recipes in 7ms
[26Jul2026 11:05:21.220] [Thread-28/INFO] [emi_loot/]: Registered archaeology loot recipes after 14ms
[26Jul2026 11:05:21.220] [Thread-28/INFO] [emi_loot/]: Registered mob loot recipes after 14ms
[26Jul2026 11:05:21.224] [Thread-28/INFO] [emi_loot/]: Registered chest loot recipes after 18ms
[26Jul2026 11:05:21.240] [ForkJoinPool.commonPool-worker-9/INFO] [emi_loot/]: Built 4312 block loot recipes in 31ms
[26Jul2026 11:05:21.244] [Thread-28/INFO] [emi_loot/]: Registered all loot recipes after 38ms
[26Jul2026 11:05:21.244] [Thread-28/INFO] [EMI/]: [EMI] Reloaded plugin from emi_loot in 39ms
[26Jul2026 11:05:21.244] [Thread-28/INFO] [EMI/]: [EMI] Loading plugin from farmersdelight
[26Jul2026 11:05:21.332] [Render thread/WARN] [net.minecraft.client.sounds.SoundEngine/SOUNDS]: Unable to play empty soundEvent: minecraft:entity.cod.ambient
[26Jul2026 11:05:21.402] [Thread-28/INFO] [EMI/]: [EMI] Reloaded plugin from farmersdelight in 157ms
[26Jul2026 11:05:21.402] [Thread-28/INFO] [EMI/]: [EMI] Loading plugin from ftblibrary
[26Jul2026 11:05:21.402] [Thread-28/INFO] [EMI/]: [EMI] Reloaded plugin from ftblibrary in 0ms
[26Jul2026 11:05:21.402] [Thread-28/INFO] [EMI/]: [EMI] Loading plugin from kubejs
[26Jul2026 11:05:21.402] [Thread-28/INFO] [EMI/]: [EMI] Reloaded plugin from kubejs in 0ms
[26Jul2026 11:05:21.402] [Thread-28/INFO] [EMI/]: [EMI] Loading plugin from owo
[26Jul2026 11:05:21.404] [Thread-28/INFO] [EMI/]: [EMI] Reloaded plugin from owo in 2ms
[26Jul2026 11:05:21.404] [Thread-28/INFO] [EMI/]: [EMI] Loading plugin from copycats
[26Jul2026 11:05:21.404] [Thread-28/INFO] [EMI/]: [EMI] Reloaded plugin from copycats in 0ms
[26Jul2026 11:05:21.404] [Thread-28/INFO] [EMI/]: [EMI] Loading plugin from yyzsbackpack
[26Jul2026 11:05:21.404] [Thread-28/INFO] [EMI/]: [EMI] Reloaded plugin from yyzsbackpack in 0ms
[26Jul2026 11:05:21.404] [Thread-28/INFO] [EMI/]: [EMI] Loading plugin from emi_enchanting
[26Jul2026 11:05:21.451] [Thread-28/INFO] [EMI/]: [EMI] Reloaded plugin from emi_enchanting in 47ms
[26Jul2026 11:05:21.452] [Thread-28/INFO] [EMI/]: [EMI] Loading plugin from toomanyrecipeviewers
[26Jul2026 11:05:21.461] [Thread-28/INFO] [toomanyrecipeviewers/]: Loading JEI Plugins: [jei:minecraft⁰, balm:jei, supplementaries:jei_plugin¹, curios:curios¹, kiwi:customization¹, visualworkbench:crafting, simulated:jei_plugin, simulated:jei_plugin, create_connected:jei_plugin, farmersdelight:jei_plugin¹, ftblibrary:jei¹, trashcans:jei_plugin, kubejs:jei¹, copycats:jei_plugin¹, create:jei_plugin, sliceanddice:jei, yyzsbackpack:backpack¹, createaddition:jei_plugin, jei:internalⁱ]
[26Jul2026 11:05:21.465] [Thread-28/INFO] [EMI/]: [EMI] [TMRV] Dispatching `registerItemSubtypes` with default strategy `SYNC_EMI`...
[26Jul2026 11:05:21.468] [Thread-28/INFO] [EMI/]: [EMI] [TMRV] Dispatching `registerItemSubtypes` took 3ms
[26Jul2026 11:05:21.470] [Thread-28/INFO] [EMI/]: [EMI] [TMRV] Dispatching `registerFluidSubtypes` with default strategy `SYNC_EMI`...
[26Jul2026 11:05:21.471] [Thread-28/INFO] [EMI/]: [EMI] [TMRV] Dispatching `registerFluidSubtypes` took 1ms
[26Jul2026 11:05:21.507] [Thread-28/INFO] [EMI/]: [EMI] [TMRV] Dispatching `registerIngredients` with default strategy `ASYNC`...
[26Jul2026 11:05:21.510] [Thread-28/INFO] [EMI/]: [EMI] [TMRV] Dispatching `registerIngredients` took 3ms
[26Jul2026 11:05:21.510] [Thread-28/INFO] [EMI/]: [EMI] [TMRV] Dispatching `registerExtraIngredients` with default strategy `ASYNC`...
[26Jul2026 11:05:21.511] [Thread-28/INFO] [EMI/]: [EMI] [TMRV] Dispatching `registerExtraIngredients` took 1ms
[26Jul2026 11:05:21.511] [Thread-28/INFO] [EMI/]: [EMI] [TMRV] Dispatching `registerIngredientAliases` with default strategy `ASYNC`...
[26Jul2026 11:05:21.523] [Thread-28/INFO] [EMI/]: [EMI] [TMRV] Dispatching `registerIngredientAliases` took 12ms
[26Jul2026 11:05:21.531] [Thread-28/INFO] [EMI/]: [EMI] [TMRV] Dispatching `registerModInfo` with default strategy `SYNC_EMI`...
[26Jul2026 11:05:21.532] [Thread-28/INFO] [EMI/]: [EMI] [TMRV] Dispatching `registerModInfo` took 0ms
[26Jul2026 11:05:21.541] [Thread-28/INFO] [EMI/]: [EMI] [TMRV] Dispatching `registerCategories` with default strategy `SYNC_EMI`...
[26Jul2026 11:05:21.560] [Thread-28/WARN] [toomanyrecipeviewers/]: JEI category with ID `farmersdelight:cooking` already exists in EMI!
[26Jul2026 11:05:21.562] [Thread-28/WARN] [toomanyrecipeviewers/]: JEI category with ID `farmersdelight:cutting` already exists in EMI!
[26Jul2026 11:05:21.562] [Thread-28/WARN] [toomanyrecipeviewers/]: JEI category with ID `farmersdelight:decomposition` already exists in EMI!
[26Jul2026 11:05:21.617] [Thread-28/INFO] [EMI/]: [EMI] [TMRV] Dispatching `registerCategories` took 75ms
[26Jul2026 11:05:21.617] [Thread-28/INFO] [EMI/]: [EMI] [TMRV] Dispatching `registerVanillaCategoryExtensions` with default strategy `SYNC_EMI`...
[26Jul2026 11:05:21.623] [Thread-28/INFO] [EMI/]: [EMI] [TMRV] Dispatching `registerVanillaCategoryExtensions` took 6ms
[26Jul2026 11:05:21.623] [Thread-28/INFO] [EMI/]: [EMI] [TMRV] Dispatching `registerRecipeCatalysts` with default strategy `SYNC_EMI`...
[26Jul2026 11:05:21.625] [Thread-28/INFO] [EMI/]: [EMI] [TMRV] Dispatching `registerRecipeCatalysts` took 2ms
[26Jul2026 11:05:21.626] [Thread-28/INFO] [EMI/]: [EMI] [TMRV] Dispatching `registerAdvanced` with default strategy `SYNC_EMI`...
[26Jul2026 11:05:21.626] [Thread-28/INFO] [EMI/]: [EMI] [TMRV] Dispatching `registerAdvanced` took 0ms
[26Jul2026 11:05:21.628] [Thread-28/INFO] [EMI/]: [EMI] [TMRV] Dispatching `registerRecipes` with default strategy `ASYNC`...
[26Jul2026 11:05:21.995] [Thread-28/INFO] [EMI/]: [EMI] [TMRV] Dispatching `registerRecipes` took 367ms
[26Jul2026 11:05:22.008] [Thread-28/INFO] [toomanyrecipeviewers/]: Added 0 extended crafting recipes in 12ms
[26Jul2026 11:05:22.009] [Thread-28/INFO] [toomanyrecipeviewers/]: Added 0 extended smithing recipes in 0ms
[26Jul2026 11:05:22.014] [Thread-28/INFO] [EMI/]: [EMI] [TMRV] Dispatching `registerRecipeTransferHandlers` with default strategy `SYNC_EMI`...
[26Jul2026 11:05:22.020] [Thread-28/INFO] [EMI/]: [EMI] [TMRV] Dispatching `registerRecipeTransferHandlers` took 2ms
[26Jul2026 11:05:22.022] [Thread-28/INFO] [EMI/]: [EMI] [TMRV] Dispatching `registerGuiHandlers` with default strategy `SYNC_EMI`...
[26Jul2026 11:05:22.024] [Thread-28/INFO] [EMI/]: [EMI] [TMRV] Dispatching `registerGuiHandlers` took 2ms
[26Jul2026 11:05:22.031] [Thread-28/INFO] [EMI/]: [EMI] [TMRV] Dispatching `registerRuntime` with default strategy `SYNC_EMI`...
[26Jul2026 11:05:22.031] [Thread-28/INFO] [EMI/]: [EMI] [TMRV] Dispatching `registerRuntime` took 0ms
[26Jul2026 11:05:22.033] [Thread-28/INFO] [EMI/]: [EMI] [TMRV] Dispatching `onRuntimeAvailable` with default strategy `SYNC_EMI`...
[26Jul2026 11:05:22.035] [Thread-28/INFO] [EMI/]: [EMI] [TMRV] Dispatching `onRuntimeAvailable` took 2ms
[26Jul2026 11:05:22.035] [Thread-28/INFO] [toomanyrecipeviewers/]: [jei:minecraft⁰] Loaded in 22ms
[26Jul2026 11:05:22.035] [Thread-28/INFO] [toomanyrecipeviewers/]: [balm:jei] Loaded in 0ms
[26Jul2026 11:05:22.035] [Thread-28/INFO] [toomanyrecipeviewers/]: [supplementaries:jei_plugin¹] Loaded in 2ms
[26Jul2026 11:05:22.035] [Thread-28/INFO] [toomanyrecipeviewers/]: [curios:curios¹] Loaded in 0ms
[26Jul2026 11:05:22.035] [Thread-28/INFO] [toomanyrecipeviewers/]: [kiwi:customization¹] Loaded in 0ms
[26Jul2026 11:05:22.035] [Thread-28/INFO] [toomanyrecipeviewers/]: [visualworkbench:crafting] Loaded in 1ms
[26Jul2026 11:05:22.035] [Thread-28/INFO] [toomanyrecipeviewers/]: [simulated:jei_plugin] Loaded in 14ms
[26Jul2026 11:05:22.035] [Thread-28/INFO] [toomanyrecipeviewers/]: [simulated:jei_plugin] Loaded in 12ms
[26Jul2026 11:05:22.035] [Thread-28/INFO] [toomanyrecipeviewers/]: [create_connected:jei_plugin] Loaded in 0ms
[26Jul2026 11:05:22.035] [Thread-28/INFO] [toomanyrecipeviewers/]: [farmersdelight:jei_plugin¹] Loaded in 3ms
[26Jul2026 11:05:22.035] [Thread-28/INFO] [toomanyrecipeviewers/]: [ftblibrary:jei¹] Loaded in 0ms
[26Jul2026 11:05:22.035] [Thread-28/INFO] [toomanyrecipeviewers/]: [trashcans:jei_plugin] Loaded in 1ms
[26Jul2026 11:05:22.035] [Thread-28/INFO] [toomanyrecipeviewers/]: [kubejs:jei¹] Loaded in 0ms
[26Jul2026 11:05:22.035] [Thread-28/INFO] [toomanyrecipeviewers/]: [copycats:jei_plugin¹] Loaded in 0ms
[26Jul2026 11:05:22.035] [Thread-28/INFO] [toomanyrecipeviewers/]: [create:jei_plugin] Loaded in 419ms
[26Jul2026 11:05:22.036] [Thread-28/INFO] [toomanyrecipeviewers/]: [sliceanddice:jei] Loaded in 3ms
[26Jul2026 11:05:22.036] [Thread-28/INFO] [toomanyrecipeviewers/]: [yyzsbackpack:backpack¹] Loaded in 0ms
[26Jul2026 11:05:22.036] [Thread-28/INFO] [toomanyrecipeviewers/]: [createaddition:jei_plugin] Loaded in 27ms
[26Jul2026 11:05:22.036] [Thread-28/INFO] [toomanyrecipeviewers/]: [jei:internalⁱ] Loaded in 1ms
[26Jul2026 11:05:22.036] [Thread-28/INFO] [toomanyrecipeviewers/]: JEI plugins loaded in 476ms
[26Jul2026 11:05:22.040] [Thread-28/INFO] [EMI/]: [EMI] [TMRV] Locking JEI Ingredient Registry...
[26Jul2026 11:05:22.041] [Thread-28/INFO] [EMI/]: [EMI] [TMRV] Locking JEI Recipe Registry...
[26Jul2026 11:05:22.041] [Thread-28/INFO] [EMI/]: [EMI] Reloaded plugin from toomanyrecipeviewers in 589ms
[26Jul2026 11:05:22.041] [Thread-28/INFO] [EMI/]: [EMI] Baking index
[26Jul2026 11:05:22.083] [Thread-28/INFO] [EMI/]: [EMI] Registering late recipes
[26Jul2026 11:05:22.109] [Thread-28/INFO] [EMI/]: [EMI] Baking recipes
[26Jul2026 11:05:22.562] [Thread-28/INFO] [EMI/]: [EMI] Baked 19467 recipes in 449ms
[26Jul2026 11:05:22.584] [Thread-28/INFO] [EMI/]: [EMI] Baking search
[26Jul2026 11:05:22.996] [Thread-35/INFO] [EMI/]: [EMI] Baked recipes after reload in 437ms
[26Jul2026 11:05:23.025] [Thread-28/INFO] [EMI/]: [EMI] Finishing up
[26Jul2026 11:05:23.028] [Thread-28/WARN] [EMI/]: [EMI] dev.emi.emi.screen.EmiScreenManager is tainted by
	 * toni.distractionfreerecipes.mixins.EMIScreenManagerMixin
[26Jul2026 11:05:23.036] [Thread-28/WARN] [EMI/]: [EMI] dev.emi.emi.screen.EmiScreenManager$SidebarPanel is tainted by
	 * toni.distractionfreerecipes.mixins.EMISidebarPanelMixin
[26Jul2026 11:05:23.050] [Thread-28/INFO] [EMI/]: [EMI] Reloaded EMI in 3171ms
[26Jul2026 11:05:25.852] [Server thread/INFO] [net.minecraft.server.MinecraftServer/]: Axiinyaa was killed
[26Jul2026 11:05:25.871] [Render thread/INFO] [net.minecraft.client.gui.components.ChatComponent/]: [System] [CHAT] Axiinyaa was killed
[26Jul2026 11:05:25.929] [Server thread/INFO] [net.minecraft.server.MinecraftServer/]: [Axiinyaa: Killed 172 entities]
[26Jul2026 11:05:25.934] [Render thread/INFO] [net.minecraft.client.gui.components.ChatComponent/]: [System] [CHAT] Killed 172 entities
[26Jul2026 11:05:27.078] [Render thread/INFO] [xaero.hud.minimap.MinimapLogs/]: Minimap updated server level id: -1391483088 for world ResourceKey[minecraft:dimension / minecraft:overworld]
[26Jul2026 11:05:27.839] [Render thread/WARN] [net.minecraft.client.sounds.SoundEngine/SOUNDS]: Unable to play empty soundEvent: minecraft:entity.tropical_fish.ambient
[26Jul2026 11:05:32.425] [Render thread/INFO] [Railways/]: [Dev] Creative tab railways:main will display 89 entries
[26Jul2026 11:05:32.427] [Render thread/INFO] [Railways/]: [Dev] Creative tab railways:tracks will display 53 entries
[26Jul2026 11:05:32.430] [Render thread/INFO] [Railways/]: [Dev] Creative tab railways:palettes will display 1056 entries
[26Jul2026 11:05:41.676] [Render thread/INFO] [net.minecraft.advancements.AdvancementTree/]: Loaded 470 advancements
[26Jul2026 11:05:53.225] [Render thread/INFO] [net.minecraft.advancements.AdvancementTree/]: Loaded 475 advancements
[26Jul2026 11:06:25.408] [Server thread/INFO] [net.minecraft.server.commands.LocateCommand/]: Locating element minecraft:village_snowy took 1317 ms
[26Jul2026 11:06:25.417] [Render thread/INFO] [net.minecraft.client.gui.components.ChatComponent/]: [System] [CHAT] The nearest minecraft:village_snowy is at [-2144, ~, 736] (2441 blocks away)
[26Jul2026 11:06:31.960] [Server thread/INFO] [net.minecraft.server.MinecraftServer/]: [Axiinyaa: Teleported Axiinyaa to -2143.500000, 92.131832, 736.500000]
[26Jul2026 11:06:31.960] [Server thread/WARN] [net.minecraft.server.MinecraftServer/]: Can't keep up! Is the server overloaded? Running 3901ms or 78 ticks behind
[26Jul2026 11:06:31.961] [Render thread/INFO] [net.minecraft.client.gui.components.ChatComponent/]: [System] [CHAT] Teleported Axiinyaa to -2143.500000, 92.131832, 736.500000
[26Jul2026 11:06:38.743] [Server thread/WARN] [net.minecraft.world.level.chunk.LevelChunk/]: Tried to load a DUMMY block entity @ BlockPos{x=-2077, y=182, z=734} but found not block entity block Block{minecraft:snow}[layers=1] at location
[26Jul2026 11:06:38.744] [Server thread/WARN] [net.minecraft.world.level.chunk.LevelChunk/]: Tried to load a block entity for block Block{minecraft:snow}[layers=1] but failed at location BlockPos{x=-2077, y=182, z=734}
[26Jul2026 11:06:38.745] [Server thread/WARN] [net.minecraft.world.level.chunk.LevelChunk/]: Tried to load a DUMMY block entity @ BlockPos{x=-2076, y=183, z=735} but found not block entity block Block{minecraft:snow}[layers=1] at location
[26Jul2026 11:06:38.745] [Server thread/WARN] [net.minecraft.world.level.chunk.LevelChunk/]: Tried to load a block entity for block Block{minecraft:snow}[layers=1] but failed at location BlockPos{x=-2076, y=183, z=735}
[26Jul2026 11:06:38.745] [Server thread/WARN] [net.minecraft.world.level.chunk.LevelChunk/]: Tried to load a DUMMY block entity @ BlockPos{x=-2075, y=184, z=735} but found not block entity block Block{minecraft:snow}[layers=1] at location
[26Jul2026 11:06:38.745] [Server thread/WARN] [net.minecraft.world.level.chunk.LevelChunk/]: Tried to load a block entity for block Block{minecraft:snow}[layers=1] but failed at location BlockPos{x=-2075, y=184, z=735}
[26Jul2026 11:06:38.749] [Server thread/WARN] [net.minecraft.world.level.chunk.LevelChunk/]: Tried to load a DUMMY block entity @ BlockPos{x=-2079, y=184, z=741} but found not block entity block Block{minecraft:snow}[layers=1] at location
[26Jul2026 11:06:38.749] [Server thread/WARN] [net.minecraft.world.level.chunk.LevelChunk/]: Tried to load a block entity for block Block{minecraft:snow}[layers=1] but failed at location BlockPos{x=-2079, y=184, z=741}
[26Jul2026 11:06:38.749] [Server thread/WARN] [net.minecraft.world.level.chunk.LevelChunk/]: Tried to load a DUMMY block entity @ BlockPos{x=-2077, y=186, z=742} but found not block entity block Block{minecraft:snow}[layers=1] at location
[26Jul2026 11:06:38.749] [Server thread/WARN] [net.minecraft.world.level.chunk.LevelChunk/]: Tried to load a block entity for block Block{minecraft:snow}[layers=1] but failed at location BlockPos{x=-2077, y=186, z=742}
[26Jul2026 11:06:38.749] [Server thread/WARN] [net.minecraft.world.level.chunk.LevelChunk/]: Tried to load a DUMMY block entity @ BlockPos{x=-2079, y=182, z=737} but found not block entity block Block{minecraft:snow}[layers=1] at location
[26Jul2026 11:06:38.749] [Server thread/WARN] [net.minecraft.world.level.chunk.LevelChunk/]: Tried to load a block entity for block Block{minecraft:snow}[layers=1] but failed at location BlockPos{x=-2079, y=182, z=737}
[26Jul2026 11:06:38.750] [Server thread/WARN] [net.minecraft.world.level.chunk.LevelChunk/]: Tried to load a DUMMY block entity @ BlockPos{x=-2076, y=184, z=740} but found not block entity block Block{minecraft:snow}[layers=1] at location
[26Jul2026 11:06:38.750] [Server thread/WARN] [net.minecraft.world.level.chunk.LevelChunk/]: Tried to load a block entity for block Block{minecraft:snow}[layers=1] but failed at location BlockPos{x=-2076, y=184, z=740}
[26Jul2026 11:06:47.234] [Server thread/WARN] [net.minecraft.world.level.chunk.LevelChunk/]: Tried to load a DUMMY block entity @ BlockPos{x=-2270, y=88, z=683} but found not block entity block Block{minecraft:snow}[layers=1] at location
[26Jul2026 11:06:47.235] [Server thread/WARN] [net.minecraft.world.level.chunk.LevelChunk/]: Tried to load a block entity for block Block{minecraft:snow}[layers=1] but failed at location BlockPos{x=-2270, y=88, z=683}
[26Jul2026 11:06:50.635] [Server thread/WARN] [net.minecraft.world.level.chunk.LevelChunk/]: Tried to load a DUMMY block entity @ BlockPos{x=-2021, y=215, z=758} but found not block entity block Block{minecraft:snow}[layers=1] at location
[26Jul2026 11:06:50.635] [Server thread/WARN] [net.minecraft.world.level.chunk.LevelChunk/]: Tried to load a block entity for block Block{minecraft:snow}[layers=1] but failed at location BlockPos{x=-2021, y=215, z=758}
[26Jul2026 11:06:50.636] [Server thread/WARN] [net.minecraft.world.level.chunk.LevelChunk/]: Tried to load a DUMMY block entity @ BlockPos{x=-2020, y=215, z=760} but found not block entity block Block{minecraft:snow}[layers=1] at location
[26Jul2026 11:06:50.636] [Server thread/WARN] [net.minecraft.world.level.chunk.LevelChunk/]: Tried to load a block entity for block Block{minecraft:snow}[layers=1] but failed at location BlockPos{x=-2020, y=215, z=760}
[26Jul2026 11:06:50.636] [Server thread/WARN] [net.minecraft.world.level.chunk.LevelChunk/]: Tried to load a DUMMY block entity @ BlockPos{x=-2020, y=215, z=759} but found not block entity block Block{minecraft:snow}[layers=1] at location
[26Jul2026 11:06:50.636] [Server thread/WARN] [net.minecraft.world.level.chunk.LevelChunk/]: Tried to load a block entity for block Block{minecraft:snow}[layers=1] but failed at location BlockPos{x=-2020, y=215, z=759}
[26Jul2026 11:06:50.636] [Server thread/WARN] [net.minecraft.world.level.chunk.LevelChunk/]: Tried to load a DUMMY block entity @ BlockPos{x=-2024, y=215, z=757} but found not block entity block Block{minecraft:snow}[layers=1] at location
[26Jul2026 11:06:50.636] [Server thread/WARN] [net.minecraft.world.level.chunk.LevelChunk/]: Tried to load a block entity for block Block{minecraft:snow}[layers=1] but failed at location BlockPos{x=-2024, y=215, z=757}
[26Jul2026 11:06:50.636] [Server thread/WARN] [net.minecraft.world.level.chunk.LevelChunk/]: Tried to load a DUMMY block entity @ BlockPos{x=-2023, y=216, z=755} but found not block entity block Block{minecraft:snow}[layers=1] at location
[26Jul2026 11:06:50.636] [Server thread/WARN] [net.minecraft.world.level.chunk.LevelChunk/]: Tried to load a block entity for block Block{minecraft:snow}[layers=1] but failed at location BlockPos{x=-2023, y=216, z=755}
[26Jul2026 11:06:53.270] [Worker-Main-4/ERROR] [net.minecraft.Util/]: Detected setBlock in a far chunk [-124, 39], pos: BlockPos{x=-1981, y=46, z=639}, status: minecraft:features, currently generating: ResourceKey[minecraft:worldgen/placed_feature / minecraft:large_dripstone]
[26Jul2026 11:06:53.271] [Worker-Main-4/ERROR] [net.minecraft.Util/]: Detected setBlock in a far chunk [-124, 39], pos: BlockPos{x=-1980, y=46, z=639}, status: minecraft:features, currently generating: ResourceKey[minecraft:worldgen/placed_feature / minecraft:large_dripstone]
[26Jul2026 11:06:53.272] [Worker-Main-4/ERROR] [net.minecraft.Util/]: Detected setBlock in a far chunk [-124, 39], pos: BlockPos{x=-1977, y=46, z=639}, status: minecraft:features, currently generating: ResourceKey[minecraft:worldgen/placed_feature / minecraft:large_dripstone]
[26Jul2026 11:06:53.274] [Worker-Main-4/ERROR] [net.minecraft.Util/]: Detected setBlock in a far chunk [-124, 39], pos: BlockPos{x=-1975, y=47, z=639}, status: minecraft:features, currently generating: ResourceKey[minecraft:worldgen/placed_feature / minecraft:large_dripstone]
[26Jul2026 11:06:53.274] [Worker-Main-4/ERROR] [net.minecraft.Util/]: Detected setBlock in a far chunk [-124, 39], pos: BlockPos{x=-1975, y=46, z=639}, status: minecraft:features, currently generating: ResourceKey[minecraft:worldgen/placed_feature / minecraft:large_dripstone]
[26Jul2026 11:06:53.274] [Worker-Main-4/ERROR] [net.minecraft.Util/]: Detected setBlock in a far chunk [-124, 39], pos: BlockPos{x=-1974, y=47, z=639}, status: minecraft:features, currently generating: ResourceKey[minecraft:worldgen/placed_feature / minecraft:large_dripstone]
[26Jul2026 11:06:53.687] [Server thread/WARN] [net.minecraft.world.level.chunk.LevelChunk/]: Tried to load a DUMMY block entity @ BlockPos{x=-2016, y=219, z=757} but found not block entity block Block{minecraft:snow}[layers=1] at location
[26Jul2026 11:06:53.687] [Server thread/WARN] [net.minecraft.world.level.chunk.LevelChunk/]: Tried to load a block entity for block Block{minecraft:snow}[layers=1] but failed at location BlockPos{x=-2016, y=219, z=757}
[26Jul2026 11:06:53.687] [Server thread/WARN] [net.minecraft.world.level.chunk.LevelChunk/]: Tried to load a DUMMY block entity @ BlockPos{x=-2013, y=219, z=761} but found not block entity block Block{minecraft:snow}[layers=1] at location
[26Jul2026 11:06:53.687] [Server thread/WARN] [net.minecraft.world.level.chunk.LevelChunk/]: Tried to load a block entity for block Block{minecraft:snow}[layers=1] but failed at location BlockPos{x=-2013, y=219, z=761}
[26Jul2026 11:06:53.687] [Server thread/WARN] [net.minecraft.world.level.chunk.LevelChunk/]: Tried to load a DUMMY block entity @ BlockPos{x=-2016, y=215, z=764} but found not block entity block Block{minecraft:snow}[layers=1] at location
[26Jul2026 11:06:53.687] [Server thread/WARN] [net.minecraft.world.level.chunk.LevelChunk/]: Tried to load a block entity for block Block{minecraft:snow}[layers=1] but failed at location BlockPos{x=-2016, y=215, z=764}
[26Jul2026 11:07:08.159] [Server thread/WARN] [net.minecraft.world.level.chunk.LevelChunk/]: Tried to load a DUMMY block entity @ BlockPos{x=-2102, y=64, z=1027} but found not block entity block Block{minecraft:snow}[layers=1] at location
[26Jul2026 11:07:08.159] [Server thread/WARN] [net.minecraft.world.level.chunk.LevelChunk/]: Tried to load a block entity for block Block{minecraft:snow}[layers=1] but failed at location BlockPos{x=-2102, y=64, z=1027}
[26Jul2026 11:07:08.227] [pool-22-thread-1/INFO] [Supplementaries/]: Searching for closest structure among [minecraft:village_desert, minecraft:village_taiga, minecraft:village_savanna, minecraft:village_plains, minecraft:village_snowy] from position BlockPos{x=-2117, y=67, z=1035}
[26Jul2026 11:07:09.308] [pool-22-thread-1/INFO] [Supplementaries/]: 
 Structure locator found 2 structures: 
minecraft:village_snowy at BlockPos{x=-2144, y=0, z=736}, dist = 307.6020155980776
minecraft:village_snowy at BlockPos{x=-2544, y=0, z=576}, dist = 630.4752175938401
[26Jul2026 11:07:11.584] [Server thread/WARN] [net.minecraft.world.level.chunk.LevelChunk/]: Tried to load a DUMMY block entity @ BlockPos{x=-2109, y=63, z=1041} but found not block entity block Block{minecraft:snow}[layers=1] at location
[26Jul2026 11:07:11.584] [Server thread/WARN] [net.minecraft.world.level.chunk.LevelChunk/]: Tried to load a block entity for block Block{minecraft:snow}[layers=1] but failed at location BlockPos{x=-2109, y=63, z=1041}
[26Jul2026 11:07:11.650] [Chunk Render Task Executor #4/WARN] [Sodium-VertexConsumerTracker/]: Class net.mehvahdjukaar.moonlight.api.client.model.platform.BakedQuadBuilderImpl does not support optimized vertex writing code paths, which may cause reduced rendering performance
[26Jul2026 11:07:31.327] [Server thread/WARN] [net.minecraft.world.level.chunk.LevelChunk/]: Tried to load a DUMMY block entity @ BlockPos{x=-2131, y=63, z=1146} but found not block entity block Block{minecraft:snow}[layers=1] at location
[26Jul2026 11:07:31.327] [Server thread/WARN] [net.minecraft.world.level.chunk.LevelChunk/]: Tried to load a block entity for block Block{minecraft:snow}[layers=1] but failed at location BlockPos{x=-2131, y=63, z=1146}
[26Jul2026 11:07:42.301] [Server thread/WARN] [net.minecraft.world.level.chunk.LevelChunk/]: Tried to load a DUMMY block entity @ BlockPos{x=-2060, y=69, z=1224} but found not block entity block Block{minecraft:snow}[layers=1] at location
[26Jul2026 11:07:42.301] [Server thread/WARN] [net.minecraft.world.level.chunk.LevelChunk/]: Tried to load a block entity for block Block{minecraft:snow}[layers=1] but failed at location BlockPos{x=-2060, y=69, z=1224}
[26Jul2026 11:07:42.301] [Server thread/WARN] [net.minecraft.world.level.chunk.LevelChunk/]: Tried to load a DUMMY block entity @ BlockPos{x=-2059, y=70, z=1223} but found not block entity block Block{minecraft:snow}[layers=1] at location
[26Jul2026 11:07:42.301] [Server thread/WARN] [net.minecraft.world.level.chunk.LevelChunk/]: Tried to load a block entity for block Block{minecraft:snow}[layers=1] but failed at location BlockPos{x=-2059, y=70, z=1223}
[26Jul2026 11:07:42.301] [Server thread/WARN] [net.minecraft.world.level.chunk.LevelChunk/]: Tried to load a DUMMY block entity @ BlockPos{x=-2053, y=68, z=1224} but found not block entity block Block{minecraft:snow}[layers=1] at location
[26Jul2026 11:07:42.301] [Server thread/WARN] [net.minecraft.world.level.chunk.LevelChunk/]: Tried to load a block entity for block Block{minecraft:snow}[layers=1] but failed at location BlockPos{x=-2053, y=68, z=1224}
[26Jul2026 11:07:42.301] [Server thread/WARN] [net.minecraft.world.level.chunk.LevelChunk/]: Tried to load a DUMMY block entity @ BlockPos{x=-2061, y=68, z=1230} but found not block entity block Block{minecraft:snow}[layers=1] at location
[26Jul2026 11:07:42.301] [Server thread/WARN] [net.minecraft.world.level.chunk.LevelChunk/]: Tried to load a block entity for block Block{minecraft:snow}[layers=1] but failed at location BlockPos{x=-2061, y=68, z=1230}
[26Jul2026 11:07:43.879] [Server thread/WARN] [net.minecraft.world.level.chunk.LevelChunk/]: Tried to load a DUMMY block entity @ BlockPos{x=-2048, y=64, z=1246} but found not block entity block Block{minecraft:snow}[layers=1] at location
[26Jul2026 11:07:43.879] [Server thread/WARN] [net.minecraft.world.level.chunk.LevelChunk/]: Tried to load a block entity for block Block{minecraft:snow}[layers=1] but failed at location BlockPos{x=-2048, y=64, z=1246}
[26Jul2026 11:07:55.727] [Render thread/INFO] [net.minecraft.client.gui.components.ChatComponent/]: [System] [CHAT] Could not find a point of interest of type "supplementaries:cannon" within reasonable distance
[26Jul2026 11:08:00.193] [Server thread/WARN] [net.minecraft.world.level.chunk.LevelChunk/]: Tried to load a DUMMY block entity @ BlockPos{x=-1999, y=71, z=1255} but found not block entity block Block{minecraft:snow}[layers=1] at location
[26Jul2026 11:08:00.193] [Server thread/WARN] [net.minecraft.world.level.chunk.LevelChunk/]: Tried to load a block entity for block Block{minecraft:snow}[layers=1] but failed at location BlockPos{x=-1999, y=71, z=1255}
[26Jul2026 11:08:00.193] [Server thread/WARN] [net.minecraft.world.level.chunk.LevelChunk/]: Tried to load a DUMMY block entity @ BlockPos{x=-1999, y=70, z=1257} but found not block entity block Block{minecraft:snow}[layers=1] at location
[26Jul2026 11:08:00.193] [Server thread/WARN] [net.minecraft.world.level.chunk.LevelChunk/]: Tried to load a block entity for block Block{minecraft:snow}[layers=1] but failed at location BlockPos{x=-1999, y=70, z=1257}
[26Jul2026 11:08:00.193] [Server thread/WARN] [net.minecraft.world.level.chunk.LevelChunk/]: Tried to load a DUMMY block entity @ BlockPos{x=-1999, y=67, z=1260} but found not block entity block Block{minecraft:snow}[layers=1] at location
[26Jul2026 11:08:00.193] [Server thread/WARN] [net.minecraft.world.level.chunk.LevelChunk/]: Tried to load a block entity for block Block{minecraft:snow}[layers=1] but failed at location BlockPos{x=-1999, y=67, z=1260}
[26Jul2026 11:08:00.193] [Server thread/WARN] [net.minecraft.world.level.chunk.LevelChunk/]: Tried to load a DUMMY block entity @ BlockPos{x=-1999, y=68, z=1259} but found not block entity block Block{minecraft:snow}[layers=1] at location
[26Jul2026 11:08:00.193] [Server thread/WARN] [net.minecraft.world.level.chunk.LevelChunk/]: Tried to load a block entity for block Block{minecraft:snow}[layers=1] but failed at location BlockPos{x=-1999, y=68, z=1259}
[26Jul2026 11:08:00.193] [Server thread/WARN] [net.minecraft.world.level.chunk.LevelChunk/]: Tried to load a DUMMY block entity @ BlockPos{x=-1994, y=70, z=1257} but found not block entity block Block{minecraft:snow}[layers=1] at location
[26Jul2026 11:08:00.193] [Server thread/WARN] [net.minecraft.world.level.chunk.LevelChunk/]: Tried to load a block entity for block Block{minecraft:snow}[layers=1] but failed at location BlockPos{x=-1994, y=70, z=1257}
[26Jul2026 11:08:00.624] [Server thread/WARN] [net.minecraft.world.level.chunk.LevelChunk/]: Tried to load a DUMMY block entity @ BlockPos{x=-2053, y=63, z=1248} but found not block entity block Block{minecraft:snow}[layers=1] at location
[26Jul2026 11:08:00.624] [Server thread/WARN] [net.minecraft.world.level.chunk.LevelChunk/]: Tried to load a block entity for block Block{minecraft:snow}[layers=1] but failed at location BlockPos{x=-2053, y=63, z=1248}
[26Jul2026 11:08:13.979] [Render thread/INFO] [net.minecraft.advancements.AdvancementTree/]: Loaded 476 advancements
[26Jul2026 11:08:30.106] [Server thread/WARN] [net.minecraft.world.level.chunk.LevelChunk/]: Tried to load a DUMMY block entity @ BlockPos{x=-2001, y=62, z=1282} but found not block entity block Block{minecraft:water}[level=1] at location
[26Jul2026 11:08:30.107] [Server thread/WARN] [net.minecraft.world.level.chunk.LevelChunk/]: Tried to load a block entity for block Block{minecraft:water}[level=1] but failed at location BlockPos{x=-2001, y=62, z=1282}
[26Jul2026 11:08:30.107] [Server thread/WARN] [net.minecraft.world.level.chunk.LevelChunk/]: Tried to load a DUMMY block entity @ BlockPos{x=-2003, y=62, z=1282} but found not block entity block Block{minecraft:water}[level=1] at location
[26Jul2026 11:08:30.107] [Server thread/WARN] [net.minecraft.world.level.chunk.LevelChunk/]: Tried to load a block entity for block Block{minecraft:water}[level=1] but failed at location BlockPos{x=-2003, y=62, z=1282}
[26Jul2026 11:08:30.107] [Server thread/WARN] [net.minecraft.world.level.chunk.LevelChunk/]: Tried to load a DUMMY block entity @ BlockPos{x=-2004, y=62, z=1281} but found not block entity block Block{minecraft:water}[level=1] at location
[26Jul2026 11:08:30.107] [Server thread/WARN] [net.minecraft.world.level.chunk.LevelChunk/]: Tried to load a block entity for block Block{minecraft:water}[level=1] but failed at location BlockPos{x=-2004, y=62, z=1281}
[26Jul2026 11:08:35.970] [Server thread/WARN] [net.minecraft.world.level.chunk.LevelChunk/]: Tried to load a DUMMY block entity @ BlockPos{x=-1977, y=63, z=1378} but found not block entity block Block{minecraft:snow}[layers=1] at location
[26Jul2026 11:08:35.970] [Server thread/WARN] [net.minecraft.world.level.chunk.LevelChunk/]: Tried to load a block entity for block Block{minecraft:snow}[layers=1] but failed at location BlockPos{x=-1977, y=63, z=1378}
[26Jul2026 11:08:37.764] [Server thread/WARN] [net.minecraft.world.level.chunk.LevelChunk/]: Tried to load a DUMMY block entity @ BlockPos{x=-1987, y=63, z=1374} but found not block entity block Block{minecraft:snow}[layers=1] at location
[26Jul2026 11:08:37.764] [Server thread/WARN] [net.minecraft.world.level.chunk.LevelChunk/]: Tried to load a block entity for block Block{minecraft:snow}[layers=1] but failed at location BlockPos{x=-1987, y=63, z=1374}
[26Jul2026 11:08:40.833] [Server thread/WARN] [net.minecraft.world.level.chunk.LevelChunk/]: Tried to load a DUMMY block entity @ BlockPos{x=-1821, y=76, z=1425} but found not block entity block Block{minecraft:snow}[layers=1] at location
[26Jul2026 11:08:40.834] [Server thread/WARN] [net.minecraft.world.level.chunk.LevelChunk/]: Tried to load a block entity for block Block{minecraft:snow}[layers=1] but failed at location BlockPos{x=-1821, y=76, z=1425}
[26Jul2026 11:08:40.834] [Server thread/WARN] [net.minecraft.world.level.chunk.LevelChunk/]: Tried to load a DUMMY block entity @ BlockPos{x=-1821, y=74, z=1432} but found not block entity block Block{minecraft:snow}[layers=1] at location
[26Jul2026 11:08:40.834] [Server thread/WARN] [net.minecraft.world.level.chunk.LevelChunk/]: Tried to load a block entity for block Block{minecraft:snow}[layers=1] but failed at location BlockPos{x=-1821, y=74, z=1432}
[26Jul2026 11:08:40.834] [Server thread/WARN] [net.minecraft.world.level.chunk.LevelChunk/]: Tried to load a DUMMY block entity @ BlockPos{x=-1819, y=75, z=1430} but found not block entity block Block{minecraft:snow}[layers=1] at location
[26Jul2026 11:08:40.834] [Server thread/WARN] [net.minecraft.world.level.chunk.LevelChunk/]: Tried to load a block entity for block Block{minecraft:snow}[layers=1] but failed at location BlockPos{x=-1819, y=75, z=1430}
[26Jul2026 11:08:40.834] [Server thread/WARN] [net.minecraft.world.level.chunk.LevelChunk/]: Tried to load a DUMMY block entity @ BlockPos{x=-1819, y=75, z=1431} but found not block entity block Block{minecraft:snow}[layers=1] at location
[26Jul2026 11:08:40.834] [Server thread/WARN] [net.minecraft.world.level.chunk.LevelChunk/]: Tried to load a block entity for block Block{minecraft:snow}[layers=1] but failed at location BlockPos{x=-1819, y=75, z=1431}
[26Jul2026 11:08:40.834] [Server thread/WARN] [net.minecraft.world.level.chunk.LevelChunk/]: Tried to load a DUMMY block entity @ BlockPos{x=-1820, y=74, z=1433} but found not block entity block Block{minecraft:snow}[layers=1] at location
[26Jul2026 11:08:40.834] [Server thread/WARN] [net.minecraft.world.level.chunk.LevelChunk/]: Tried to load a block entity for block Block{minecraft:snow}[layers=1] but failed at location BlockPos{x=-1820, y=74, z=1433}
[26Jul2026 11:08:40.834] [Server thread/WARN] [net.minecraft.world.level.chunk.LevelChunk/]: Tried to load a DUMMY block entity @ BlockPos{x=-1819, y=75, z=1432} but found not block entity block Block{minecraft:snow}[layers=1] at location
[26Jul2026 11:08:40.834] [Server thread/WARN] [net.minecraft.world.level.chunk.LevelChunk/]: Tried to load a block entity for block Block{minecraft:snow}[layers=1] but failed at location BlockPos{x=-1819, y=75, z=1432}
[26Jul2026 11:08:40.834] [Server thread/WARN] [net.minecraft.world.level.chunk.LevelChunk/]: Tried to load a DUMMY block entity @ BlockPos{x=-1815, y=75, z=1435} but found not block entity block Block{minecraft:snow}[layers=1] at location
[26Jul2026 11:08:40.834] [Server thread/WARN] [net.minecraft.world.level.chunk.LevelChunk/]: Tried to load a block entity for block Block{minecraft:snow}[layers=1] but failed at location BlockPos{x=-1815, y=75, z=1435}
[26Jul2026 11:08:40.834] [Server thread/WARN] [net.minecraft.world.level.chunk.LevelChunk/]: Tried to load a DUMMY block entity @ BlockPos{x=-1821, y=76, z=1424} but found not block entity block Block{minecraft:snow}[layers=1] at location
[26Jul2026 11:08:40.834] [Server thread/WARN] [net.minecraft.world.level.chunk.LevelChunk/]: Tried to load a block entity for block Block{minecraft:snow}[layers=1] but failed at location BlockPos{x=-1821, y=76, z=1424}
[26Jul2026 11:08:40.834] [Server thread/WARN] [net.minecraft.world.level.chunk.LevelChunk/]: Tried to load a DUMMY block entity @ BlockPos{x=-1820, y=75, z=1427} but found not block entity block Block{minecraft:snow}[layers=1] at location
[26Jul2026 11:08:40.834] [Server thread/WARN] [net.minecraft.world.level.chunk.LevelChunk/]: Tried to load a block entity for block Block{minecraft:snow}[layers=1] but failed at location BlockPos{x=-1820, y=75, z=1427}
[26Jul2026 11:08:40.835] [Server thread/WARN] [net.minecraft.world.level.chunk.LevelChunk/]: Tried to load a DUMMY block entity @ BlockPos{x=-1820, y=75, z=1428} but found not block entity block Block{minecraft:snow}[layers=1] at location
[26Jul2026 11:08:40.835] [Server thread/WARN] [net.minecraft.world.level.chunk.LevelChunk/]: Tried to load a block entity for block Block{minecraft:snow}[layers=1] but failed at location BlockPos{x=-1820, y=75, z=1428}
[26Jul2026 11:08:40.835] [Server thread/WARN] [net.minecraft.world.level.chunk.LevelChunk/]: Tried to load a DUMMY block entity @ BlockPos{x=-1823, y=74, z=1432} but found not block entity block Block{minecraft:snow}[layers=1] at location
[26Jul2026 11:08:40.835] [Server thread/WARN] [net.minecraft.world.level.chunk.LevelChunk/]: Tried to load a block entity for block Block{minecraft:snow}[layers=1] but failed at location BlockPos{x=-1823, y=74, z=1432}
[26Jul2026 11:08:40.835] [Server thread/WARN] [net.minecraft.world.level.chunk.LevelChunk/]: Tried to load a DUMMY block entity @ BlockPos{x=-1820, y=75, z=1430} but found not block entity block Block{minecraft:snow}[layers=1] at location
[26Jul2026 11:08:40.835] [Server thread/WARN] [net.minecraft.world.level.chunk.LevelChunk/]: Tried to load a block entity for block Block{minecraft:snow}[layers=1] but failed at location BlockPos{x=-1820, y=75, z=1430}
[26Jul2026 11:08:40.835] [Server thread/WARN] [net.minecraft.world.level.chunk.LevelChunk/]: Tried to load a DUMMY block entity @ BlockPos{x=-1824, y=75, z=1427} but found not block entity block Block{minecraft:snow}[layers=1] at location
[26Jul2026 11:08:40.835] [Server thread/WARN] [net.minecraft.world.level.chunk.LevelChunk/]: Tried to load a block entity for block Block{minecraft:snow}[layers=1] but failed at location BlockPos{x=-1824, y=75, z=1427}
[26Jul2026 11:08:43.936] [Server thread/WARN] [net.minecraft.world.level.chunk.LevelChunk/]: Tried to load a DUMMY block entity @ BlockPos{x=-1634, y=63, z=1392} but found not block entity block Block{minecraft:snow}[layers=1] at location
[26Jul2026 11:08:43.936] [Server thread/WARN] [net.minecraft.world.level.chunk.LevelChunk/]: Tried to load a block entity for block Block{minecraft:snow}[layers=1] but failed at location BlockPos{x=-1634, y=63, z=1392}
[26Jul2026 11:08:54.372] [Server thread/WARN] [net.minecraft.world.level.chunk.LevelChunk/]: Tried to load a DUMMY block entity @ BlockPos{x=-1800, y=63, z=1515} but found not block entity block Block{minecraft:snow}[layers=1] at location
[26Jul2026 11:08:54.373] [Server thread/WARN] [net.minecraft.world.level.chunk.LevelChunk/]: Tried to load a block entity for block Block{minecraft:snow}[layers=1] but failed at location BlockPos{x=-1800, y=63, z=1515}
[26Jul2026 11:08:54.373] [Server thread/WARN] [net.minecraft.world.level.chunk.LevelChunk/]: Tried to load a DUMMY block entity @ BlockPos{x=-1794, y=63, z=1517} but found not block entity block Block{minecraft:snow}[layers=1] at location
[26Jul2026 11:08:54.373] [Server thread/WARN] [net.minecraft.world.level.chunk.LevelChunk/]: Tried to load a block entity for block Block{minecraft:snow}[layers=1] but failed at location BlockPos{x=-1794, y=63, z=1517}
[26Jul2026 11:08:54.373] [Server thread/WARN] [net.minecraft.world.level.chunk.LevelChunk/]: Tried to load a DUMMY block entity @ BlockPos{x=-1795, y=63, z=1519} but found not block entity block Block{minecraft:snow}[layers=1] at location
[26Jul2026 11:08:54.373] [Server thread/WARN] [net.minecraft.world.level.chunk.LevelChunk/]: Tried to load a block entity for block Block{minecraft:snow}[layers=1] but failed at location BlockPos{x=-1795, y=63, z=1519}
[26Jul2026 11:08:54.373] [Server thread/WARN] [net.minecraft.world.level.chunk.LevelChunk/]: Tried to load a DUMMY block entity @ BlockPos{x=-1796, y=63, z=1517} but found not block entity block Block{minecraft:snow}[layers=1] at location
[26Jul2026 11:08:54.373] [Server thread/WARN] [net.minecraft.world.level.chunk.LevelChunk/]: Tried to load a block entity for block Block{minecraft:snow}[layers=1] but failed at location BlockPos{x=-1796, y=63, z=1517}
[26Jul2026 11:08:54.373] [Server thread/WARN] [net.minecraft.world.level.chunk.LevelChunk/]: Tried to load a DUMMY block entity @ BlockPos{x=-1797, y=63, z=1519} but found not block entity block Block{minecraft:snow}[layers=1] at location
[26Jul2026 11:08:54.373] [Server thread/WARN] [net.minecraft.world.level.chunk.LevelChunk/]: Tried to load a block entity for block Block{minecraft:snow}[layers=1] but failed at location BlockPos{x=-1797, y=63, z=1519}
[26Jul2026 11:08:54.373] [Server thread/WARN] [net.minecraft.world.level.chunk.LevelChunk/]: Tried to load a DUMMY block entity @ BlockPos{x=-1795, y=63, z=1514} but found not block entity block Block{minecraft:snow}[layers=1] at location
[26Jul2026 11:08:54.373] [Server thread/WARN] [net.minecraft.world.level.chunk.LevelChunk/]: Tried to load a block entity for block Block{minecraft:snow}[layers=1] but failed at location BlockPos{x=-1795, y=63, z=1514}
[26Jul2026 11:08:54.373] [Server thread/WARN] [net.minecraft.world.level.chunk.LevelChunk/]: Tried to load a DUMMY block entity @ BlockPos{x=-1793, y=63, z=1513} but found not block entity block Block{minecraft:snow}[layers=1] at location
[26Jul2026 11:08:54.373] [Server thread/WARN] [net.minecraft.world.level.chunk.LevelChunk/]: Tried to load a block entity for block Block{minecraft:snow}[layers=1] but failed at location BlockPos{x=-1793, y=63, z=1513}
[26Jul2026 11:08:54.468] [Server thread/WARN] [net.minecraft.world.level.chunk.LevelChunk/]: Tried to load a DUMMY block entity @ BlockPos{x=-1789, y=63, z=1512} but found not block entity block Block{minecraft:snow}[layers=1] at location
[26Jul2026 11:08:54.468] [Server thread/WARN] [net.minecraft.world.level.chunk.LevelChunk/]: Tried to load a block entity for block Block{minecraft:snow}[layers=1] but failed at location BlockPos{x=-1789, y=63, z=1512}
[26Jul2026 11:08:56.073] [Render thread/INFO] [net.minecraft.advancements.AdvancementTree/]: Loaded 476 advancements
[26Jul2026 11:09:01.338] [Render thread/WARN] [net.minecraft.client.sounds.SoundEngine/SOUNDS]: Unable to play empty soundEvent: minecraft:entity.salmon.ambient
[26Jul2026 11:09:01.580] [Server thread/WARN] [net.minecraft.world.level.chunk.LevelChunk/]: Tried to load a DUMMY block entity @ BlockPos{x=-1457, y=64, z=1284} but found not block entity block Block{minecraft:snow}[layers=1] at location
[26Jul2026 11:09:01.580] [Server thread/WARN] [net.minecraft.world.level.chunk.LevelChunk/]: Tried to load a block entity for block Block{minecraft:snow}[layers=1] but failed at location BlockPos{x=-1457, y=64, z=1284}
[26Jul2026 11:09:01.580] [Server thread/WARN] [net.minecraft.world.level.chunk.LevelChunk/]: Tried to load a DUMMY block entity @ BlockPos{x=-1462, y=64, z=1281} but found not block entity block Block{minecraft:snow}[layers=1] at location
[26Jul2026 11:09:01.580] [Server thread/WARN] [net.minecraft.world.level.chunk.LevelChunk/]: Tried to load a block entity for block Block{minecraft:snow}[layers=1] but failed at location BlockPos{x=-1462, y=64, z=1281}
[26Jul2026 11:09:01.580] [Server thread/WARN] [net.minecraft.world.level.chunk.LevelChunk/]: Tried to load a DUMMY block entity @ BlockPos{x=-1458, y=64, z=1281} but found not block entity block Block{minecraft:snow}[layers=1] at location
[26Jul2026 11:09:01.580] [Server thread/WARN] [net.minecraft.world.level.chunk.LevelChunk/]: Tried to load a block entity for block Block{minecraft:snow}[layers=1] but failed at location BlockPos{x=-1458, y=64, z=1281}
[26Jul2026 11:09:01.580] [Server thread/WARN] [net.minecraft.world.level.chunk.LevelChunk/]: Tried to load a DUMMY block entity @ BlockPos{x=-1462, y=64, z=1282} but found not block entity block Block{minecraft:snow}[layers=1] at location
[26Jul2026 11:09:01.580] [Server thread/WARN] [net.minecraft.world.level.chunk.LevelChunk/]: Tried to load a block entity for block Block{minecraft:snow}[layers=1] but failed at location BlockPos{x=-1462, y=64, z=1282}
[26Jul2026 11:09:01.580] [Server thread/WARN] [net.minecraft.world.level.chunk.LevelChunk/]: Tried to load a DUMMY block entity @ BlockPos{x=-1462, y=64, z=1283} but found not block entity block Block{minecraft:snow}[layers=1] at location
[26Jul2026 11:09:01.581] [Server thread/WARN] [net.minecraft.world.level.chunk.LevelChunk/]: Tried to load a block entity for block Block{minecraft:snow}[layers=1] but failed at location BlockPos{x=-1462, y=64, z=1283}
[26Jul2026 11:09:01.581] [Server thread/WARN] [net.minecraft.world.level.chunk.LevelChunk/]: Tried to load a DUMMY block entity @ BlockPos{x=-1465, y=63, z=1282} but found not block entity block Block{minecraft:snow}[layers=1] at location
[26Jul2026 11:09:01.581] [Server thread/WARN] [net.minecraft.world.level.chunk.LevelChunk/]: Tried to load a block entity for block Block{minecraft:snow}[layers=1] but failed at location BlockPos{x=-1465, y=63, z=1282}
[26Jul2026 11:09:01.581] [Server thread/WARN] [net.minecraft.world.level.chunk.LevelChunk/]: Tried to load a DUMMY block entity @ BlockPos{x=-1464, y=63, z=1285} but found not block entity block Block{minecraft:snow}[layers=1] at location
[26Jul2026 11:09:01.581] [Server thread/WARN] [net.minecraft.world.level.chunk.LevelChunk/]: Tried to load a block entity for block Block{minecraft:snow}[layers=1] but failed at location BlockPos{x=-1464, y=63, z=1285}
[26Jul2026 11:09:01.581] [Server thread/WARN] [net.minecraft.world.level.chunk.LevelChunk/]: Tried to load a DUMMY block entity @ BlockPos{x=-1464, y=63, z=1286} but found not block entity block Block{minecraft:snow}[layers=1] at location
[26Jul2026 11:09:01.581] [Server thread/WARN] [net.minecraft.world.level.chunk.LevelChunk/]: Tried to load a block entity for block Block{minecraft:snow}[layers=1] but failed at location BlockPos{x=-1464, y=63, z=1286}
[26Jul2026 11:09:01.590] [Server thread/WARN] [net.minecraft.world.level.chunk.LevelChunk/]: Tried to load a DUMMY block entity @ BlockPos{x=-1464, y=63, z=1278} but found not block entity block Block{minecraft:snow}[layers=1] at location
[26Jul2026 11:09:01.590] [Server thread/WARN] [net.minecraft.world.level.chunk.LevelChunk/]: Tried to load a block entity for block Block{minecraft:snow}[layers=1] but failed at location BlockPos{x=-1464, y=63, z=1278}
[26Jul2026 11:09:01.590] [Server thread/WARN] [net.minecraft.world.level.chunk.LevelChunk/]: Tried to load a DUMMY block entity @ BlockPos{x=-1467, y=63, z=1279} but found not block entity block Block{minecraft:snow}[layers=1] at location
[26Jul2026 11:09:01.590] [Server thread/WARN] [net.minecraft.world.level.chunk.LevelChunk/]: Tried to load a block entity for block Block{minecraft:snow}[layers=1] but failed at location BlockPos{x=-1467, y=63, z=1279}
[26Jul2026 11:09:01.590] [Server thread/WARN] [net.minecraft.world.level.chunk.LevelChunk/]: Tried to load a DUMMY block entity @ BlockPos{x=-1461, y=64, z=1279} but found not block entity block Block{minecraft:snow}[layers=1] at location
[26Jul2026 11:09:01.590] [Server thread/WARN] [net.minecraft.world.level.chunk.LevelChunk/]: Tried to load a block entity for block Block{minecraft:snow}[layers=1] but failed at location BlockPos{x=-1461, y=64, z=1279}
[26Jul2026 11:09:01.590] [Server thread/WARN] [net.minecraft.world.level.chunk.LevelChunk/]: Tried to load a DUMMY block entity @ BlockPos{x=-1461, y=64, z=1278} but found not block entity block Block{minecraft:snow}[layers=1] at location
[26Jul2026 11:09:01.590] [Server thread/WARN] [net.minecraft.world.level.chunk.LevelChunk/]: Tried to load a block entity for block Block{minecraft:snow}[layers=1] but failed at location BlockPos{x=-1461, y=64, z=1278}
[26Jul2026 11:10:21.320] [Server thread/INFO] [net.minecraft.server.MinecraftServer/]: Axiinyaa has made the advancement [Diamonds!]
[26Jul2026 11:10:21.333] [Render thread/INFO] [net.minecraft.client.gui.components.ChatComponent/]: [System] [CHAT] Axiinyaa has made the advancement [Diamonds!]
[26Jul2026 11:10:21.371] [Render thread/INFO] [net.minecraft.advancements.AdvancementTree/]: Loaded 492 advancements
[26Jul2026 11:10:22.140] [Server thread/INFO] [dev.ryanhcode.sable.Sable/]: Saving sub-levels for level 'ServerLevel[New World]'/minecraft:overworld
[26Jul2026 11:10:22.151] [Server thread/INFO] [dev.ryanhcode.sable.Sable/]: Saving sub-levels for level 'ServerLevel[New World]'/minecraft:the_end
[26Jul2026 11:10:22.152] [Server thread/INFO] [dev.ryanhcode.sable.Sable/]: Saving sub-levels for level 'ServerLevel[New World]'/minecraft:the_nether
[26Jul2026 11:10:33.546] [Server thread/WARN] [net.minecraft.world.level.chunk.LevelChunk/]: Tried to load a DUMMY block entity @ BlockPos{x=-1235, y=63, z=1038} but found not block entity block Block{minecraft:snow}[layers=1] at location
[26Jul2026 11:10:33.546] [Server thread/WARN] [net.minecraft.world.level.chunk.LevelChunk/]: Tried to load a block entity for block Block{minecraft:snow}[layers=1] but failed at location BlockPos{x=-1235, y=63, z=1038}
[26Jul2026 11:10:33.546] [Server thread/WARN] [net.minecraft.world.level.chunk.LevelChunk/]: Tried to load a DUMMY block entity @ BlockPos{x=-1237, y=63, z=1038} but found not block entity block Block{minecraft:snow}[layers=1] at location
[26Jul2026 11:10:33.546] [Server thread/WARN] [net.minecraft.world.level.chunk.LevelChunk/]: Tried to load a block entity for block Block{minecraft:snow}[layers=1] but failed at location BlockPos{x=-1237, y=63, z=1038}
[26Jul2026 11:10:33.546] [Server thread/WARN] [net.minecraft.world.level.chunk.LevelChunk/]: Tried to load a DUMMY block entity @ BlockPos{x=-1236, y=63, z=1036} but found not block entity block Block{minecraft:snow}[layers=1] at location
[26Jul2026 11:10:33.546] [Server thread/WARN] [net.minecraft.world.level.chunk.LevelChunk/]: Tried to load a block entity for block Block{minecraft:snow}[layers=1] but failed at location BlockPos{x=-1236, y=63, z=1036}
[26Jul2026 11:10:33.546] [Server thread/WARN] [net.minecraft.world.level.chunk.LevelChunk/]: Tried to load a DUMMY block entity @ BlockPos{x=-1239, y=63, z=1038} but found not block entity block Block{minecraft:snow}[layers=1] at location
[26Jul2026 11:10:33.546] [Server thread/WARN] [net.minecraft.world.level.chunk.LevelChunk/]: Tried to load a block entity for block Block{minecraft:snow}[layers=1] but failed at location BlockPos{x=-1239, y=63, z=1038}
[26Jul2026 11:10:33.546] [Server thread/WARN] [net.minecraft.world.level.chunk.LevelChunk/]: Tried to load a DUMMY block entity @ BlockPos{x=-1242, y=63, z=1039} but found not block entity block Block{minecraft:snow}[layers=1] at location
[26Jul2026 11:10:33.546] [Server thread/WARN] [net.minecraft.world.level.chunk.LevelChunk/]: Tried to load a block entity for block Block{minecraft:snow}[layers=1] but failed at location BlockPos{x=-1242, y=63, z=1039}
[26Jul2026 11:10:33.546] [Server thread/WARN] [net.minecraft.world.level.chunk.LevelChunk/]: Tried to load a DUMMY block entity @ BlockPos{x=-1242, y=63, z=1038} but found not block entity block Block{minecraft:snow}[layers=1] at location
[26Jul2026 11:10:33.547] [Server thread/WARN] [net.minecraft.world.level.chunk.LevelChunk/]: Tried to load a block entity for block Block{minecraft:snow}[layers=1] but failed at location BlockPos{x=-1242, y=63, z=1038}
[26Jul2026 11:10:40.051] [Server thread/WARN] [net.minecraft.world.level.chunk.LevelChunk/]: Tried to load a DUMMY block entity @ BlockPos{x=-1214, y=64, z=972} but found not block entity block Block{minecraft:snow}[layers=1] at location
[26Jul2026 11:10:40.052] [Server thread/WARN] [net.minecraft.world.level.chunk.LevelChunk/]: Tried to load a block entity for block Block{minecraft:snow}[layers=1] but failed at location BlockPos{x=-1214, y=64, z=972}
[26Jul2026 11:10:40.052] [Server thread/WARN] [net.minecraft.world.level.chunk.LevelChunk/]: Tried to load a DUMMY block entity @ BlockPos{x=-1214, y=64, z=973} but found not block entity block Block{minecraft:snow}[layers=1] at location
[26Jul2026 11:10:40.052] [Server thread/WARN] [net.minecraft.world.level.chunk.LevelChunk/]: Tried to load a block entity for block Block{minecraft:snow}[layers=1] but failed at location BlockPos{x=-1214, y=64, z=973}
[26Jul2026 11:10:40.052] [Server thread/WARN] [net.minecraft.world.level.chunk.LevelChunk/]: Tried to load a DUMMY block entity @ BlockPos{x=-1210, y=64, z=972} but found not block entity block Block{minecraft:snow}[layers=1] at location
[26Jul2026 11:10:40.052] [Server thread/WARN] [net.minecraft.world.level.chunk.LevelChunk/]: Tried to load a block entity for block Block{minecraft:snow}[layers=1] but failed at location BlockPos{x=-1210, y=64, z=972}
[26Jul2026 11:10:40.052] [Server thread/WARN] [net.minecraft.world.level.chunk.LevelChunk/]: Tried to load a DUMMY block entity @ BlockPos{x=-1215, y=64, z=975} but found not block entity block Block{minecraft:snow}[layers=1] at location
[26Jul2026 11:10:40.052] [Server thread/WARN] [net.minecraft.world.level.chunk.LevelChunk/]: Tried to load a block entity for block Block{minecraft:snow}[layers=1] but failed at location BlockPos{x=-1215, y=64, z=975}
[26Jul2026 11:10:40.052] [Server thread/WARN] [net.minecraft.world.level.chunk.LevelChunk/]: Tried to load a DUMMY block entity @ BlockPos{x=-1214, y=64, z=974} but found not block entity block Block{minecraft:snow}[layers=1] at location
[26Jul2026 11:10:40.052] [Server thread/WARN] [net.minecraft.world.level.chunk.LevelChunk/]: Tried to load a block entity for block Block{minecraft:snow}[layers=1] but failed at location BlockPos{x=-1214, y=64, z=974}
[26Jul2026 11:10:43.159] [Server thread/INFO] [net.minecraft.server.MinecraftServer/]: [Axiinyaa: Set own game mode to Spectator Mode]
[26Jul2026 11:10:43.168] [Render thread/INFO] [net.minecraft.client.gui.components.ChatComponent/]: [System] [CHAT] Set own game mode to Spectator Mode
[26Jul2026 11:10:46.743] [Server thread/WARN] [net.minecraft.world.level.chunk.LevelChunk/]: Tried to load a DUMMY block entity @ BlockPos{x=-1508, y=69, z=886} but found not block entity block Block{minecraft:snow}[layers=1] at location
[26Jul2026 11:10:46.743] [Server thread/WARN] [net.minecraft.world.level.chunk.LevelChunk/]: Tried to load a block entity for block Block{minecraft:snow}[layers=1] but failed at location BlockPos{x=-1508, y=69, z=886}
[26Jul2026 11:10:47.464] [Server thread/WARN] [net.minecraft.world.level.chunk.LevelChunk/]: Tried to load a DUMMY block entity @ BlockPos{x=-1244, y=62, z=879} but found not block entity block Block{minecraft:water}[level=1] at location
[26Jul2026 11:10:47.464] [Server thread/WARN] [net.minecraft.world.level.chunk.LevelChunk/]: Tried to load a block entity for block Block{minecraft:water}[level=1] but failed at location BlockPos{x=-1244, y=62, z=879}
[26Jul2026 11:10:47.464] [Server thread/WARN] [net.minecraft.world.level.chunk.LevelChunk/]: Tried to load a DUMMY block entity @ BlockPos{x=-1245, y=62, z=878} but found not block entity block Block{minecraft:snow}[layers=1] at location
[26Jul2026 11:10:47.464] [Server thread/WARN] [net.minecraft.world.level.chunk.LevelChunk/]: Tried to load a block entity for block Block{minecraft:snow}[layers=1] but failed at location BlockPos{x=-1245, y=62, z=878}
[26Jul2026 11:11:15.330] [Render thread/WARN] [Sodium-VertexConsumerTracker/]: Class com.mojang.blaze3d.vertex.VertexMultiConsumer$Double does not support optimized vertex writing code paths, which may cause reduced rendering performance
[26Jul2026 11:11:40.023] [Server thread/INFO] [net.minecraft.server.MinecraftServer/]: Axiinyaa has made the advancement [Minecraft: Trial(s) Edition]
[26Jul2026 11:11:40.031] [Render thread/INFO] [net.minecraft.client.gui.components.ChatComponent/]: [System] [CHAT] Axiinyaa has made the advancement [Minecraft: Trial(s) Edition]
[26Jul2026 11:11:40.072] [Render thread/INFO] [net.minecraft.advancements.AdvancementTree/]: Loaded 493 advancements
[26Jul2026 11:11:41.549] [Render thread/INFO] [Iris/]: Destroying pipeline minecraft:overworld
[26Jul2026 11:11:41.549] [Render thread/INFO] [Iris/]: Shaders are disabled because no valid shaderpack is selected
[26Jul2026 11:11:41.549] [Render thread/INFO] [Iris/]: Creating pipeline for dimension minecraft:overworld
[26Jul2026 11:11:41.549] [Render thread/INFO] [net.minecraft.client.gui.components.ChatComponent/]: [System] [CHAT] Shaders Reloaded!
[26Jul2026 11:11:54.600] [Server thread/INFO] [net.minecraft.server.MinecraftServer/]: [Axiinyaa: Set own game mode to Creative Mode]
[26Jul2026 11:11:54.601] [Render thread/INFO] [net.minecraft.client.gui.components.ChatComponent/]: [System] [CHAT] Set own game mode to Creative Mode
[26Jul2026 11:12:08.854] [Server thread/INFO] [net.minecraft.server.MinecraftServer/]: [Axiinyaa: Set own game mode to Survival Mode]
[26Jul2026 11:12:08.854] [Render thread/INFO] [net.minecraft.client.gui.components.ChatComponent/]: [System] [CHAT] Set own game mode to Survival Mode
[26Jul2026 11:12:13.523] [Render thread/INFO] [net.minecraft.advancements.AdvancementTree/]: Loaded 493 advancements
[26Jul2026 11:12:14.033] [Render thread/INFO] [net.minecraft.advancements.AdvancementTree/]: Loaded 495 advancements
[26Jul2026 11:12:20.224] [Render thread/INFO] [net.minecraft.advancements.AdvancementTree/]: Loaded 496 advancements
[26Jul2026 11:12:29.215] [Server thread/INFO] [net.minecraft.server.MinecraftServer/]: Axiinyaa was shot by Skeleton
[26Jul2026 11:12:29.225] [Render thread/INFO] [net.minecraft.client.gui.components.ChatComponent/]: [System] [CHAT] Axiinyaa was shot by Skeleton
[26Jul2026 11:12:30.825] [Render thread/INFO] [xaero.hud.minimap.MinimapLogs/]: Minimap updated server level id: -1391483088 for world ResourceKey[minecraft:dimension / minecraft:overworld]
[26Jul2026 11:12:31.283] [Render thread/INFO] [xaero.lib.XaeroLib/]: Exception when loading minecraft:vine texture, using material colour.
[26Jul2026 11:12:31.284] [Render thread/INFO] [xaero.lib.XaeroLib/]: No texture minecraft:textures/missingno.png
[26Jul2026 11:12:33.090] [Server thread/INFO] [net.minecraft.server.MinecraftServer/]: [Axiinyaa: Set own game mode to Creative Mode]
[26Jul2026 11:12:33.091] [Render thread/INFO] [net.minecraft.client.gui.components.ChatComponent/]: [System] [CHAT] Set own game mode to Creative Mode
[26Jul2026 11:12:33.658] [Server thread/INFO] [net.minecraft.client.server.IntegratedServer/]: Saving and pausing game...
[26Jul2026 11:12:33.671] [Server thread/INFO] [net.minecraft.server.MinecraftServer/]: Saving chunks for level 'ServerLevel[New World]'/minecraft:overworld
[26Jul2026 11:12:33.671] [Server thread/INFO] [dev.ryanhcode.sable.Sable/]: Saving sub-levels for level 'ServerLevel[New World]'/minecraft:overworld
[26Jul2026 11:12:33.675] [Server thread/INFO] [net.minecraft.server.MinecraftServer/]: Saving chunks for level 'ServerLevel[New World]'/minecraft:the_end
[26Jul2026 11:12:33.675] [Server thread/INFO] [dev.ryanhcode.sable.Sable/]: Saving sub-levels for level 'ServerLevel[New World]'/minecraft:the_end
[26Jul2026 11:12:33.675] [Server thread/INFO] [net.minecraft.server.MinecraftServer/]: Saving chunks for level 'ServerLevel[New World]'/minecraft:the_nether
[26Jul2026 11:12:33.675] [Server thread/INFO] [dev.ryanhcode.sable.Sable/]: Saving sub-levels for level 'ServerLevel[New World]'/minecraft:the_nether
[26Jul2026 11:12:35.483] [CullThread/INFO] [net.minecraft.server.LoggedPrintStream/]: [STDOUT]: Shutting down culling task!
[26Jul2026 11:12:35.491] [Render thread/INFO] [net.minecraft.client.Minecraft/]: Stopping!
[26Jul2026 11:12:35.492] [Netty Local Client IO #1/INFO] [dev.ryanhcode.sable.Sable/]: Client UDP channel inactive
[26Jul2026 11:12:35.492] [Netty Local Client IO #1/INFO] [dev.ryanhcode.sable.Sable/]: Closed UDP channel!
[26Jul2026 11:12:35.492] [Render thread/INFO] [xaero.hud.minimap.MinimapLogs/]: Xaero hud session finalized.
[26Jul2026 11:12:35.492] [Render thread/INFO] [xaero.map.WorldMap/]: Finalizing world map session...
[26Jul2026 11:12:35.537] [Thread-13/INFO] [xaero.map.WorldMap/]: World map cleaned normally!
[26Jul2026 11:12:35.593] [Render thread/INFO] [xaero.map.WorldMap/]: World map session finalized.
[26Jul2026 11:12:35.596] [Render thread/INFO] [EMI/]: [EMI] [TMRV] Dispatching `onRuntimeUnavailable` with default strategy `SYNC_EMI`...
[26Jul2026 11:12:35.596] [Render thread/INFO] [EMI/]: [EMI] [TMRV] Dispatching `onRuntimeUnavailable` took 0ms
[26Jul2026 11:12:35.606] [Render thread/INFO] [voicechat/]: [voicechat] Clearing audio channels
[26Jul2026 11:12:35.621] [Server thread/INFO] [net.minecraft.server.network.ServerGamePacketListenerImpl/]: Axiinyaa lost connection: Disconnected
[26Jul2026 11:12:35.621] [Server thread/INFO] [net.minecraft.server.MinecraftServer/]: Axiinyaa left the game
[26Jul2026 11:12:35.623] [Server thread/INFO] [voicechat/]: [voicechat] Disconnecting client Axiinyaa
[26Jul2026 11:12:35.637] [Server thread/INFO] [net.minecraft.server.network.ServerCommonPacketListenerImpl/]: Stopping singleplayer server as player logged out
[26Jul2026 11:12:35.660] [Render thread/INFO] [voicechat/]: [voicechat] Stopping microphone thread
[26Jul2026 11:12:35.668] [Render thread/INFO] [voicechat/]: [voicechat] Disconnecting voicechat
[26Jul2026 11:12:35.690] [Server thread/INFO] [net.minecraft.server.MinecraftServer/]: Stopping server
[26Jul2026 11:12:35.691] [Server thread/INFO] [net.minecraft.server.MinecraftServer/]: Saving players
[26Jul2026 11:12:35.691] [Server thread/INFO] [net.minecraft.server.MinecraftServer/]: Saving worlds
[26Jul2026 11:12:35.718] [Server thread/INFO] [net.minecraft.server.MinecraftServer/]: Saving chunks for level 'ServerLevel[New World]'/minecraft:overworld
[26Jul2026 11:12:35.718] [Server thread/INFO] [dev.ryanhcode.sable.Sable/]: Saving sub-levels for level 'ServerLevel[New World]'/minecraft:overworld
[26Jul2026 11:12:35.769] [Server thread/INFO] [net.minecraft.server.MinecraftServer/]: Saving chunks for level 'ServerLevel[New World]'/minecraft:the_end
[26Jul2026 11:12:35.769] [Server thread/INFO] [dev.ryanhcode.sable.Sable/]: Saving sub-levels for level 'ServerLevel[New World]'/minecraft:the_end
[26Jul2026 11:12:35.776] [Server thread/INFO] [net.minecraft.server.MinecraftServer/]: Saving chunks for level 'ServerLevel[New World]'/minecraft:the_nether
[26Jul2026 11:12:35.777] [Server thread/INFO] [dev.ryanhcode.sable.Sable/]: Saving sub-levels for level 'ServerLevel[New World]'/minecraft:the_nether
[26Jul2026 11:12:35.787] [Server thread/INFO] [net.minecraft.server.MinecraftServer/]: ThreadedAnvilChunkStorage (New World (2)): All chunks are saved
[26Jul2026 11:12:35.787] [Server thread/INFO] [net.minecraft.server.MinecraftServer/]: ThreadedAnvilChunkStorage (DIM1): All chunks are saved
[26Jul2026 11:12:35.787] [Server thread/INFO] [net.minecraft.server.MinecraftServer/]: ThreadedAnvilChunkStorage (DIM-1): All chunks are saved
[26Jul2026 11:12:35.787] [Server thread/INFO] [net.minecraft.server.MinecraftServer/]: ThreadedAnvilChunkStorage: All dimensions are saved
[26Jul2026 11:12:35.845] [Server thread/INFO] [Puzzles Lib/]: Dispatching unloading event for config pickupnotifier/pickupnotifier-server.toml
[26Jul2026 11:12:35.853] [Render thread/INFO] [ChunkBuilder/]: Stopping worker threads
[26Jul2026 11:12:35.903] [Render thread/INFO] [Entity Texture Features/]: [ETF]: emissive suffixes loaded: [_e]
[26Jul2026 11:12:35.906] [Render thread/INFO] [Entity Texture Features/]: [ETF]: emissive suffixes loaded: [_e]
